{
  "module": "block.0.attn.q_lif",
  "state_shape": [
    64,
    384,
    64
  ],
  "time_steps": 1,
  "numel_sampled": 196608,
  "mean": 0.22275197505950928,
  "std": 1.1072397232055664,
  "min": -5.783917427062988,
  "max": 6.335115432739258,
  "quantiles": {
    "0.00": -5.783917427062988,
    "0.01": -2.3097236156463623,
    "0.05": -1.5657514333724976,
    "0.10": -1.1821144819259644,
    "0.25": -0.5323397517204285,
    "0.50": 0.20783618092536926,
    "0.75": 0.9729315042495728,
    "0.90": 1.653347373008728,
    "0.95": 2.0506608486175537,
    "0.99": 2.8070220947265625,
    "1.00": 6.335115432739258
  },
  "histogram": {
    "counts": [
      1,
      0,
      1,
      0,
      0,
      0,
      0,
      0,
      1,
      0,
      0,
      1,
      2,
      2,
      0,
      2,
      3,
      2,
      7,
      6,
      8,
      13,
      16,
      18,
      26,
      42,
      48,
      62,
      78,
      83,
      112,
      125,
      173,
      247,
      296,
      325,
      401,
      525,
      639,
      770,
      952,
      1113,
      1228,
      1548,
      1829,
      2024,
      2419,
      2726,
      3036,
      3447,
      3703,
      4137,
      4382,
      4904,
      5186,
      5544,
      5830,
      5925,
      6170,
      6482,
      6594,
      6654,
      6586,
      6538,
      6640,
      6407,
      6303,
      6170,
      5910,
      5686,
      5474,
      5084,
      4991,
      4565,
      4209,
      3934,
      3649,
      3302,
      2959,
      2637,
      2339,
      2101,
      1850,
      1562,
      1343,
      1144,
      983,
      844,
      632,
      601,
      445,
      341,
      304,
      243,
      209,
      140,
      119,
      105,
      80,
      67,
      49,
      40,
      31,
      25,
      22,
      21,
      8,
      10,
      4,
      10,
      7,
      2,
      3,
      0,
      1,
      4,
      1,
      2,
      1,
      0,
      0,
      0,
      1,
      0,
      0,
      1,
      0,
      1
    ],
    "bin_edges": [
      -5.783917427062988,
      -5.689237594604492,
      -5.594557762145996,
      -5.499877452850342,
      -5.405197620391846,
      -5.31051778793335,
      -5.2158379554748535,
      -5.121157646179199,
      -5.026477813720703,
      -4.931797981262207,
      -4.837118148803711,
      -4.742437839508057,
      -4.6477580070495605,
      -4.5530781745910645,
      -4.458398342132568,
      -4.363718032836914,
      -4.269038200378418,
      -4.174358367919922,
      -4.079678535461426,
      -3.9849984645843506,
      -3.8903186321258545,
      -3.7956385612487793,
      -3.700958728790283,
      -3.606278657913208,
      -3.511598825454712,
      -3.4169187545776367,
      -3.3222389221191406,
      -3.2275588512420654,
      -3.1328790187835693,
      -3.038198947906494,
      -2.943519115447998,
      -2.848839044570923,
      -2.7541592121124268,
      -2.6594793796539307,
      -2.5647993087768555,
      -2.4701194763183594,
      -2.375439405441284,
      -2.280759572982788,
      -2.186079502105713,
      -2.091399669647217,
      -1.9967195987701416,
      -1.9020397663116455,
      -1.8073598146438599,
      -1.7126798629760742,
      -1.6179999113082886,
      -1.523319959640503,
      -1.4286400079727173,
      -1.3339600563049316,
      -1.239280104637146,
      -1.1446001529693604,
      -1.0499202013015747,
      -0.9552402496337891,
      -0.8605602979660034,
      -0.7658804059028625,
      -0.6712004542350769,
      -0.5765205025672913,
      -0.4818405508995056,
      -0.38716059923171997,
      -0.2924806475639343,
      -0.19780072569847107,
      -0.10312077403068542,
      -0.008440829813480377,
      0.08623911440372467,
      0.18091905117034912,
      0.27559900283813477,
      0.3702789545059204,
      0.46495890617370605,
      0.5596388578414917,
      0.6543188095092773,
      0.7489987015724182,
      0.8436786532402039,
      0.9383586049079895,
      1.03303861618042,
      1.127718448638916,
      1.2223984003067017,
      1.3170783519744873,
      1.411758303642273,
      1.5064382553100586,
      1.6011182069778442,
      1.6957981586456299,
      1.7904781103134155,
      1.8851580619812012,
      1.9798380136489868,
      2.0745179653167725,
      2.1691977977752686,
      2.2638778686523438,
      2.35855770111084,
      2.453237771987915,
      2.547917604446411,
      2.6425976753234863,
      2.7372775077819824,
      2.8319575786590576,
      2.9266374111175537,
      3.021317481994629,
      3.115997314453125,
      3.2106773853302,
      3.3053572177886963,
      3.4000370502471924,
      3.4947171211242676,
      3.5893969535827637,
      3.684077024459839,
      3.778756856918335,
      3.87343692779541,
      3.9681167602539062,
      4.062796592712402,
      4.157476902008057,
      4.252156734466553,
      4.346836566925049,
      4.441516399383545,
      4.536196708679199,
      4.630876541137695,
      4.725556373596191,
      4.8202362060546875,
      4.914916038513184,
      5.009596347808838,
      5.104276180267334,
      5.19895601272583,
      5.293635845184326,
      5.3883161544799805,
      5.482995986938477,
      5.577675819396973,
      5.672355651855469,
      5.767035961151123,
      5.861715793609619,
      5.956395626068115,
      6.051075458526611,
      6.145755767822266,
      6.240435600280762,
      6.335115432739258
    ]
  }
}