{
  "module": "block.1.attn.k_lif",
  "state_shape": [
    64,
    384,
    64
  ],
  "time_steps": 1,
  "numel_sampled": 196608,
  "mean": -0.35487139225006104,
  "std": 0.7667292356491089,
  "min": -4.36368465423584,
  "max": 4.512637615203857,
  "quantiles": {
    "0.00": -4.36368465423584,
    "0.01": -2.042942523956299,
    "0.05": -1.5524835586547852,
    "0.10": -1.302599549293518,
    "0.25": -0.8810204267501831,
    "0.50": -0.38561713695526123,
    "0.75": 0.14372700452804565,
    "0.90": 0.6370489597320557,
    "0.95": 0.9398094415664673,
    "0.99": 1.5556061267852783,
    "1.00": 4.512637615203857
  },
  "histogram": {
    "counts": [
      1,
      0,
      1,
      0,
      0,
      2,
      0,
      0,
      1,
      2,
      0,
      1,
      2,
      3,
      4,
      3,
      12,
      14,
      7,
      19,
      21,
      22,
      27,
      45,
      50,
      69,
      102,
      106,
      153,
      209,
      209,
      315,
      364,
      467,
      616,
      782,
      947,
      1140,
      1419,
      1677,
      2010,
      2355,
      2728,
      3271,
      3578,
      4074,
      4647,
      5068,
      5484,
      5848,
      6138,
      6643,
      6670,
      7003,
      7123,
      7218,
      7025,
      7122,
      7035,
      6847,
      6625,
      6489,
      6211,
      5817,
      5622,
      5213,
      4838,
      4541,
      4059,
      3835,
      3550,
      3112,
      2789,
      2432,
      2167,
      1947,
      1639,
      1442,
      1228,
      1025,
      866,
      700,
      680,
      550,
      441,
      338,
      319,
      250,
      217,
      157,
      140,
      109,
      96,
      88,
      74,
      54,
      41,
      39,
      23,
      22,
      23,
      26,
      12,
      9,
      4,
      10,
      9,
      4,
      7,
      5,
      4,
      4,
      0,
      2,
      1,
      1,
      0,
      1,
      0,
      0,
      0,
      0,
      1,
      0,
      0,
      0,
      0,
      1
    ],
    "bin_edges": [
      -4.36368465423584,
      -4.294338226318359,
      -4.224992275238037,
      -4.155645847320557,
      -4.086299419403076,
      -4.016953468322754,
      -3.9476070404052734,
      -3.878260850906372,
      -3.8089146614074707,
      -3.7395682334899902,
      -3.670222043991089,
      -3.6008758544921875,
      -3.531529426574707,
      -3.4621832370758057,
      -3.3928370475769043,
      -3.323490619659424,
      -3.2541444301605225,
      -3.184798240661621,
      -3.1154518127441406,
      -3.0461056232452393,
      -2.976759433746338,
      -2.9074130058288574,
      -2.838066816329956,
      -2.7687206268310547,
      -2.699374198913574,
      -2.630028009414673,
      -2.5606818199157715,
      -2.49133563041687,
      -2.4219892024993896,
      -2.3526430130004883,
      -2.283296823501587,
      -2.2139503955841064,
      -2.144604206085205,
      -2.0752580165863037,
      -2.0059115886688232,
      -1.9365653991699219,
      -1.8672192096710205,
      -1.7978729009628296,
      -1.7285265922546387,
      -1.6591804027557373,
      -1.5898340940475464,
      -1.5204877853393555,
      -1.451141595840454,
      -1.3817952871322632,
      -1.3124489784240723,
      -1.243102788925171,
      -1.17375648021698,
      -1.1044102907180786,
      -1.0350639820098877,
      -0.9657177329063416,
      -0.8963714838027954,
      -0.8270251750946045,
      -0.7576789259910583,
      -0.6883326768875122,
      -0.6189863681793213,
      -0.5496401190757751,
      -0.480293869972229,
      -0.41094762086868286,
      -0.34160134196281433,
      -0.2722550630569458,
      -0.20290881395339966,
      -0.13356254994869232,
      -0.06421628594398499,
      0.005129978060722351,
      0.07447671890258789,
      0.14382298290729523,
      0.21316924691200256,
      0.2825155258178711,
      0.35186177492141724,
      0.4212080240249634,
      0.4905543029308319,
      0.5599005818367004,
      0.6292468309402466,
      0.6985930800437927,
      0.7679393291473389,
      0.8372856378555298,
      0.9066318869590759,
      0.9759781360626221,
      1.045324444770813,
      1.1146706342697144,
      1.1840169429779053,
      1.2533632516860962,
      1.3227094411849976,
      1.3920557498931885,
      1.4614019393920898,
      1.5307482481002808,
      1.6000945568084717,
      1.669440746307373,
      1.738787055015564,
      1.8081333637237549,
      1.8774795532226562,
      1.9468258619308472,
      2.016172170639038,
      2.0855183601379395,
      2.154864549636841,
      2.2242109775543213,
      2.2935571670532227,
      2.362903356552124,
      2.4322497844696045,
      2.501595973968506,
      2.5709421634674072,
      2.6402885913848877,
      2.709634780883789,
      2.7789809703826904,
      2.848327159881592,
      2.9176735877990723,
      2.9870197772979736,
      3.056365966796875,
      3.1257123947143555,
      3.195058584213257,
      3.264404773712158,
      3.3337512016296387,
      3.40309739112854,
      3.4724435806274414,
      3.541790008544922,
      3.6111361980438232,
      3.6804823875427246,
      3.749828815460205,
      3.8191750049591064,
      3.888521194458008,
      3.9578676223754883,
      4.0272135734558105,
      4.096560001373291,
      4.1659064292907715,
      4.235252380371094,
      4.304598808288574,
      4.373945236206055,
      4.443291187286377,
      4.512637615203857
    ]
  }
}