{
  "module": "block.2.attn.k_lif",
  "state_shape": [
    64,
    384,
    64
  ],
  "time_steps": 1,
  "numel_sampled": 196608,
  "mean": -0.2696605622768402,
  "std": 0.7514553070068359,
  "min": -4.271755695343018,
  "max": 4.055263996124268,
  "quantiles": {
    "0.00": -4.271755695343018,
    "0.01": -1.9509477615356445,
    "0.05": -1.4549908638000488,
    "0.10": -1.2063266038894653,
    "0.25": -0.7834458947181702,
    "0.50": -0.2946231961250305,
    "0.75": 0.22219139337539673,
    "0.90": 0.702041745185852,
    "0.95": 0.9947889447212219,
    "0.99": 1.585172176361084,
    "1.00": 4.055263996124268
  },
  "histogram": {
    "counts": [
      1,
      0,
      1,
      0,
      0,
      0,
      1,
      1,
      1,
      1,
      2,
      0,
      0,
      3,
      4,
      2,
      4,
      4,
      13,
      8,
      11,
      9,
      16,
      26,
      31,
      31,
      41,
      61,
      83,
      96,
      138,
      170,
      219,
      306,
      355,
      471,
      532,
      606,
      809,
      966,
      1190,
      1451,
      1588,
      1995,
      2292,
      2646,
      3087,
      3404,
      3816,
      4205,
      4549,
      5018,
      5331,
      5854,
      5966,
      6192,
      6522,
      6659,
      6831,
      6911,
      6886,
      6772,
      6655,
      6670,
      6495,
      6170,
      5818,
      5599,
      5429,
      5220,
      4690,
      4391,
      4022,
      3665,
      3441,
      3108,
      2873,
      2547,
      2185,
      1922,
      1751,
      1431,
      1321,
      1112,
      964,
      781,
      655,
      588,
      525,
      413,
      335,
      300,
      223,
      215,
      164,
      141,
      103,
      98,
      73,
      60,
      67,
      38,
      29,
      21,
      22,
      20,
      16,
      8,
      9,
      5,
      2,
      8,
      4,
      5,
      2,
      3,
      1,
      0,
      1,
      0,
      1,
      2,
      0,
      1,
      1,
      0,
      0,
      1
    ],
    "bin_edges": [
      -4.271755695343018,
      -4.206700801849365,
      -4.141645908355713,
      -4.0765910148620605,
      -4.011536121368408,
      -3.946481466293335,
      -3.8814265727996826,
      -3.8163719177246094,
      -3.751317024230957,
      -3.6862621307373047,
      -3.6212072372436523,
      -3.55615234375,
      -3.4910976886749268,
      -3.4260427951812744,
      -3.360987901687622,
      -3.2959330081939697,
      -3.2308783531188965,
      -3.165823459625244,
      -3.100768566131592,
      -3.0357136726379395,
      -2.970658779144287,
      -2.905604124069214,
      -2.8405492305755615,
      -2.775494337081909,
      -2.710439443588257,
      -2.6453845500946045,
      -2.5803298950195312,
      -2.515275001525879,
      -2.4502201080322266,
      -2.385165214538574,
      -2.320110559463501,
      -2.2550556659698486,
      -2.1900007724761963,
      -2.124945878982544,
      -2.0598909854888916,
      -1.9948362112045288,
      -1.929781436920166,
      -1.8647265434265137,
      -1.7996717691421509,
      -1.7346168756484985,
      -1.6695621013641357,
      -1.6045072078704834,
      -1.539452314376831,
      -1.4743975400924683,
      -1.409342646598816,
      -1.3442878723144531,
      -1.2792329788208008,
      -1.214178204536438,
      -1.1491233110427856,
      -1.0840684175491333,
      -1.0190136432647705,
      -0.9539588093757629,
      -0.8889039754867554,
      -0.823849081993103,
      -0.7587942481040955,
      -0.6937394142150879,
      -0.6286845803260803,
      -0.5636297464370728,
      -0.4985749125480652,
      -0.43352004885673523,
      -0.36846521496772766,
      -0.3034103810787201,
      -0.23835553228855133,
      -0.17330068349838257,
      -0.108245849609375,
      -0.043191008269786835,
      0.02186383306980133,
      0.0869186744093895,
      0.15197351574897766,
      0.21702834963798523,
      0.2820832133293152,
      0.34713804721832275,
      0.4121928811073303,
      0.4772477149963379,
      0.5423025488853455,
      0.607357382774353,
      0.6724122762680054,
      0.7374671101570129,
      0.8025219440460205,
      0.8675767779350281,
      0.9326316118240356,
      0.9976864457130432,
      1.0627412796020508,
      1.1277961730957031,
      1.192850947380066,
      1.2579058408737183,
      1.322960615158081,
      1.3880155086517334,
      1.4530704021453857,
      1.5181251764297485,
      1.5831800699234009,
      1.6482348442077637,
      1.713289737701416,
      1.7783445119857788,
      1.8433994054794312,
      1.908454179763794,
      1.9735090732574463,
      2.0385639667510986,
      2.103618860244751,
      2.168673515319824,
      2.2337284088134766,
      2.298783302307129,
      2.3638381958007812,
      2.4288928508758545,
      2.493947744369507,
      2.559002637863159,
      2.6240575313568115,
      2.689112424850464,
      2.754167079925537,
      2.8192219734191895,
      2.884276866912842,
      2.949331760406494,
      3.0143866539001465,
      3.0794413089752197,
      3.144496202468872,
      3.2095510959625244,
      3.2746059894561768,
      3.33966064453125,
      3.4047155380249023,
      3.4697704315185547,
      3.534825325012207,
      3.5998802185058594,
      3.6649348735809326,
      3.729989767074585,
      3.7950446605682373,
      3.8600995540618896,
      3.925154209136963,
      3.9902091026306152,
      4.055263996124268
    ]
  }
}