{
  "module": "block.1.attn.v_lif",
  "state_shape": [
    64,
    384,
    64
  ],
  "time_steps": 1,
  "numel_sampled": 196608,
  "mean": -0.08243310451507568,
  "std": 1.167725682258606,
  "min": -5.640002727508545,
  "max": 6.918818950653076,
  "quantiles": {
    "0.00": -5.640002727508545,
    "0.01": -2.6516711711883545,
    "0.05": -1.9155000448226929,
    "0.10": -1.532373309135437,
    "0.25": -0.8934348225593567,
    "0.50": -0.12444137036800385,
    "0.75": 0.6922440528869629,
    "0.90": 1.4396742582321167,
    "0.95": 1.901613473892212,
    "0.99": 2.764653205871582,
    "1.00": 6.918818950653076
  },
  "histogram": {
    "counts": [
      1,
      1,
      0,
      0,
      1,
      0,
      3,
      2,
      2,
      3,
      5,
      8,
      7,
      4,
      7,
      13,
      17,
      35,
      22,
      35,
      48,
      60,
      74,
      94,
      106,
      143,
      198,
      239,
      303,
      338,
      465,
      608,
      712,
      855,
      977,
      1269,
      1457,
      1791,
      2039,
      2376,
      2794,
      3015,
      3581,
      3967,
      4329,
      4548,
      5081,
      5456,
      5592,
      5907,
      6118,
      6324,
      6363,
      6538,
      6518,
      6533,
      6520,
      6388,
      6326,
      6073,
      5912,
      5712,
      5593,
      5247,
      4992,
      4728,
      4422,
      4218,
      3882,
      3429,
      3230,
      2868,
      2629,
      2345,
      2059,
      1890,
      1539,
      1445,
      1290,
      1151,
      949,
      837,
      695,
      603,
      432,
      389,
      341,
      256,
      223,
      172,
      147,
      130,
      123,
      91,
      65,
      73,
      43,
      37,
      28,
      22,
      18,
      13,
      5,
      8,
      11,
      6,
      2,
      5,
      4,
      1,
      1,
      3,
      0,
      1,
      1,
      0,
      1,
      0,
      0,
      0,
      0,
      0,
      0,
      0,
      0,
      1,
      0,
      1
    ],
    "bin_edges": [
      -5.640002727508545,
      -5.541886806488037,
      -5.4437713623046875,
      -5.34565544128418,
      -5.247539520263672,
      -5.149423599243164,
      -5.0513081550598145,
      -4.953192234039307,
      -4.855076313018799,
      -4.756960391998291,
      -4.658844947814941,
      -4.560729026794434,
      -4.462613105773926,
      -4.364497184753418,
      -4.266381740570068,
      -4.1682658195495605,
      -4.070149898529053,
      -3.972034215927124,
      -3.8739185333251953,
      -3.7758026123046875,
      -3.677686929702759,
      -3.579571008682251,
      -3.4814553260803223,
      -3.3833394050598145,
      -3.2852237224578857,
      -3.187107801437378,
      -3.088992118835449,
      -2.9908761978149414,
      -2.8927605152130127,
      -2.794644594192505,
      -2.696528911590576,
      -2.5984129905700684,
      -2.5002973079681396,
      -2.402181625366211,
      -2.304065704345703,
      -2.2059500217437744,
      -2.1078341007232666,
      -2.009718418121338,
      -1.91160249710083,
      -1.8134866952896118,
      -1.7153708934783936,
      -1.6172552108764648,
      -1.5191394090652466,
      -1.4210236072540283,
      -1.32290780544281,
      -1.2247920036315918,
      -1.1266762018203735,
      -1.0285604000091553,
      -0.930444598197937,
      -0.8323287963867188,
      -0.7342129945755005,
      -0.6360971927642822,
      -0.537981390953064,
      -0.4398656189441681,
      -0.3417498469352722,
      -0.24363404512405396,
      -0.1455182433128357,
      -0.04740244895219803,
      0.050713345408439636,
      0.1488291323184967,
      0.24694493412971497,
      0.3450607359409332,
      0.4431765079498291,
      0.5412923097610474,
      0.6394081115722656,
      0.7375239133834839,
      0.8356397151947021,
      0.9337555170059204,
      1.0318713188171387,
      1.129987120628357,
      1.2281029224395752,
      1.3262187242507935,
      1.4243345260620117,
      1.5224502086639404,
      1.6205660104751587,
      1.718681812286377,
      1.8167976140975952,
      1.9149134159088135,
      2.0130293369293213,
      2.11114501953125,
      2.209260940551758,
      2.3073766231536865,
      2.4054923057556152,
      2.503608226776123,
      2.6017239093780518,
      2.6998398303985596,
      2.7979555130004883,
      2.896071434020996,
      2.994187116622925,
      3.0923030376434326,
      3.1904187202453613,
      3.288534641265869,
      3.386650323867798,
      3.4847662448883057,
      3.5828819274902344,
      3.680997848510742,
      3.779113531112671,
      3.8772292137145996,
      3.9753451347351074,
      4.073461055755615,
      4.171576499938965,
      4.269692420959473,
      4.3678083419799805,
      4.465924263000488,
      4.564039707183838,
      4.662155628204346,
      4.7602715492248535,
      4.858387470245361,
      4.956502914428711,
      5.054618835449219,
      5.152734756469727,
      5.250850677490234,
      5.348966121673584,
      5.447082042694092,
      5.5451979637146,
      5.643313407897949,
      5.741429328918457,
      5.839545249938965,
      5.937661170959473,
      6.035776615142822,
      6.13389253616333,
      6.232008457183838,
      6.330124378204346,
      6.428239822387695,
      6.526355743408203,
      6.624471664428711,
      6.722587585449219,
      6.820703029632568,
      6.918818950653076
    ]
  }
}