{
  "module": "block.0.mlp.mlp1_lif",
  "state_shape": [
    64,
    384,
    8,
    8
  ],
  "time_steps": 1,
  "numel_sampled": 196608,
  "mean": -0.1912815421819687,
  "std": 1.4906330108642578,
  "min": -7.818489074707031,
  "max": 6.5124430656433105,
  "quantiles": {
    "0.00": -7.818489074707031,
    "0.01": -3.593127727508545,
    "0.05": -2.5908892154693604,
    "0.10": -2.0720760822296143,
    "0.25": -1.2068254947662354,
    "0.50": -0.21022583544254303,
    "0.75": 0.7954574823379517,
    "0.90": 1.733231782913208,
    "0.95": 2.2958531379699707,
    "0.99": 3.380110740661621,
    "1.00": 6.5124430656433105
  },
  "histogram": {
    "counts": [
      1,
      0,
      0,
      0,
      0,
      0,
      1,
      0,
      1,
      3,
      0,
      3,
      5,
      2,
      2,
      4,
      7,
      4,
      10,
      7,
      9,
      22,
      23,
      27,
      29,
      29,
      38,
      52,
      80,
      80,
      92,
      113,
      151,
      172,
      187,
      251,
      287,
      378,
      427,
      512,
      636,
      704,
      910,
      1002,
      1156,
      1335,
      1553,
      1700,
      2140,
      2215,
      2434,
      2800,
      3013,
      3438,
      3526,
      3908,
      4196,
      4534,
      4681,
      4993,
      5148,
      5238,
      5429,
      5612,
      5719,
      5798,
      5903,
      5852,
      5955,
      5814,
      5772,
      5713,
      5582,
      5493,
      5308,
      4790,
      4768,
      4296,
      4324,
      3951,
      3688,
      3472,
      3053,
      2903,
      2667,
      2466,
      2173,
      2023,
      1826,
      1636,
      1428,
      1220,
      1137,
      900,
      877,
      711,
      716,
      536,
      441,
      415,
      372,
      303,
      243,
      209,
      161,
      140,
      113,
      95,
      79,
      59,
      36,
      37,
      37,
      19,
      12,
      10,
      9,
      11,
      6,
      1,
      4,
      3,
      4,
      6,
      0,
      1,
      1,
      1
    ],
    "bin_edges": [
      -7.818489074707031,
      -7.706528663635254,
      -7.594568252563477,
      -7.482607841491699,
      -7.370647430419922,
      -7.2586870193481445,
      -7.146726608276367,
      -7.03476619720459,
      -6.9228057861328125,
      -6.810845375061035,
      -6.698884963989258,
      -6.5869245529174805,
      -6.474964141845703,
      -6.363003730773926,
      -6.251043319702148,
      -6.139082908630371,
      -6.027122497558594,
      -5.915162086486816,
      -5.803201675415039,
      -5.691241264343262,
      -5.579280853271484,
      -5.467320442199707,
      -5.35536003112793,
      -5.243399620056152,
      -5.131439208984375,
      -5.019478797912598,
      -4.90751838684082,
      -4.795557975769043,
      -4.683597564697266,
      -4.571637153625488,
      -4.459676742553711,
      -4.347716331481934,
      -4.235755920410156,
      -4.123795509338379,
      -4.011835098266602,
      -3.899874687194824,
      -3.787914276123047,
      -3.6759538650512695,
      -3.563993453979492,
      -3.452033042907715,
      -3.3400726318359375,
      -3.22811222076416,
      -3.116151809692383,
      -3.0041913986206055,
      -2.892230987548828,
      -2.780270576477051,
      -2.6683101654052734,
      -2.556349754333496,
      -2.4443893432617188,
      -2.3324289321899414,
      -2.220468521118164,
      -2.1085081100463867,
      -1.9965476989746094,
      -1.884587287902832,
      -1.7726268768310547,
      -1.6606664657592773,
      -1.5487060546875,
      -1.4367456436157227,
      -1.3247852325439453,
      -1.212824821472168,
      -1.1008644104003906,
      -0.9889039993286133,
      -0.8769435882568359,
      -0.7649831771850586,
      -0.6530232429504395,
      -0.5410628318786621,
      -0.42910242080688477,
      -0.3171420097351074,
      -0.20518159866333008,
      -0.09322118759155273,
      0.01873922348022461,
      0.13069963455200195,
      0.2426600456237793,
      0.35462045669555664,
      0.466580867767334,
      0.5785412788391113,
      0.6905016899108887,
      0.802462100982666,
      0.9144225120544434,
      1.0263829231262207,
      1.138343334197998,
      1.2503037452697754,
      1.3622641563415527,
      1.47422456741333,
      1.5861849784851074,
      1.6981453895568848,
      1.810105800628662,
      1.9220662117004395,
      2.034026622772217,
      2.145987033843994,
      2.2579474449157715,
      2.369907855987549,
      2.481868267059326,
      2.5938286781311035,
      2.705789089202881,
      2.817749500274658,
      2.9297099113464355,
      3.041670322418213,
      3.1536307334899902,
      3.2655911445617676,
      3.377551555633545,
      3.4895119667053223,
      3.6014723777770996,
      3.713432788848877,
      3.8253931999206543,
      3.9373536109924316,
      4.049314022064209,
      4.161274433135986,
      4.273234844207764,
      4.385195255279541,
      4.497155666351318,
      4.609116077423096,
      4.721076488494873,
      4.83303689956665,
      4.944997310638428,
      5.056957721710205,
      5.168918132781982,
      5.28087854385376,
      5.392838954925537,
      5.5047993659973145,
      5.616759777069092,
      5.728720188140869,
      5.8406805992126465,
      5.952641010284424,
      6.064601421356201,
      6.1765618324279785,
      6.288522243499756,
      6.400482654571533,
      6.5124430656433105
    ]
  }
}