{
  "module": "block.2.mlp.mlp1_lif",
  "state_shape": [
    64,
    384,
    8,
    8
  ],
  "time_steps": 1,
  "numel_sampled": 196608,
  "mean": -0.24416571855545044,
  "std": 2.0596468448638916,
  "min": -9.570307731628418,
  "max": 9.00791072845459,
  "quantiles": {
    "0.00": -9.570307731628418,
    "0.01": -5.10968542098999,
    "0.05": -3.6598281860351562,
    "0.10": -2.899765729904175,
    "0.25": -1.6281167268753052,
    "0.50": -0.21766793727874756,
    "0.75": 1.1549288034439087,
    "0.90": 2.355297088623047,
    "0.95": 3.083599328994751,
    "0.99": 4.541285514831543,
    "1.00": 9.00791072845459
  },
  "histogram": {
    "counts": [
      1,
      0,
      1,
      2,
      0,
      0,
      2,
      0,
      7,
      4,
      6,
      7,
      8,
      7,
      15,
      10,
      18,
      36,
      37,
      50,
      45,
      65,
      95,
      94,
      115,
      133,
      159,
      214,
      295,
      288,
      347,
      415,
      469,
      515,
      639,
      719,
      857,
      932,
      1073,
      1181,
      1379,
      1571,
      1650,
      1887,
      2133,
      2296,
      2561,
      2745,
      2933,
      3214,
      3385,
      3721,
      3801,
      4073,
      4105,
      4459,
      4619,
      4850,
      4938,
      5024,
      5208,
      5505,
      5429,
      5488,
      5489,
      5562,
      5520,
      5365,
      5294,
      5263,
      5145,
      5034,
      4734,
      4720,
      4386,
      4269,
      3970,
      3712,
      3468,
      3135,
      2916,
      2713,
      2460,
      2247,
      1957,
      1772,
      1567,
      1394,
      1251,
      1076,
      946,
      738,
      677,
      537,
      515,
      491,
      395,
      354,
      303,
      221,
      212,
      164,
      160,
      115,
      93,
      74,
      59,
      48,
      53,
      39,
      40,
      25,
      15,
      8,
      19,
      10,
      12,
      8,
      5,
      7,
      4,
      2,
      0,
      1,
      2,
      0,
      0,
      2
    ],
    "bin_edges": [
      -9.570307731628418,
      -9.425165176391602,
      -9.280022621154785,
      -9.134881019592285,
      -8.989738464355469,
      -8.844595909118652,
      -8.699453353881836,
      -8.554311752319336,
      -8.40916919708252,
      -8.264026641845703,
      -8.118884086608887,
      -7.9737420082092285,
      -7.82859992980957,
      -7.683457374572754,
      -7.538315296173096,
      -7.393172740936279,
      -7.248030662536621,
      -7.102888107299805,
      -6.957745552062988,
      -6.81260347366333,
      -6.667460918426514,
      -6.5223188400268555,
      -6.377176284790039,
      -6.232034206390381,
      -6.0868916511535645,
      -5.941749572753906,
      -5.79660701751709,
      -5.651464939117432,
      -5.506322383880615,
      -5.361180305480957,
      -5.216037750244141,
      -5.070895671844482,
      -4.925753116607666,
      -4.78061056137085,
      -4.635468482971191,
      -4.490325927734375,
      -4.345183849334717,
      -4.2000412940979,
      -4.054899215698242,
      -3.909756898880005,
      -3.7646145820617676,
      -3.619472026824951,
      -3.474329710006714,
      -3.3291873931884766,
      -3.1840450763702393,
      -3.038902759552002,
      -2.8937604427337646,
      -2.7486181259155273,
      -2.60347580909729,
      -2.4583334922790527,
      -2.3131911754608154,
      -2.168048858642578,
      -2.022906541824341,
      -1.877764105796814,
      -1.7326217889785767,
      -1.5874794721603394,
      -1.442337155342102,
      -1.2971948385238647,
      -1.1520525217056274,
      -1.0069102048873901,
      -0.8617678284645081,
      -0.7166255116462708,
      -0.5714831352233887,
      -0.42634081840515137,
      -0.28119850158691406,
      -0.13605616986751556,
      0.009086161851882935,
      0.15422849357128143,
      0.29937082529067993,
      0.44451314210891724,
      0.5896555185317993,
      0.7347978353500366,
      0.8799401521682739,
      1.0250824689865112,
      1.1702247858047485,
      1.3153671026229858,
      1.4605095386505127,
      1.60565185546875,
      1.7507941722869873,
      1.8959364891052246,
      2.041078805923462,
      2.186221122741699,
      2.3313634395599365,
      2.476505756378174,
      2.621648073196411,
      2.7667903900146484,
      2.9119327068328857,
      3.057075023651123,
      3.2022175788879395,
      3.3473598957061768,
      3.492502212524414,
      3.6376445293426514,
      3.7827868461608887,
      3.927929162979126,
      4.073071479797363,
      4.2182135581970215,
      4.363356113433838,
      4.508498668670654,
      4.6536407470703125,
      4.798783302307129,
      4.943925380706787,
      5.0890679359436035,
      5.234210014343262,
      5.379352569580078,
      5.524494647979736,
      5.669637203216553,
      5.814779281616211,
      5.959921836853027,
      6.1050639152526855,
      6.250206470489502,
      6.39534854888916,
      6.540491104125977,
      6.685633659362793,
      6.830775737762451,
      6.975918292999268,
      7.121060371398926,
      7.266202926635742,
      7.4113450050354,
      7.556487560272217,
      7.701629638671875,
      7.846772193908691,
      7.99191427230835,
      8.137056350708008,
      8.282198905944824,
      8.42734146118164,
      8.572484016418457,
      8.717625617980957,
      8.862768173217773,
      9.00791072845459
    ]
  }
}