{
  "module": "block.3.attn.v_lif",
  "state_shape": [
    64,
    384,
    64
  ],
  "time_steps": 1,
  "numel_sampled": 196608,
  "mean": -0.05389799550175667,
  "std": 1.2004655599594116,
  "min": -6.281669616699219,
  "max": 6.065749168395996,
  "quantiles": {
    "0.00": -6.281669616699219,
    "0.01": -2.7366573810577393,
    "0.05": -1.9625977277755737,
    "0.10": -1.5593187808990479,
    "0.25": -0.8695186376571655,
    "0.50": -0.08775277435779572,
    "0.75": 0.731680691242218,
    "0.90": 1.4987950325012207,
    "0.95": 1.9749853610992432,
    "0.99": 2.8891658782958984,
    "1.00": 6.065749168395996
  },
  "histogram": {
    "counts": [
      1,
      0,
      0,
      0,
      1,
      0,
      0,
      0,
      0,
      1,
      1,
      0,
      0,
      0,
      1,
      2,
      5,
      1,
      6,
      7,
      9,
      12,
      16,
      23,
      31,
      26,
      37,
      52,
      79,
      90,
      115,
      161,
      186,
      230,
      269,
      316,
      407,
      524,
      618,
      745,
      903,
      1054,
      1140,
      1470,
      1710,
      1930,
      2170,
      2605,
      2861,
      3080,
      3438,
      3748,
      4189,
      4494,
      4680,
      5153,
      5524,
      5678,
      5967,
      6065,
      6262,
      6283,
      6308,
      6309,
      6398,
      6208,
      6288,
      6010,
      5838,
      5644,
      5377,
      5244,
      4875,
      4595,
      4310,
      4077,
      3767,
      3489,
      3193,
      2905,
      2618,
      2377,
      2014,
      1935,
      1667,
      1580,
      1353,
      1125,
      1038,
      854,
      787,
      638,
      559,
      472,
      396,
      319,
      277,
      267,
      200,
      165,
      148,
      109,
      92,
      89,
      58,
      52,
      33,
      33,
      22,
      21,
      20,
      13,
      11,
      13,
      4,
      7,
      10,
      5,
      7,
      0,
      4,
      1,
      2,
      1,
      0,
      0,
      0,
      1
    ],
    "bin_edges": [
      -6.281669616699219,
      -6.185205459594727,
      -6.088741302490234,
      -5.992277145385742,
      -5.89581298828125,
      -5.7993483543396,
      -5.702884197235107,
      -5.606420040130615,
      -5.509955883026123,
      -5.413491725921631,
      -5.317027568817139,
      -5.2205634117126465,
      -5.124099254608154,
      -5.027635097503662,
      -4.931170463562012,
      -4.8347063064575195,
      -4.738242149353027,
      -4.641777992248535,
      -4.545313835144043,
      -4.448849678039551,
      -4.352385520935059,
      -4.255921363830566,
      -4.159457206726074,
      -4.062992572784424,
      -3.9665286540985107,
      -3.8700644969940186,
      -3.7736001014709473,
      -3.677135944366455,
      -3.580671787261963,
      -3.4842076301574707,
      -3.3877432346343994,
      -3.2912790775299072,
      -3.194814920425415,
      -3.098350763320923,
      -3.0018866062164307,
      -2.9054222106933594,
      -2.808958053588867,
      -2.712493896484375,
      -2.616029739379883,
      -2.5195653438568115,
      -2.4231011867523193,
      -2.326637029647827,
      -2.230172872543335,
      -2.1337087154388428,
      -2.0372443199157715,
      -1.9407801628112793,
      -1.844316005706787,
      -1.7478517293930054,
      -1.6513875722885132,
      -1.554923415184021,
      -1.4584591388702393,
      -1.361994981765747,
      -1.2655307054519653,
      -1.1690665483474731,
      -1.0726022720336914,
      -0.9761381149291992,
      -0.8796738982200623,
      -0.7832096815109253,
      -0.6867454648017883,
      -0.5902812480926514,
      -0.4938170611858368,
      -0.39735284447669983,
      -0.30088865756988525,
      -0.2044244408607483,
      -0.10796022415161133,
      -0.011496014893054962,
      0.0849681943655014,
      0.18143239617347717,
      0.27789661288261414,
      0.3743608295917511,
      0.4708250164985657,
      0.5672892332077026,
      0.6637534499168396,
      0.7602176666259766,
      0.8566818833351135,
      0.9531461000442505,
      1.0496102571487427,
      1.1460745334625244,
      1.2425386905670166,
      1.3390029668807983,
      1.4354671239852905,
      1.5319312810897827,
      1.6283955574035645,
      1.7248597145080566,
      1.8213239908218384,
      1.9177881479263306,
      2.0142524242401123,
      2.1107165813446045,
      2.2071807384490967,
      2.303644895553589,
      2.40010929107666,
      2.4965734481811523,
      2.5930376052856445,
      2.6895017623901367,
      2.785966157913208,
      2.8824303150177,
      2.9788944721221924,
      3.0753586292266846,
      3.1718227863311768,
      3.268287181854248,
      3.3647513389587402,
      3.4612154960632324,
      3.5576796531677246,
      3.654144048690796,
      3.750608205795288,
      3.8470723628997803,
      3.9435365200042725,
      4.040000915527344,
      4.136465072631836,
      4.232929229736328,
      4.32939338684082,
      4.4258575439453125,
      4.522321701049805,
      4.618785858154297,
      4.715250015258789,
      4.8117146492004395,
      4.908178806304932,
      5.004642963409424,
      5.101107120513916,
      5.197571277618408,
      5.2940354347229,
      5.390499591827393,
      5.486963748931885,
      5.583427906036377,
      5.679892539978027,
      5.7763566970825195,
      5.872820854187012,
      5.969285011291504,
      6.065749168395996
    ]
  }
}