{
  "module": "block.0.mlp.mlp2_lif",
  "state_shape": [
    64,
    1536,
    8,
    8
  ],
  "time_steps": 1,
  "numel_sampled": 196608,
  "mean": -0.7593696713447571,
  "std": 0.9370898008346558,
  "min": -5.380109786987305,
  "max": 3.58671236038208,
  "quantiles": {
    "0.00": -5.380109786987305,
    "0.01": -2.902573823928833,
    "0.05": -2.2560412883758545,
    "0.10": -1.927109956741333,
    "0.25": -1.3901422023773193,
    "0.50": -0.7850203514099121,
    "0.75": -0.15041011571884155,
    "0.90": 0.45036622881889343,
    "0.95": 0.819325864315033,
    "0.99": 1.5470645427703857,
    "1.00": 3.58671236038208
  },
  "histogram": {
    "counts": [
      1,
      0,
      0,
      1,
      0,
      1,
      0,
      1,
      3,
      2,
      1,
      1,
      1,
      4,
      4,
      7,
      7,
      8,
      14,
      16,
      17,
      21,
      21,
      36,
      41,
      59,
      75,
      76,
      115,
      122,
      170,
      162,
      230,
      284,
      336,
      388,
      418,
      562,
      615,
      709,
      878,
      966,
      1208,
      1369,
      1511,
      1811,
      1919,
      2268,
      2398,
      2785,
      3026,
      3346,
      3722,
      4077,
      4180,
      4496,
      4906,
      4974,
      5278,
      5627,
      5680,
      5834,
      5893,
      5993,
      6124,
      5979,
      5866,
      5914,
      5784,
      5587,
      5488,
      5258,
      4928,
      4876,
      4462,
      4343,
      4009,
      3824,
      3597,
      3296,
      2990,
      2771,
      2594,
      2450,
      1998,
      2008,
      1744,
      1523,
      1354,
      1217,
      1082,
      967,
      823,
      693,
      610,
      569,
      502,
      434,
      349,
      317,
      263,
      242,
      193,
      170,
      125,
      103,
      107,
      77,
      67,
      42,
      44,
      33,
      23,
      24,
      19,
      20,
      12,
      10,
      2,
      8,
      6,
      2,
      2,
      4,
      3,
      2,
      0,
      1
    ],
    "bin_edges": [
      -5.380109786987305,
      -5.310056686401367,
      -5.2400031089782715,
      -5.169950008392334,
      -5.099896430969238,
      -5.029843330383301,
      -4.959790229797363,
      -4.889736652374268,
      -4.81968355178833,
      -4.749629974365234,
      -4.679576873779297,
      -4.609523773193359,
      -4.539470195770264,
      -4.469417095184326,
      -4.3993635177612305,
      -4.329310417175293,
      -4.2592573165893555,
      -4.18920373916626,
      -4.119150638580322,
      -4.049097061157227,
      -3.979043960571289,
      -3.9089906215667725,
      -3.838937282562256,
      -3.7688839435577393,
      -3.6988306045532227,
      -3.628777503967285,
      -3.5587241649627686,
      -3.488670825958252,
      -3.4186174869537354,
      -3.3485641479492188,
      -3.2785110473632812,
      -3.2084577083587646,
      -3.138404369354248,
      -3.0683510303497314,
      -2.998297691345215,
      -2.9282445907592773,
      -2.8581912517547607,
      -2.788137912750244,
      -2.7180845737457275,
      -2.648031234741211,
      -2.5779781341552734,
      -2.507924795150757,
      -2.4378714561462402,
      -2.3678181171417236,
      -2.297764778137207,
      -2.2277114391326904,
      -2.157658338546753,
      -2.0876049995422363,
      -2.0175516605377197,
      -1.9474983215332031,
      -1.877445101737976,
      -1.8073917627334595,
      -1.7373385429382324,
      -1.6672852039337158,
      -1.5972318649291992,
      -1.5271786451339722,
      -1.4571253061294556,
      -1.387071967124939,
      -1.317018747329712,
      -1.2469654083251953,
      -1.1769120693206787,
      -1.1068588495254517,
      -1.036805510520935,
      -0.9667522311210632,
      -0.8966984748840332,
      -0.8266451954841614,
      -0.7565919160842896,
      -0.686538577079773,
      -0.6164852976799011,
      -0.5464320182800293,
      -0.4763787090778351,
      -0.40632539987564087,
      -0.33627212047576904,
      -0.2662188410758972,
      -0.196165531873703,
      -0.12611223757266998,
      -0.05605894327163696,
      0.013994351029396057,
      0.08404764533042908,
      0.1541009396314621,
      0.22415423393249512,
      0.29420751333236694,
      0.36426082253456116,
      0.43431413173675537,
      0.5043674111366272,
      0.574420690536499,
      0.6444740295410156,
      0.7145273089408875,
      0.7845805883407593,
      0.8546338677406311,
      0.9246871471405029,
      0.9947404861450195,
      1.0647938251495361,
      1.1348470449447632,
      1.2049003839492798,
      1.2749536037445068,
      1.3450069427490234,
      1.41506028175354,
      1.485113501548767,
      1.5551668405532837,
      1.6252200603485107,
      1.6952733993530273,
      1.765326738357544,
      1.835379958152771,
      1.9054332971572876,
      1.9754866361618042,
      2.0455398559570312,
      2.115593194961548,
      2.1856465339660645,
      2.255699872970581,
      2.3257529735565186,
      2.395806312561035,
      2.4658596515655518,
      2.5359129905700684,
      2.605966329574585,
      2.6760194301605225,
      2.746072769165039,
      2.8161261081695557,
      2.8861794471740723,
      2.956232786178589,
      3.0262861251831055,
      3.096339225769043,
      3.1663925647735596,
      3.236445903778076,
      3.3064992427825928,
      3.3765525817871094,
      3.446605682373047,
      3.5166590213775635,
      3.58671236038208
    ]
  }
}