{
  "module": "block.3.mlp.mlp1_lif",
  "state_shape": [
    64,
    384,
    8,
    8
  ],
  "time_steps": 1,
  "numel_sampled": 196608,
  "mean": -0.01573835127055645,
  "std": 2.180495500564575,
  "min": -11.91162109375,
  "max": 11.01131534576416,
  "quantiles": {
    "0.00": -11.91162109375,
    "0.01": -5.336320400238037,
    "0.05": -3.6986019611358643,
    "0.10": -2.858532428741455,
    "0.25": -1.4623281955718994,
    "0.50": 0.058137789368629456,
    "0.75": 1.4887361526489258,
    "0.90": 2.6951510906219482,
    "0.95": 3.4220330715179443,
    "0.99": 4.861302375793457,
    "1.00": 11.01131534576416
  },
  "histogram": {
    "counts": [
      1,
      0,
      0,
      0,
      0,
      1,
      0,
      1,
      1,
      0,
      2,
      1,
      1,
      3,
      3,
      2,
      5,
      7,
      6,
      7,
      8,
      12,
      26,
      30,
      26,
      53,
      48,
      61,
      78,
      102,
      115,
      152,
      176,
      200,
      255,
      326,
      358,
      392,
      515,
      603,
      716,
      888,
      973,
      1117,
      1343,
      1439,
      1730,
      1863,
      2192,
      2348,
      2648,
      2928,
      3185,
      3412,
      3844,
      4114,
      4505,
      4667,
      4902,
      5242,
      5302,
      5724,
      5798,
      6094,
      6173,
      6359,
      6274,
      6344,
      6359,
      6270,
      6352,
      6236,
      6047,
      5900,
      5554,
      5202,
      5041,
      4645,
      4303,
      3926,
      3563,
      3194,
      2765,
      2435,
      2155,
      1782,
      1585,
      1324,
      1143,
      930,
      763,
      635,
      533,
      439,
      358,
      294,
      235,
      209,
      169,
      118,
      101,
      81,
      60,
      48,
      32,
      22,
      23,
      18,
      14,
      10,
      8,
      5,
      6,
      3,
      3,
      1,
      2,
      1,
      1,
      0,
      0,
      1,
      2,
      0,
      0,
      0,
      0,
      1
    ],
    "bin_edges": [
      -11.91162109375,
      -11.732535362243652,
      -11.553450584411621,
      -11.374364852905273,
      -11.195279121398926,
      -11.016194343566895,
      -10.837108612060547,
      -10.6580228805542,
      -10.478937149047852,
      -10.29985237121582,
      -10.120766639709473,
      -9.941680908203125,
      -9.762596130371094,
      -9.583510398864746,
      -9.404424667358398,
      -9.225339889526367,
      -9.04625415802002,
      -8.867168426513672,
      -8.68808364868164,
      -8.508997917175293,
      -8.329912185668945,
      -8.150827407836914,
      -7.971741676330566,
      -7.792655944824219,
      -7.613570690155029,
      -7.43448543548584,
      -7.255399703979492,
      -7.076314449310303,
      -6.897229194641113,
      -6.718143463134766,
      -6.539058208465576,
      -6.3599724769592285,
      -6.180887222290039,
      -6.00180196762085,
      -5.822716236114502,
      -5.6436309814453125,
      -5.464545249938965,
      -5.285459995269775,
      -5.106374740600586,
      -4.927289009094238,
      -4.748203754425049,
      -4.569118499755859,
      -4.390032768249512,
      -4.210947513580322,
      -4.031862258911133,
      -3.852776527404785,
      -3.6736912727355957,
      -3.494605779647827,
      -3.3155202865600586,
      -3.13643479347229,
      -2.9573493003845215,
      -2.778264045715332,
      -2.5991785526275635,
      -2.420093059539795,
      -2.2410078048706055,
      -2.061922311782837,
      -1.8828368186950684,
      -1.7037513256072998,
      -1.5246659517288208,
      -1.3455805778503418,
      -1.1664950847625732,
      -0.9874096512794495,
      -0.8083242177963257,
      -0.6292387843132019,
      -0.4501523971557617,
      -0.27106696367263794,
      -0.09198153018951416,
      0.08710390329360962,
      0.2661893367767334,
      0.4452747702598572,
      0.624360203742981,
      0.8034456372261047,
      0.9825310707092285,
      1.161616563796997,
      1.340701937675476,
      1.519787311553955,
      1.6988728046417236,
      1.8779582977294922,
      2.0570435523986816,
      2.23612904548645,
      2.4152145385742188,
      2.5943000316619873,
      2.773385524749756,
      2.9524707794189453,
      3.131556272506714,
      3.3106417655944824,
      3.489727020263672,
      3.6688125133514404,
      3.847898006439209,
      4.026983261108398,
      4.206068992614746,
      4.3851542472839355,
      4.564239501953125,
      4.743325233459473,
      4.922410488128662,
      5.10149621963501,
      5.280581474304199,
      5.459666728973389,
      5.638752460479736,
      5.817837715148926,
      5.996923446655273,
      6.176008701324463,
      6.355093955993652,
      6.5341796875,
      6.7132649421691895,
      6.892350196838379,
      7.071435928344727,
      7.250521183013916,
      7.4296064376831055,
      7.608692169189453,
      7.787777423858643,
      7.96686315536499,
      8.14594841003418,
      8.325034141540527,
      8.504118919372559,
      8.683204650878906,
      8.862290382385254,
      9.041375160217285,
      9.220460891723633,
      9.39954662322998,
      9.578632354736328,
      9.75771713256836,
      9.936802864074707,
      10.115888595581055,
      10.294973373413086,
      10.474059104919434,
      10.653144836425781,
      10.832229614257812,
      11.01131534576416
    ]
  }
}