{
  "module": "block.1.mlp.mlp1_lif",
  "state_shape": [
    64,
    384,
    8,
    8
  ],
  "time_steps": 1,
  "numel_sampled": 196608,
  "mean": -0.2926589548587799,
  "std": 1.8369241952896118,
  "min": -8.761014938354492,
  "max": 8.266361236572266,
  "quantiles": {
    "0.00": -8.761014938354492,
    "0.01": -4.54265022277832,
    "0.05": -3.3174691200256348,
    "0.10": -2.6503708362579346,
    "0.25": -1.5384682416915894,
    "0.50": -0.28845566511154175,
    "0.75": 0.9477579593658447,
    "0.90": 2.0519051551818848,
    "0.95": 2.729060411453247,
    "0.99": 3.981745719909668,
    "1.00": 8.266361236572266
  },
  "histogram": {
    "counts": [
      1,
      0,
      0,
      1,
      1,
      0,
      1,
      1,
      1,
      2,
      2,
      2,
      8,
      8,
      10,
      9,
      16,
      18,
      19,
      34,
      40,
      43,
      65,
      83,
      93,
      120,
      137,
      211,
      216,
      259,
      299,
      369,
      414,
      549,
      600,
      718,
      779,
      1037,
      1074,
      1249,
      1465,
      1533,
      1779,
      1989,
      2138,
      2434,
      2731,
      2929,
      3084,
      3354,
      3602,
      3889,
      4089,
      4315,
      4529,
      4751,
      4927,
      5066,
      5281,
      5395,
      5494,
      5434,
      5626,
      5733,
      5589,
      5718,
      5634,
      5474,
      5273,
      5230,
      5142,
      4883,
      4528,
      4409,
      4185,
      4028,
      3660,
      3466,
      3271,
      2934,
      2727,
      2477,
      2219,
      1988,
      1715,
      1637,
      1414,
      1241,
      1117,
      972,
      848,
      753,
      670,
      586,
      479,
      382,
      321,
      264,
      247,
      186,
      165,
      151,
      105,
      99,
      74,
      64,
      53,
      41,
      31,
      19,
      17,
      9,
      14,
      13,
      8,
      7,
      3,
      3,
      3,
      2,
      0,
      1,
      0,
      0,
      1,
      0,
      1,
      1
    ],
    "bin_edges": [
      -8.761014938354492,
      -8.627988815307617,
      -8.494961738586426,
      -8.36193561553955,
      -8.228909492492676,
      -8.0958833694458,
      -7.962856769561768,
      -7.829830169677734,
      -7.696804046630859,
      -7.563777446746826,
      -7.430751323699951,
      -7.297724723815918,
      -7.164698600769043,
      -7.03167200088501,
      -6.898645877838135,
      -6.765619277954102,
      -6.632593154907227,
      -6.499566555023193,
      -6.36653995513916,
      -6.233513832092285,
      -6.100487232208252,
      -5.967461109161377,
      -5.834434509277344,
      -5.701408386230469,
      -5.5683817863464355,
      -5.4353556632995605,
      -5.302329063415527,
      -5.169302940368652,
      -5.036276340484619,
      -4.903250217437744,
      -4.770223617553711,
      -4.637197494506836,
      -4.504170894622803,
      -4.3711442947387695,
      -4.2381181716918945,
      -4.105091571807861,
      -3.9720654487609863,
      -3.8390390872955322,
      -3.706012725830078,
      -3.572986364364624,
      -3.43996000289917,
      -3.3069334030151367,
      -3.1739070415496826,
      -3.0408806800842285,
      -2.9078543186187744,
      -2.7748279571533203,
      -2.641801595687866,
      -2.508775234222412,
      -2.375748872756958,
      -2.242722511291504,
      -2.10969614982605,
      -1.9766697883605957,
      -1.8436434268951416,
      -1.710616946220398,
      -1.5775905847549438,
      -1.4445642232894897,
      -1.3115378618240356,
      -1.1785115003585815,
      -1.0454851388931274,
      -0.9124587178230286,
      -0.7794323563575745,
      -0.6464059948921204,
      -0.5133795738220215,
      -0.3803532123565674,
      -0.24732685089111328,
      -0.11430047452449799,
      0.01872590184211731,
      0.1517522782087326,
      0.2847786545753479,
      0.417805016040802,
      0.5508314371109009,
      0.683857798576355,
      0.8168841600418091,
      0.9499105215072632,
      1.0829368829727173,
      1.2159632444381714,
      1.348989725112915,
      1.4820160865783691,
      1.6150424480438232,
      1.7480688095092773,
      1.8810951709747314,
      2.0141215324401855,
      2.1471478939056396,
      2.2801742553710938,
      2.413200616836548,
      2.546226978302002,
      2.679253339767456,
      2.81227970123291,
      2.9453063011169434,
      3.0783326625823975,
      3.2113590240478516,
      3.3443853855133057,
      3.4774117469787598,
      3.610438108444214,
      3.743464469909668,
      3.876490831375122,
      4.009517192840576,
      4.142543792724609,
      4.275569915771484,
      4.408596515655518,
      4.541622638702393,
      4.674649238586426,
      4.807675361633301,
      4.940701961517334,
      5.073728084564209,
      5.206754684448242,
      5.339780807495117,
      5.47280740737915,
      5.605833530426025,
      5.738860130310059,
      5.871886253356934,
      6.004912853240967,
      6.137939453125,
      6.270965576171875,
      6.403992176055908,
      6.537018299102783,
      6.670044898986816,
      6.803071022033691,
      6.936097621917725,
      7.0691237449646,
      7.202150344848633,
      7.335176467895508,
      7.468203067779541,
      7.601229190826416,
      7.734255790710449,
      7.867281913757324,
      8.0003080368042,
      8.13333511352539,
      8.266361236572266
    ]
  }
}