{
  "module": "block.2.attn.q_lif",
  "state_shape": [
    64,
    384,
    64
  ],
  "time_steps": 1,
  "numel_sampled": 196608,
  "mean": 0.16047029197216034,
  "std": 0.9294164776802063,
  "min": -3.8628666400909424,
  "max": 5.627002239227295,
  "quantiles": {
    "0.00": -3.8628666400909424,
    "0.01": -1.9721240997314453,
    "0.05": -1.3507548570632935,
    "0.10": -1.0237629413604736,
    "0.25": -0.47727805376052856,
    "0.50": 0.15213488042354584,
    "0.75": 0.7904662489891052,
    "0.90": 1.352734923362732,
    "0.95": 1.6917829513549805,
    "0.99": 2.335538625717163,
    "1.00": 5.627002239227295
  },
  "histogram": {
    "counts": [
      1,
      1,
      2,
      2,
      2,
      5,
      4,
      6,
      11,
      6,
      15,
      9,
      32,
      35,
      41,
      36,
      68,
      71,
      97,
      119,
      130,
      205,
      223,
      299,
      334,
      437,
      500,
      633,
      695,
      792,
      981,
      1182,
      1466,
      1583,
      1737,
      2014,
      2455,
      2608,
      2910,
      3179,
      3590,
      3947,
      4207,
      4502,
      4700,
      4924,
      5144,
      5318,
      5651,
      5914,
      6037,
      6145,
      6132,
      6217,
      6180,
      6067,
      5938,
      5921,
      5742,
      5596,
      5514,
      5363,
      4932,
      4749,
      4516,
      4136,
      3904,
      3621,
      3427,
      2961,
      2749,
      2440,
      2140,
      1973,
      1680,
      1444,
      1329,
      1107,
      979,
      849,
      680,
      573,
      520,
      393,
      336,
      267,
      226,
      202,
      166,
      137,
      110,
      83,
      72,
      50,
      36,
      26,
      23,
      28,
      14,
      6,
      8,
      17,
      6,
      4,
      1,
      1,
      1,
      0,
      4,
      1,
      0,
      1,
      0,
      0,
      2,
      0,
      1,
      0,
      1,
      0,
      0,
      0,
      0,
      0,
      0,
      0,
      0,
      1
    ],
    "bin_edges": [
      -3.8628666400909424,
      -3.788727045059204,
      -3.714587450027466,
      -3.6404478549957275,
      -3.5663082599639893,
      -3.492168664932251,
      -3.4180290699005127,
      -3.3438894748687744,
      -3.269749879837036,
      -3.195610284805298,
      -3.1214706897735596,
      -3.0473310947418213,
      -2.973191499710083,
      -2.8990519046783447,
      -2.8249123096466064,
      -2.750772714614868,
      -2.676632881164551,
      -2.6024932861328125,
      -2.528353691101074,
      -2.454214096069336,
      -2.3800745010375977,
      -2.3059349060058594,
      -2.231795310974121,
      -2.157655715942383,
      -2.0835161209106445,
      -2.0093765258789062,
      -1.935236930847168,
      -1.8610973358154297,
      -1.7869577407836914,
      -1.7128181457519531,
      -1.6386785507202148,
      -1.5645389556884766,
      -1.4903993606567383,
      -1.416259765625,
      -1.3421201705932617,
      -1.2679805755615234,
      -1.1938409805297852,
      -1.1197013854980469,
      -1.0455617904663086,
      -0.9714221358299255,
      -0.8972825407981873,
      -0.823142945766449,
      -0.7490033507347107,
      -0.6748637557029724,
      -0.6007241010665894,
      -0.5265845060348511,
      -0.4524449110031128,
      -0.3783053159713745,
      -0.30416572093963623,
      -0.23002612590789795,
      -0.15588651597499847,
      -0.0817469134926796,
      -0.007607311010360718,
      0.06653229147195816,
      0.14067189395427704,
      0.2148115038871765,
      0.2889510989189148,
      0.3630906939506531,
      0.43723028898239136,
      0.5113698840141296,
      0.5855095386505127,
      0.659649133682251,
      0.7337887287139893,
      0.8079283237457275,
      0.8820676803588867,
      0.956207275390625,
      1.0303468704223633,
      1.1044864654541016,
      1.1786260604858398,
      1.2527656555175781,
      1.3269052505493164,
      1.4010448455810547,
      1.475184440612793,
      1.5493241548538208,
      1.623463749885559,
      1.6976033449172974,
      1.7717429399490356,
      1.845882534980774,
      1.9200221300125122,
      1.9941617250442505,
      2.068301200866699,
      2.1424410343170166,
      2.216580629348755,
      2.290720224380493,
      2.3648598194122314,
      2.4389994144439697,
      2.513139009475708,
      2.5872786045074463,
      2.6614181995391846,
      2.735557794570923,
      2.809697389602661,
      2.8838369846343994,
      2.9579765796661377,
      3.032116174697876,
      3.1062557697296143,
      3.1803953647613525,
      3.254534959793091,
      3.328674554824829,
      3.4028141498565674,
      3.4769537448883057,
      3.551093339920044,
      3.6252329349517822,
      3.6993725299835205,
      3.773512125015259,
      3.847651720046997,
      3.9217913150787354,
      3.9959309101104736,
      4.070070743560791,
      4.144210338592529,
      4.218349933624268,
      4.292489528656006,
      4.366629123687744,
      4.440768718719482,
      4.514908313751221,
      4.589047908782959,
      4.663187503814697,
      4.7373270988464355,
      4.811466693878174,
      4.885606288909912,
      4.95974588394165,
      5.033885478973389,
      5.108025074005127,
      5.182164669036865,
      5.2563042640686035,
      5.330443859100342,
      5.40458345413208,
      5.478723049163818,
      5.552862644195557,
      5.627002239227295
    ]
  }
}