{
  "module": "block.3.attn.k_lif",
  "state_shape": [
    64,
    384,
    64
  ],
  "time_steps": 1,
  "numel_sampled": 196608,
  "mean": -0.26607105135917664,
  "std": 0.8145123720169067,
  "min": -4.007811069488525,
  "max": 6.106438636779785,
  "quantiles": {
    "0.00": -4.007811069488525,
    "0.01": -2.0706188678741455,
    "0.05": -1.550087809562683,
    "0.10": -1.2800841331481934,
    "0.25": -0.8222765922546387,
    "0.50": -0.29443252086639404,
    "0.75": 0.2645348012447357,
    "0.90": 0.7873584628105164,
    "0.95": 1.1102218627929688,
    "0.99": 1.7475659847259521,
    "1.00": 6.106438636779785
  },
  "histogram": {
    "counts": [
      1,
      1,
      1,
      3,
      0,
      3,
      3,
      3,
      4,
      8,
      13,
      6,
      17,
      20,
      48,
      39,
      52,
      71,
      103,
      152,
      199,
      238,
      347,
      390,
      487,
      689,
      815,
      1052,
      1355,
      1578,
      1916,
      2326,
      2734,
      3203,
      3588,
      4191,
      4571,
      5161,
      5568,
      6184,
      6528,
      6988,
      7265,
      7367,
      7531,
      7852,
      7667,
      7775,
      7576,
      7119,
      7015,
      6785,
      6375,
      6051,
      5826,
      5200,
      4713,
      4400,
      3920,
      3622,
      3177,
      2832,
      2519,
      2117,
      1804,
      1601,
      1400,
      1138,
      986,
      766,
      657,
      557,
      440,
      347,
      276,
      252,
      176,
      159,
      122,
      121,
      87,
      67,
      39,
      45,
      48,
      39,
      24,
      20,
      16,
      12,
      8,
      6,
      6,
      6,
      4,
      3,
      2,
      6,
      1,
      0,
      0,
      0,
      2,
      1,
      0,
      0,
      0,
      2,
      0,
      0,
      0,
      0,
      0,
      1,
      0,
      0,
      0,
      0,
      0,
      0,
      0,
      0,
      0,
      0,
      0,
      0,
      0,
      1
    ],
    "bin_edges": [
      -4.007811069488525,
      -3.928793430328369,
      -3.849775791168213,
      -3.7707583904266357,
      -3.6917407512664795,
      -3.6127231121063232,
      -3.533705711364746,
      -3.45468807220459,
      -3.3756704330444336,
      -3.2966527938842773,
      -3.217635154724121,
      -3.138617753982544,
      -3.0596001148223877,
      -2.9805824756622314,
      -2.9015650749206543,
      -2.822547435760498,
      -2.743529796600342,
      -2.6645121574401855,
      -2.5854945182800293,
      -2.506477117538452,
      -2.427459478378296,
      -2.3484418392181396,
      -2.2694244384765625,
      -2.1904067993164062,
      -2.11138916015625,
      -2.0323715209960938,
      -1.953354001045227,
      -1.8743364810943604,
      -1.795318841934204,
      -1.7163012027740479,
      -1.6372836828231812,
      -1.5582661628723145,
      -1.4792485237121582,
      -1.400230884552002,
      -1.3212133646011353,
      -1.2421958446502686,
      -1.1631782054901123,
      -1.084160566329956,
      -1.0051430463790894,
      -0.9261254668235779,
      -0.8471078872680664,
      -0.7680903077125549,
      -0.6890727281570435,
      -0.610055148601532,
      -0.5310375690460205,
      -0.45201998949050903,
      -0.37300240993499756,
      -0.2939848303794861,
      -0.2149672508239746,
      -0.13594967126846313,
      -0.05693209171295166,
      0.022085487842559814,
      0.10110306739807129,
      0.18012064695358276,
      0.25913822650909424,
      0.3381558060646057,
      0.4171733856201172,
      0.49619096517562866,
      0.5752085447311401,
      0.6542261242866516,
      0.7332437038421631,
      0.8122612833976746,
      0.891278862953186,
      0.9702964425086975,
      1.0493135452270508,
      1.128331184387207,
      1.2073487043380737,
      1.2863662242889404,
      1.3653838634490967,
      1.444401502609253,
      1.5234190225601196,
      1.6024365425109863,
      1.6814541816711426,
      1.7604718208312988,
      1.8394893407821655,
      1.9185068607330322,
      1.9975244998931885,
      2.0765421390533447,
      2.155559539794922,
      2.234577178955078,
      2.3135948181152344,
      2.3926124572753906,
      2.471630096435547,
      2.550647497177124,
      2.6296651363372803,
      2.7086827754974365,
      2.7877001762390137,
      2.86671781539917,
      2.945735454559326,
      3.0247530937194824,
      3.1037707328796387,
      3.182788133621216,
      3.261805772781372,
      3.3408234119415283,
      3.4198408126831055,
      3.4988584518432617,
      3.577876091003418,
      3.656893730163574,
      3.7359113693237305,
      3.8149287700653076,
      3.893946409225464,
      3.97296404838562,
      4.051981449127197,
      4.1309990882873535,
      4.21001672744751,
      4.289034366607666,
      4.368052005767822,
      4.4470696449279785,
      4.526086807250977,
      4.605104446411133,
      4.684122085571289,
      4.763139724731445,
      4.842157363891602,
      4.921175003051758,
      5.000192642211914,
      5.07921028137207,
      5.158227920532227,
      5.237245082855225,
      5.316262722015381,
      5.395280361175537,
      5.474298000335693,
      5.55331563949585,
      5.632333278656006,
      5.711350917816162,
      5.79036808013916,
      5.869385719299316,
      5.948403358459473,
      6.027420997619629,
      6.106438636779785
    ]
  }
}