{
  "module": "block.3.attn.q_lif",
  "state_shape": [
    64,
    384,
    64
  ],
  "time_steps": 1,
  "numel_sampled": 196608,
  "mean": 0.1360516995191574,
  "std": 0.9245462417602539,
  "min": -3.682262659072876,
  "max": 5.455233573913574,
  "quantiles": {
    "0.00": -3.682262659072876,
    "0.01": -1.9508830308914185,
    "0.05": -1.3561177253723145,
    "0.10": -1.0457336902618408,
    "0.25": -0.4986565411090851,
    "0.50": 0.13010063767433167,
    "0.75": 0.7567035555839539,
    "0.90": 1.318349838256836,
    "0.95": 1.661893367767334,
    "0.99": 2.3372318744659424,
    "1.00": 5.455233573913574
  },
  "histogram": {
    "counts": [
      2,
      3,
      0,
      5,
      3,
      5,
      6,
      3,
      18,
      17,
      19,
      30,
      21,
      44,
      27,
      67,
      71,
      107,
      126,
      159,
      205,
      257,
      296,
      370,
      446,
      542,
      649,
      781,
      943,
      1019,
      1210,
      1453,
      1647,
      1992,
      2135,
      2449,
      2719,
      3003,
      3287,
      3470,
      3803,
      4039,
      4271,
      4577,
      4833,
      5053,
      5210,
      5485,
      5728,
      5728,
      5767,
      5837,
      5921,
      6018,
      6074,
      5911,
      5824,
      5727,
      5497,
      5324,
      5294,
      5030,
      4765,
      4513,
      4108,
      3963,
      3707,
      3401,
      2976,
      2813,
      2521,
      2192,
      2031,
      1863,
      1573,
      1427,
      1210,
      1052,
      914,
      771,
      682,
      582,
      494,
      396,
      368,
      315,
      219,
      198,
      180,
      133,
      102,
      106,
      92,
      69,
      48,
      54,
      29,
      28,
      32,
      20,
      24,
      13,
      15,
      5,
      7,
      7,
      7,
      8,
      4,
      4,
      2,
      1,
      1,
      0,
      2,
      1,
      0,
      0,
      0,
      0,
      1,
      0,
      0,
      0,
      0,
      0,
      0,
      2
    ],
    "bin_edges": [
      -3.682262659072876,
      -3.6108760833740234,
      -3.539489269256592,
      -3.4681026935577393,
      -3.3967158794403076,
      -3.325329303741455,
      -3.2539424896240234,
      -3.182555913925171,
      -3.1111690998077393,
      -3.0397825241088867,
      -2.968395709991455,
      -2.8970091342926025,
      -2.825622320175171,
      -2.7542357444763184,
      -2.6828489303588867,
      -2.611462354660034,
      -2.5400757789611816,
      -2.46868896484375,
      -2.3973023891448975,
      -2.325915575027466,
      -2.2545289993286133,
      -2.1831421852111816,
      -2.111755609512329,
      -2.0403687953948975,
      -1.968982219696045,
      -1.8975955247879028,
      -1.8262088298797607,
      -1.7548221349716187,
      -1.6834354400634766,
      -1.6120487451553345,
      -1.5406620502471924,
      -1.4692753553390503,
      -1.3978886604309082,
      -1.3265019655227661,
      -1.255115270614624,
      -1.183728575706482,
      -1.1123418807983398,
      -1.0409551858901978,
      -0.9695685505867004,
      -0.8981818556785583,
      -0.8267951607704163,
      -0.7554084658622742,
      -0.6840217709541321,
      -0.61263507604599,
      -0.5412484407424927,
      -0.4698617160320282,
      -0.3984750509262085,
      -0.3270883560180664,
      -0.2557016611099243,
      -0.18431496620178223,
      -0.11292828619480133,
      -0.04154159873723984,
      0.029845088720321655,
      0.10123177617788315,
      0.17261846363544464,
      0.24400514364242554,
      0.3153918385505676,
      0.3867785334587097,
      0.4581652283668518,
      0.5295519232749939,
      0.6009385585784912,
      0.6723252534866333,
      0.7437119483947754,
      0.8150986433029175,
      0.8864855766296387,
      0.9578722715377808,
      1.0292589664459229,
      1.100645661354065,
      1.172032356262207,
      1.2434190511703491,
      1.3148057460784912,
      1.3861924409866333,
      1.4575791358947754,
      1.528965711593628,
      1.60035240650177,
      1.671739101409912,
      1.7431257963180542,
      1.8145124912261963,
      1.8858991861343384,
      1.9572858810424805,
      2.028672695159912,
      2.1000592708587646,
      2.171445846557617,
      2.242832660675049,
      2.3142192363739014,
      2.385606050491333,
      2.4569926261901855,
      2.528379440307617,
      2.5997660160064697,
      2.6711528301239014,
      2.742539405822754,
      2.8139262199401855,
      2.885312795639038,
      2.9566996097564697,
      3.0280861854553223,
      3.099472999572754,
      3.1708595752716064,
      3.242246150970459,
      3.3136329650878906,
      3.385019540786743,
      3.456406354904175,
      3.5277929306030273,
      3.599179744720459,
      3.6705663204193115,
      3.741953134536743,
      3.8133397102355957,
      3.8847265243530273,
      3.95611310005188,
      4.027499675750732,
      4.098886489868164,
      4.170273303985596,
      4.241660118103027,
      4.313046455383301,
      4.384433269500732,
      4.455820083618164,
      4.5272064208984375,
      4.598593235015869,
      4.669980049133301,
      4.741366863250732,
      4.812753200531006,
      4.8841400146484375,
      4.955526828765869,
      5.026913642883301,
      5.098299980163574,
      5.169686794281006,
      5.2410736083984375,
      5.312460422515869,
      5.383846759796143,
      5.455233573913574
    ]
  }
}