{
  "module": "block.2.attn.v_lif",
  "state_shape": [
    64,
    384,
    64
  ],
  "time_steps": 1,
  "numel_sampled": 196608,
  "mean": -0.014492894522845745,
  "std": 1.1694525480270386,
  "min": -5.164791584014893,
  "max": 6.131179332733154,
  "quantiles": {
    "0.00": -5.164791584014893,
    "0.01": -2.608625650405884,
    "0.05": -1.8748486042022705,
    "0.10": -1.4850741624832153,
    "0.25": -0.823148787021637,
    "0.50": -0.050287071615457535,
    "0.75": 0.7637879252433777,
    "0.90": 1.5031591653823853,
    "0.95": 1.9529379606246948,
    "0.99": 2.8312456607818604,
    "1.00": 6.131179332733154
  },
  "histogram": {
    "counts": [
      1,
      1,
      0,
      0,
      1,
      3,
      2,
      0,
      4,
      4,
      7,
      3,
      12,
      11,
      15,
      11,
      23,
      31,
      41,
      51,
      63,
      102,
      115,
      118,
      191,
      200,
      255,
      318,
      392,
      474,
      585,
      682,
      820,
      937,
      1103,
      1258,
      1568,
      1640,
      1940,
      2225,
      2516,
      2800,
      3055,
      3354,
      3585,
      3952,
      4328,
      4563,
      4793,
      5104,
      5146,
      5357,
      5639,
      5659,
      5740,
      5870,
      5907,
      5981,
      5817,
      5697,
      5747,
      5529,
      5346,
      5290,
      5073,
      4965,
      4618,
      4418,
      4307,
      4063,
      3752,
      3427,
      3268,
      2920,
      2739,
      2436,
      2226,
      2050,
      1828,
      1709,
      1471,
      1311,
      1101,
      1072,
      863,
      742,
      683,
      562,
      484,
      362,
      332,
      299,
      257,
      223,
      168,
      157,
      136,
      110,
      82,
      70,
      68,
      36,
      53,
      40,
      25,
      26,
      20,
      15,
      13,
      13,
      8,
      6,
      6,
      5,
      1,
      1,
      2,
      3,
      0,
      0,
      0,
      0,
      0,
      0,
      0,
      0,
      0,
      1
    ],
    "bin_edges": [
      -5.164791584014893,
      -5.076541900634766,
      -4.988292217254639,
      -4.9000420570373535,
      -4.811792373657227,
      -4.7235426902771,
      -4.635293006896973,
      -4.547043323516846,
      -4.458793640136719,
      -4.370543479919434,
      -4.282293796539307,
      -4.19404411315918,
      -4.105794429779053,
      -4.017544746398926,
      -3.9292948246002197,
      -3.8410449028015137,
      -3.7527952194213867,
      -3.6645455360412598,
      -3.5762956142425537,
      -3.4880459308624268,
      -3.3997960090637207,
      -3.3115463256835938,
      -3.223296642303467,
      -3.1350467205047607,
      -3.046797037124634,
      -2.958547353744507,
      -2.870297431945801,
      -2.782047748565674,
      -2.693798065185547,
      -2.605548143386841,
      -2.517298460006714,
      -2.429048538208008,
      -2.340798854827881,
      -2.252549171447754,
      -2.164299249649048,
      -2.076049566268921,
      -1.9877997636795044,
      -1.899549961090088,
      -1.811300277709961,
      -1.7230504751205444,
      -1.634800672531128,
      -1.5465508699417114,
      -1.458301067352295,
      -1.370051383972168,
      -1.2818015813827515,
      -1.193551778793335,
      -1.105302095413208,
      -1.0170522928237915,
      -0.928802490234375,
      -0.8405526876449585,
      -0.7523029446601868,
      -0.664053201675415,
      -0.5758033990859985,
      -0.4875536262989044,
      -0.3993038535118103,
      -0.3110540807247162,
      -0.22280430793762207,
      -0.13455453515052795,
      -0.04630476236343384,
      0.04194501042366028,
      0.1301947832107544,
      0.2184445559978485,
      0.3066943287849426,
      0.39494410157203674,
      0.48319387435913086,
      0.5714436769485474,
      0.6596934199333191,
      0.7479431629180908,
      0.8361929655075073,
      0.9244427680969238,
      1.0126924514770508,
      1.1009422540664673,
      1.1891920566558838,
      1.2774418592453003,
      1.3656916618347168,
      1.4539413452148438,
      1.5421911478042603,
      1.6304409503936768,
      1.7186906337738037,
      1.8069404363632202,
      1.8951902389526367,
      1.9834400415420532,
      2.0716898441314697,
      2.1599395275115967,
      2.2481894493103027,
      2.3364391326904297,
      2.4246888160705566,
      2.5129387378692627,
      2.6011884212493896,
      2.6894381046295166,
      2.7776880264282227,
      2.8659377098083496,
      2.9541873931884766,
      3.0424373149871826,
      3.1306869983673096,
      3.2189369201660156,
      3.3071866035461426,
      3.3954362869262695,
      3.4836862087249756,
      3.5719358921051025,
      3.6601858139038086,
      3.7484354972839355,
      3.8366851806640625,
      3.9249351024627686,
      4.013184547424316,
      4.101434707641602,
      4.1896843910217285,
      4.2779340744018555,
      4.366183757781982,
      4.454433441162109,
      4.5426836013793945,
      4.6309332847595215,
      4.719182968139648,
      4.807432651519775,
      4.895682334899902,
      4.9839324951171875,
      5.0721821784973145,
      5.160431861877441,
      5.248681545257568,
      5.336931228637695,
      5.4251813888549805,
      5.513431072235107,
      5.601680755615234,
      5.689930438995361,
      5.778180122375488,
      5.866429805755615,
      5.9546799659729,
      6.042929649353027,
      6.131179332733154
    ]
  }
}