{
  "module": "block.1.attn.q_lif",
  "state_shape": [
    64,
    384,
    64
  ],
  "time_steps": 1,
  "numel_sampled": 196608,
  "mean": -0.06392636150121689,
  "std": 0.9487066268920898,
  "min": -4.394296646118164,
  "max": 5.02017068862915,
  "quantiles": {
    "0.00": -4.394296646118164,
    "0.01": -2.1593194007873535,
    "0.05": -1.5488444566726685,
    "0.10": -1.2453659772872925,
    "0.25": -0.7238852977752686,
    "0.50": -0.10460527241230011,
    "0.75": 0.5651193857192993,
    "0.90": 1.186475396156311,
    "0.95": 1.5593549013137817,
    "0.99": 2.2376155853271484,
    "1.00": 5.02017068862915
  },
  "histogram": {
    "counts": [
      3,
      0,
      0,
      1,
      1,
      1,
      1,
      3,
      2,
      2,
      1,
      6,
      6,
      11,
      10,
      20,
      21,
      19,
      25,
      21,
      45,
      80,
      93,
      116,
      117,
      156,
      198,
      199,
      295,
      353,
      432,
      481,
      607,
      754,
      835,
      1024,
      1250,
      1494,
      1705,
      1936,
      2233,
      2674,
      2999,
      3251,
      3570,
      3891,
      4307,
      4449,
      4798,
      5125,
      5311,
      5531,
      5709,
      5814,
      5978,
      6159,
      6148,
      6089,
      5968,
      5959,
      5752,
      5729,
      5527,
      5327,
      5232,
      4971,
      4684,
      4529,
      4279,
      4009,
      3717,
      3509,
      3298,
      3069,
      2809,
      2513,
      2342,
      2154,
      1897,
      1680,
      1558,
      1377,
      1258,
      1129,
      898,
      815,
      721,
      577,
      510,
      416,
      384,
      283,
      276,
      215,
      167,
      143,
      114,
      98,
      70,
      62,
      30,
      48,
      32,
      22,
      22,
      22,
      10,
      5,
      9,
      3,
      7,
      2,
      4,
      2,
      1,
      1,
      0,
      0,
      0,
      1,
      0,
      1,
      0,
      0,
      0,
      0,
      0,
      1
    ],
    "bin_edges": [
      -4.394296646118164,
      -4.320745944976807,
      -4.247195720672607,
      -4.17364501953125,
      -4.100094795227051,
      -4.026544094085693,
      -3.952993392944336,
      -3.8794429302215576,
      -3.8058924674987793,
      -3.732342004776001,
      -3.6587915420532227,
      -3.5852408409118652,
      -3.511690378189087,
      -3.4381399154663086,
      -3.364589214324951,
      -3.291038751602173,
      -3.2174882888793945,
      -3.143937826156616,
      -3.070387363433838,
      -2.9968366622924805,
      -2.923286199569702,
      -2.849735736846924,
      -2.7761850357055664,
      -2.702634572982788,
      -2.6290841102600098,
      -2.5555336475372314,
      -2.481983184814453,
      -2.4084324836730957,
      -2.3348820209503174,
      -2.261331558227539,
      -2.1877808570861816,
      -2.1142303943634033,
      -2.040679931640625,
      -1.9671294689178467,
      -1.8935788869857788,
      -1.820028305053711,
      -1.7464778423309326,
      -1.6729273796081543,
      -1.5993767976760864,
      -1.5258262157440186,
      -1.4522757530212402,
      -1.378725290298462,
      -1.305174708366394,
      -1.2316241264343262,
      -1.1580736637115479,
      -1.0845232009887695,
      -1.0109726190567017,
      -0.9374220967292786,
      -0.8638715744018555,
      -0.7903210520744324,
      -0.7167705297470093,
      -0.6432200074195862,
      -0.5696694850921631,
      -0.49611896276474,
      -0.4225684404373169,
      -0.3490179181098938,
      -0.2754673957824707,
      -0.2019168734550476,
      -0.1283663511276245,
      -0.054815828800201416,
      0.01873469352722168,
      0.09228521585464478,
      0.16583573818206787,
      0.23938626050949097,
      0.31293725967407227,
      0.38648778200149536,
      0.46003830432891846,
      0.5335888266563416,
      0.6071393489837646,
      0.6806898713111877,
      0.7542403936386108,
      0.8277909159660339,
      0.901341438293457,
      0.9748919606208801,
      1.0484424829483032,
      1.121993064880371,
      1.1955435276031494,
      1.2690939903259277,
      1.3426445722579956,
      1.4161951541900635,
      1.4897456169128418,
      1.5632960796356201,
      1.636846661567688,
      1.7103972434997559,
      1.7839477062225342,
      1.8574981689453125,
      1.9310487508773804,
      2.0045993328094482,
      2.0781497955322266,
      2.151700258255005,
      2.225250720977783,
      2.2988014221191406,
      2.372351884841919,
      2.4459023475646973,
      2.5194530487060547,
      2.593003511428833,
      2.6665539741516113,
      2.7401044368743896,
      2.813654899597168,
      2.8872056007385254,
      2.9607560634613037,
      3.034306526184082,
      3.1078572273254395,
      3.1814076900482178,
      3.254958152770996,
      3.3285086154937744,
      3.4020590782165527,
      3.47560977935791,
      3.5491602420806885,
      3.622710704803467,
      3.696261405944824,
      3.7698118686676025,
      3.843362331390381,
      3.916912794113159,
      3.9904632568359375,
      4.064013957977295,
      4.137564659118652,
      4.211114883422852,
      4.284665584564209,
      4.358215808868408,
      4.431766510009766,
      4.505317211151123,
      4.578867435455322,
      4.65241813659668,
      4.725968360900879,
      4.799519062042236,
      4.873069763183594,
      4.946619987487793,
      5.02017068862915
    ]
  }
}