{
  "module": "block.0.attn.proj_lif",
  "state_shape": [
    64,
    384,
    8,
    8
  ],
  "time_steps": 1,
  "numel_sampled": 196608,
  "mean": -0.056121837347745895,
  "std": 1.3877125978469849,
  "min": -7.747743606567383,
  "max": 6.348371982574463,
  "quantiles": {
    "0.00": -7.747743606567383,
    "0.01": -3.200148344039917,
    "0.05": -2.237718343734741,
    "0.10": -1.7785975933074951,
    "0.25": -1.0019915103912354,
    "0.50": -0.09615402668714523,
    "0.75": 0.850178599357605,
    "0.90": 1.7487061023712158,
    "0.95": 2.2899882793426514,
    "0.99": 3.3173632621765137,
    "1.00": 6.348371982574463
  },
  "histogram": {
    "counts": [
      1,
      0,
      0,
      0,
      0,
      0,
      0,
      0,
      0,
      2,
      1,
      1,
      3,
      4,
      1,
      0,
      2,
      7,
      4,
      3,
      4,
      12,
      15,
      12,
      26,
      27,
      32,
      28,
      35,
      37,
      51,
      51,
      68,
      89,
      105,
      124,
      127,
      188,
      196,
      267,
      343,
      398,
      458,
      566,
      652,
      823,
      962,
      1141,
      1322,
      1580,
      1884,
      2144,
      2481,
      2807,
      3125,
      3422,
      3754,
      4113,
      4443,
      4746,
      5101,
      5287,
      5617,
      5820,
      5901,
      6135,
      6251,
      6198,
      6256,
      6265,
      6266,
      6158,
      6174,
      5830,
      5747,
      5358,
      5091,
      4955,
      4604,
      4407,
      4084,
      3794,
      3528,
      3276,
      2947,
      2615,
      2466,
      2266,
      1982,
      1803,
      1690,
      1455,
      1236,
      1110,
      946,
      828,
      746,
      600,
      520,
      435,
      389,
      318,
      259,
      206,
      196,
      140,
      138,
      105,
      95,
      52,
      55,
      51,
      37,
      29,
      23,
      20,
      16,
      7,
      4,
      7,
      9,
      7,
      3,
      3,
      1,
      1,
      1,
      1
    ],
    "bin_edges": [
      -7.747743606567383,
      -7.637617588043213,
      -7.527491569519043,
      -7.417366027832031,
      -7.307240009307861,
      -7.197113990783691,
      -7.08698844909668,
      -6.97686243057251,
      -6.86673641204834,
      -6.75661039352417,
      -6.646484375,
      -6.536358833312988,
      -6.426232814788818,
      -6.316106796264648,
      -6.205981254577637,
      -6.095855236053467,
      -5.985729217529297,
      -5.875603199005127,
      -5.765477180480957,
      -5.655351638793945,
      -5.545225620269775,
      -5.4350996017456055,
      -5.324974060058594,
      -5.214848041534424,
      -5.104722023010254,
      -4.994596004486084,
      -4.884469985961914,
      -4.774344444274902,
      -4.664218425750732,
      -4.5540924072265625,
      -4.443966865539551,
      -4.333840847015381,
      -4.223714828491211,
      -4.113588809967041,
      -4.003462791442871,
      -3.8933372497558594,
      -3.7832112312316895,
      -3.6730852127075195,
      -3.5629594326019287,
      -3.452833652496338,
      -3.342707633972168,
      -3.232581615447998,
      -3.1224558353424072,
      -3.0123300552368164,
      -2.9022040367126465,
      -2.7920780181884766,
      -2.6819522380828857,
      -2.571826457977295,
      -2.461700439453125,
      -2.351574420928955,
      -2.2414486408233643,
      -2.1313228607177734,
      -2.0211968421936035,
      -1.9110709428787231,
      -1.8009450435638428,
      -1.6908191442489624,
      -1.580693244934082,
      -1.4705673456192017,
      -1.3604414463043213,
      -1.250315546989441,
      -1.1401896476745605,
      -1.0300637483596802,
      -0.9199378490447998,
      -0.8098119497299194,
      -0.6996855735778809,
      -0.5895596742630005,
      -0.4794337749481201,
      -0.36930787563323975,
      -0.2591819763183594,
      -0.149056077003479,
      -0.03893017768859863,
      0.07119572162628174,
      0.1813216209411621,
      0.2914475202560425,
      0.40157341957092285,
      0.5116993188858032,
      0.6218252182006836,
      0.731951117515564,
      0.8420770168304443,
      0.9522029161453247,
      1.062328815460205,
      1.1724547147750854,
      1.2825806140899658,
      1.3927065134048462,
      1.5028324127197266,
      1.612958312034607,
      1.7230842113494873,
      1.8332101106643677,
      1.943336009979248,
      2.053462028503418,
      2.163587808609009,
      2.2737135887145996,
      2.3838396072387695,
      2.4939656257629395,
      2.6040914058685303,
      2.714217185974121,
      2.824343204498291,
      2.934469223022461,
      3.0445950031280518,
      3.1547207832336426,
      3.2648468017578125,
      3.3749728202819824,
      3.4850986003875732,
      3.595224380493164,
      3.705350399017334,
      3.815476417541504,
      3.9256021976470947,
      4.0357279777526855,
      4.1458539962768555,
      4.255980014801025,
      4.366106033325195,
      4.476231575012207,
      4.586357593536377,
      4.696483612060547,
      4.806609153747559,
      4.9167351722717285,
      5.026861190795898,
      5.136987209320068,
      5.247113227844238,
      5.35723876953125,
      5.46736478805542,
      5.57749080657959,
      5.687616348266602,
      5.7977423667907715,
      5.907868385314941,
      6.017994403839111,
      6.128120422363281,
      6.238245964050293,
      6.348371982574463
    ]
  }
}