{
  "module": "block.3.mlp.mlp2_lif",
  "state_shape": [
    64,
    1536,
    8,
    8
  ],
  "time_steps": 1,
  "numel_sampled": 196608,
  "mean": -0.8131923675537109,
  "std": 0.7276936769485474,
  "min": -5.430646896362305,
  "max": 5.838595390319824,
  "quantiles": {
    "0.00": -5.430646896362305,
    "0.01": -2.552570343017578,
    "0.05": -1.9655078649520874,
    "0.10": -1.69549560546875,
    "0.25": -1.273913860321045,
    "0.50": -0.8174794912338257,
    "0.75": -0.3659666180610657,
    "0.90": 0.06358345597982407,
    "0.95": 0.35153794288635254,
    "0.99": 1.0517892837524414,
    "1.00": 5.838595390319824
  },
  "histogram": {
    "counts": [
      1,
      0,
      0,
      0,
      0,
      1,
      1,
      4,
      0,
      3,
      3,
      3,
      5,
      5,
      5,
      17,
      11,
      14,
      27,
      26,
      32,
      42,
      53,
      60,
      76,
      85,
      115,
      131,
      167,
      203,
      266,
      329,
      447,
      561,
      705,
      930,
      1225,
      1508,
      1963,
      2400,
      3016,
      3515,
      4176,
      5197,
      5966,
      6659,
      7475,
      8212,
      8917,
      9532,
      9839,
      10316,
      10155,
      10458,
      10078,
      9440,
      8704,
      8152,
      7204,
      6500,
      5591,
      4694,
      4043,
      3252,
      2703,
      2215,
      1769,
      1418,
      1158,
      891,
      666,
      597,
      438,
      397,
      300,
      256,
      208,
      169,
      150,
      119,
      93,
      81,
      60,
      49,
      56,
      39,
      43,
      26,
      14,
      18,
      15,
      24,
      10,
      13,
      11,
      5,
      8,
      5,
      8,
      5,
      5,
      4,
      12,
      3,
      3,
      2,
      4,
      3,
      4,
      2,
      4,
      1,
      1,
      0,
      0,
      1,
      1,
      1,
      0,
      1,
      0,
      1,
      2,
      0,
      0,
      0,
      0,
      1
    ],
    "bin_edges": [
      -5.430646896362305,
      -5.342606067657471,
      -5.2545647621154785,
      -5.1665239334106445,
      -5.0784831047058105,
      -4.990442276000977,
      -4.902400970458984,
      -4.81436014175415,
      -4.726319313049316,
      -4.638278484344482,
      -4.55023717880249,
      -4.462196350097656,
      -4.374155521392822,
      -4.286114692687988,
      -4.198073387145996,
      -4.110032558441162,
      -4.021991729736328,
      -3.933950662612915,
      -3.845909595489502,
      -3.757868766784668,
      -3.669827699661255,
      -3.581786870956421,
      -3.493745803833008,
      -3.405704975128174,
      -3.3176639080047607,
      -3.2296230792999268,
      -3.1415820121765137,
      -3.0535411834716797,
      -2.9655001163482666,
      -2.8774592876434326,
      -2.7894182205200195,
      -2.7013773918151855,
      -2.6133363246917725,
      -2.5252952575683594,
      -2.4372544288635254,
      -2.3492133617401123,
      -2.2611725330352783,
      -2.1731314659118652,
      -2.0850906372070312,
      -1.9970496892929077,
      -1.9090087413787842,
      -1.820967674255371,
      -1.7329267263412476,
      -1.644885778427124,
      -1.5568448305130005,
      -1.468803882598877,
      -1.3807629346847534,
      -1.2927219867706299,
      -1.2046810388565063,
      -1.1166400909423828,
      -1.0285991430282593,
      -0.9405581951141357,
      -0.8525172472000122,
      -0.7644762396812439,
      -0.6764352917671204,
      -0.5883943438529968,
      -0.5003533959388733,
      -0.41231244802474976,
      -0.3242715001106262,
      -0.2362305223941803,
      -0.14818957448005676,
      -0.06014861911535263,
      0.0278923362493515,
      0.11593329161405563,
      0.20397424697875977,
      0.2920151948928833,
      0.38005614280700684,
      0.46809712052345276,
      0.5561380386352539,
      0.6441790461540222,
      0.7322199940681458,
      0.8202609419822693,
      0.9083018898963928,
      0.9963428378105164,
      1.0843838453292847,
      1.1724247932434082,
      1.2604657411575317,
      1.3485066890716553,
      1.4365476369857788,
      1.5245885848999023,
      1.6126295328140259,
      1.7006704807281494,
      1.788711428642273,
      1.8767523765563965,
      1.96479332447052,
      2.0528342723846436,
      2.1408753395080566,
      2.2289161682128906,
      2.3169572353363037,
      2.4049980640411377,
      2.493039131164551,
      2.5810799598693848,
      2.669121026992798,
      2.757161855697632,
      2.845202922821045,
      2.933243751525879,
      3.021284818649292,
      3.109325885772705,
      3.197366714477539,
      3.285407781600952,
      3.373448610305786,
      3.461489677429199,
      3.549530506134033,
      3.6375715732574463,
      3.7256124019622803,
      3.8136534690856934,
      3.9016942977905273,
      3.9897353649139404,
      4.0777764320373535,
      4.1658172607421875,
      4.2538580894470215,
      4.3418989181518555,
      4.429940223693848,
      4.517981052398682,
      4.606021881103516,
      4.694063186645508,
      4.782104015350342,
      4.870144844055176,
      4.95818567276001,
      5.046226978302002,
      5.134267807006836,
      5.22230863571167,
      5.310349464416504,
      5.398390769958496,
      5.48643159866333,
      5.574472427368164,
      5.662513256072998,
      5.75055456161499,
      5.838595390319824
    ]
  }
}