{
  "module": "block.2.mlp.mlp2_lif",
  "state_shape": [
    64,
    1536,
    8,
    8
  ],
  "time_steps": 1,
  "numel_sampled": 196608,
  "mean": -0.6382192969322205,
  "std": 0.8204143047332764,
  "min": -9.340054512023926,
  "max": 4.423808574676514,
  "quantiles": {
    "0.00": -9.340054512023926,
    "0.01": -2.6552236080169678,
    "0.05": -1.9876197576522827,
    "0.10": -1.6607822179794312,
    "0.25": -1.1537753343582153,
    "0.50": -0.6251587867736816,
    "0.75": -0.10992175340652466,
    "0.90": 0.3734091818332672,
    "0.95": 0.6720191240310669,
    "0.99": 1.3020505905151367,
    "1.00": 4.423808574676514
  },
  "histogram": {
    "counts": [
      1,
      0,
      1,
      0,
      1,
      0,
      0,
      0,
      1,
      0,
      1,
      0,
      0,
      0,
      0,
      2,
      0,
      3,
      1,
      0,
      0,
      0,
      1,
      3,
      2,
      2,
      5,
      1,
      1,
      2,
      2,
      6,
      3,
      1,
      3,
      0,
      4,
      4,
      0,
      5,
      8,
      6,
      7,
      9,
      8,
      5,
      14,
      11,
      10,
      16,
      22,
      22,
      33,
      55,
      55,
      80,
      104,
      143,
      203,
      234,
      323,
      453,
      593,
      735,
      986,
      1249,
      1553,
      1950,
      2449,
      3014,
      3562,
      4372,
      5176,
      6104,
      6783,
      7715,
      8536,
      9580,
      10132,
      10556,
      10869,
      10957,
      10790,
      10428,
      9787,
      9102,
      8115,
      7106,
      6140,
      5234,
      4351,
      3706,
      2988,
      2358,
      1870,
      1417,
      1096,
      798,
      621,
      505,
      366,
      302,
      188,
      145,
      113,
      96,
      54,
      51,
      31,
      19,
      32,
      16,
      8,
      6,
      9,
      3,
      2,
      1,
      2,
      1,
      1,
      1,
      0,
      0,
      0,
      0,
      0,
      1
    ],
    "bin_edges": [
      -9.340054512023926,
      -9.232523918151855,
      -9.124994277954102,
      -9.017463684082031,
      -8.909934043884277,
      -8.802403450012207,
      -8.694873809814453,
      -8.587343215942383,
      -8.479812622070312,
      -8.372282981872559,
      -8.264752388000488,
      -8.157222747802734,
      -8.049692153930664,
      -7.942162036895752,
      -7.83463191986084,
      -7.727101802825928,
      -7.619571685791016,
      -7.5120415687561035,
      -7.404511451721191,
      -7.296981334686279,
      -7.189451217651367,
      -7.081920623779297,
      -6.974390506744385,
      -6.866860389709473,
      -6.7593302726745605,
      -6.651800155639648,
      -6.544270038604736,
      -6.436739921569824,
      -6.329209327697754,
      -6.221679210662842,
      -6.11414909362793,
      -6.006618976593018,
      -5.8990888595581055,
      -5.791558742523193,
      -5.684028625488281,
      -5.576498508453369,
      -5.468968391418457,
      -5.361437797546387,
      -5.253907680511475,
      -5.1463775634765625,
      -5.03884744644165,
      -4.931317329406738,
      -4.823787212371826,
      -4.716257095336914,
      -4.608726501464844,
      -4.501196384429932,
      -4.3936662673950195,
      -4.286136150360107,
      -4.178606033325195,
      -4.071075916290283,
      -3.963545799255371,
      -3.85601544380188,
      -3.7484853267669678,
      -3.6409552097320557,
      -3.5334248542785645,
      -3.4258947372436523,
      -3.3183646202087402,
      -3.210834503173828,
      -3.103304386138916,
      -2.995774030685425,
      -2.8882439136505127,
      -2.7807137966156006,
      -2.6731834411621094,
      -2.5656533241271973,
      -2.458122730255127,
      -2.350592613220215,
      -2.2430624961853027,
      -2.1355321407318115,
      -2.0280020236968994,
      -1.9204719066619873,
      -1.8129416704177856,
      -1.705411434173584,
      -1.5978813171386719,
      -1.4903512001037598,
      -1.382820963859558,
      -1.2752907276153564,
      -1.1677606105804443,
      -1.0602304935455322,
      -0.9527002573013306,
      -0.8451700806617737,
      -0.7376399040222168,
      -0.6301097273826599,
      -0.522579550743103,
      -0.41504937410354614,
      -0.30751919746398926,
      -0.19998902082443237,
      -0.09245884418487549,
      0.015071332454681396,
      0.12260150909423828,
      0.23013168573379517,
      0.33766186237335205,
      0.44519203901290894,
      0.5527222156524658,
      0.6602523922920227,
      0.7677825689315796,
      0.8753127455711365,
      0.9828429222106934,
      1.0903730392456055,
      1.1979032754898071,
      1.3054335117340088,
      1.412963628768921,
      1.520493745803833,
      1.6280239820480347,
      1.7355542182922363,
      1.8430843353271484,
      1.9506144523620605,
      2.0581445693969727,
      2.165674924850464,
      2.273205041885376,
      2.380735158920288,
      2.4882655143737793,
      2.5957956314086914,
      2.7033257484436035,
      2.8108558654785156,
      2.9183859825134277,
      3.025916337966919,
      3.133446455001831,
      3.240976572036743,
      3.3485069274902344,
      3.4560370445251465,
      3.5635671615600586,
      3.6710972785949707,
      3.778627395629883,
      3.886157751083374,
      3.993687868118286,
      4.101218223571777,
      4.2087483406066895,
      4.316278457641602,
      4.423808574676514
    ]
  }
}