{
  "module": "block.0.attn.v_lif",
  "state_shape": [
    64,
    384,
    64
  ],
  "time_steps": 1,
  "numel_sampled": 196608,
  "mean": 0.015697062015533447,
  "std": 1.0126029253005981,
  "min": -5.630123615264893,
  "max": 4.917938709259033,
  "quantiles": {
    "0.00": -5.630123615264893,
    "0.01": -2.32382869720459,
    "0.05": -1.620828628540039,
    "0.10": -1.2644468545913696,
    "0.25": -0.665406346321106,
    "0.50": 0.007762744557112455,
    "0.75": 0.6892362833023071,
    "0.90": 1.3031582832336426,
    "0.95": 1.6787418127059937,
    "0.99": 2.4429104328155518,
    "1.00": 4.917938709259033
  },
  "histogram": {
    "counts": [
      1,
      0,
      0,
      0,
      1,
      0,
      0,
      1,
      1,
      0,
      0,
      2,
      0,
      2,
      2,
      2,
      4,
      3,
      2,
      8,
      10,
      6,
      9,
      16,
      17,
      17,
      14,
      25,
      42,
      41,
      67,
      70,
      97,
      102,
      128,
      138,
      189,
      266,
      303,
      318,
      480,
      524,
      615,
      731,
      860,
      1025,
      1214,
      1438,
      1660,
      1910,
      2205,
      2408,
      2761,
      3094,
      3476,
      3753,
      3953,
      4371,
      4693,
      4816,
      5245,
      5367,
      5850,
      5960,
      6142,
      6298,
      6444,
      6397,
      6544,
      6258,
      6422,
      6145,
      6040,
      5727,
      5670,
      5456,
      5244,
      5012,
      4453,
      4239,
      3896,
      3656,
      3293,
      2930,
      2646,
      2378,
      2077,
      1961,
      1601,
      1403,
      1242,
      1077,
      857,
      785,
      650,
      537,
      456,
      405,
      343,
      311,
      213,
      182,
      157,
      110,
      116,
      83,
      70,
      64,
      60,
      43,
      37,
      31,
      28,
      29,
      11,
      18,
      6,
      7,
      6,
      7,
      7,
      4,
      4,
      4,
      0,
      0,
      1,
      2
    ],
    "bin_edges": [
      -5.630123615264893,
      -5.547717094421387,
      -5.465310096740723,
      -5.382903575897217,
      -5.300496578216553,
      -5.218090057373047,
      -5.135683059692383,
      -5.053276538848877,
      -4.970869541168213,
      -4.888463020324707,
      -4.806056022644043,
      -4.723649501800537,
      -4.641242980957031,
      -4.558835983276367,
      -4.476429462432861,
      -4.394022464752197,
      -4.311615943908691,
      -4.229208946228027,
      -4.1468024253845215,
      -4.064395427703857,
      -3.9819889068603516,
      -3.8995821475982666,
      -3.8171753883361816,
      -3.7347686290740967,
      -3.6523618698120117,
      -3.5699551105499268,
      -3.487548351287842,
      -3.405141830444336,
      -3.322735071182251,
      -3.240328311920166,
      -3.157921552658081,
      -3.075514793395996,
      -2.993108034133911,
      -2.910701274871826,
      -2.828294515609741,
      -2.7458877563476562,
      -2.6634809970855713,
      -2.5810742378234863,
      -2.4986677169799805,
      -2.4162609577178955,
      -2.3338541984558105,
      -2.2514474391937256,
      -2.1690406799316406,
      -2.0866339206695557,
      -2.0042271614074707,
      -1.9218204021453857,
      -1.8394137620925903,
      -1.7570070028305054,
      -1.6746002435684204,
      -1.5921934843063354,
      -1.5097867250442505,
      -1.427380084991455,
      -1.3449733257293701,
      -1.2625665664672852,
      -1.1801598072052002,
      -1.0977530479431152,
      -1.0153462886810303,
      -0.9329395890235901,
      -0.8505328893661499,
      -0.7681261301040649,
      -0.68571937084198,
      -0.6033126711845398,
      -0.5209059119224548,
      -0.43849918246269226,
      -0.3560924530029297,
      -0.2736857235431671,
      -0.19127897918224335,
      -0.10887224227190018,
      -0.026465505361557007,
      0.05594123154878616,
      0.13834796845912933,
      0.2207547128200531,
      0.3031614422798157,
      0.38556817173957825,
      0.4679749011993408,
      0.5503816604614258,
      0.6327884197235107,
      0.7151951193809509,
      0.7976018786430359,
      0.8800085783004761,
      0.962415337562561,
      1.044822096824646,
      1.127228856086731,
      1.2096354961395264,
      1.2920422554016113,
      1.3744490146636963,
      1.4568557739257812,
      1.5392625331878662,
      1.6216692924499512,
      1.7040759325027466,
      1.7864826917648315,
      1.8688894510269165,
      1.9512962102890015,
      2.033702850341797,
      2.116109609603882,
      2.198516368865967,
      2.2809231281280518,
      2.3633298873901367,
      2.4457366466522217,
      2.5281434059143066,
      2.6105501651763916,
      2.6929569244384766,
      2.7753634452819824,
      2.8577702045440674,
      2.9401769638061523,
      3.0225837230682373,
      3.1049904823303223,
      3.1873972415924072,
      3.269804000854492,
      3.352210760116577,
      3.434617519378662,
      3.517024278640747,
      3.599431037902832,
      3.681837558746338,
      3.764244318008423,
      3.846651077270508,
      3.9290578365325928,
      4.011464595794678,
      4.093871116638184,
      4.176278114318848,
      4.2586846351623535,
      4.341091632843018,
      4.423498153686523,
      4.5059051513671875,
      4.588311672210693,
      4.670718669891357,
      4.753125190734863,
      4.835532188415527,
      4.917938709259033
    ]
  }
}