{
  "module": "block.1.mlp.mlp2_lif",
  "state_shape": [
    64,
    1536,
    8,
    8
  ],
  "time_steps": 1,
  "numel_sampled": 196608,
  "mean": -0.6960161328315735,
  "std": 0.853671133518219,
  "min": -5.115265846252441,
  "max": 4.361158847808838,
  "quantiles": {
    "0.00": -5.115265846252441,
    "0.01": -2.7117156982421875,
    "0.05": -2.095724582672119,
    "0.10": -1.7763357162475586,
    "0.25": -1.2624595165252686,
    "0.50": -0.6998094320297241,
    "0.75": -0.12612690031528473,
    "0.90": 0.39526113867759705,
    "0.95": 0.7045923471450806,
    "0.99": 1.2928262948989868,
    "1.00": 4.361158847808838
  },
  "histogram": {
    "counts": [
      2,
      1,
      1,
      0,
      0,
      2,
      1,
      0,
      2,
      0,
      6,
      1,
      4,
      9,
      9,
      13,
      13,
      13,
      12,
      31,
      30,
      40,
      51,
      65,
      80,
      83,
      127,
      157,
      191,
      239,
      284,
      321,
      406,
      538,
      625,
      712,
      835,
      1048,
      1162,
      1398,
      1711,
      1882,
      2125,
      2411,
      2712,
      3161,
      3500,
      3835,
      4181,
      4600,
      4949,
      5363,
      5725,
      5955,
      6391,
      6497,
      6672,
      6794,
      6879,
      6884,
      6889,
      6777,
      6662,
      6368,
      6260,
      5903,
      5706,
      5414,
      5063,
      4529,
      4344,
      3949,
      3647,
      3306,
      3045,
      2591,
      2388,
      2072,
      1820,
      1487,
      1315,
      1138,
      1016,
      820,
      611,
      536,
      450,
      340,
      236,
      258,
      198,
      148,
      130,
      89,
      87,
      56,
      61,
      42,
      27,
      21,
      18,
      7,
      10,
      8,
      3,
      6,
      3,
      2,
      1,
      2,
      3,
      1,
      0,
      1,
      1,
      0,
      1,
      0,
      0,
      1,
      1,
      0,
      0,
      0,
      0,
      0,
      0,
      1
    ],
    "bin_edges": [
      -5.115265846252441,
      -5.041231155395508,
      -4.967196464538574,
      -4.893162250518799,
      -4.819127559661865,
      -4.745092868804932,
      -4.671058654785156,
      -4.597023963928223,
      -4.522989273071289,
      -4.4489545822143555,
      -4.374919891357422,
      -4.3008856773376465,
      -4.226850986480713,
      -4.152816295623779,
      -4.078782081604004,
      -4.00474739074707,
      -3.9307126998901367,
      -3.856678009033203,
      -3.7826435565948486,
      -3.708609104156494,
      -3.6345744132995605,
      -3.560539722442627,
      -3.4865052700042725,
      -3.412470817565918,
      -3.3384361267089844,
      -3.264401435852051,
      -3.1903669834136963,
      -3.116332530975342,
      -3.042297840118408,
      -2.9682631492614746,
      -2.89422869682312,
      -2.8201942443847656,
      -2.746159553527832,
      -2.6721248626708984,
      -2.598090410232544,
      -2.5240559577941895,
      -2.450021266937256,
      -2.3759865760803223,
      -2.3019521236419678,
      -2.2279176712036133,
      -2.1538829803466797,
      -2.079848289489746,
      -2.0058138370513916,
      -1.9317792654037476,
      -1.8577446937561035,
      -1.7837101221084595,
      -1.7096755504608154,
      -1.6356409788131714,
      -1.5616064071655273,
      -1.4875718355178833,
      -1.4135372638702393,
      -1.3395026922225952,
      -1.2654681205749512,
      -1.1914335489273071,
      -1.117398977279663,
      -1.043364405632019,
      -0.969329833984375,
      -0.895295262336731,
      -0.8212606906890869,
      -0.7472261190414429,
      -0.6731915473937988,
      -0.5991569757461548,
      -0.5251224040985107,
      -0.4510878324508667,
      -0.37705373764038086,
      -0.3030191659927368,
      -0.22898459434509277,
      -0.15495002269744873,
      -0.08091545104980469,
      -0.0068808794021606445,
      0.0671536922454834,
      0.14118826389312744,
      0.21522283554077148,
      0.2892574071884155,
      0.36329197883605957,
      0.4373265504837036,
      0.5113611221313477,
      0.5853956937789917,
      0.6594302654266357,
      0.7334648370742798,
      0.8074994087219238,
      0.8815339803695679,
      0.9555685520172119,
      1.029603123664856,
      1.1036376953125,
      1.177672266960144,
      1.251706838607788,
      1.3257414102554321,
      1.3997759819030762,
      1.4738105535507202,
      1.5478451251983643,
      1.6218796968460083,
      1.6959142684936523,
      1.7699488401412964,
      1.8439834117889404,
      1.9180179834365845,
      1.9920525550842285,
      2.066087245941162,
      2.1401216983795166,
      2.214156150817871,
      2.2881908416748047,
      2.3622255325317383,
      2.4362599849700928,
      2.5102944374084473,
      2.584329128265381,
      2.6583638191223145,
      2.732398271560669,
      2.8064327239990234,
      2.880467414855957,
      2.9545021057128906,
      3.028536558151245,
      3.1025710105895996,
      3.176605701446533,
      3.250640392303467,
      3.3246748447418213,
      3.398709297180176,
      3.4727439880371094,
      3.546778678894043,
      3.6208131313323975,
      3.694847583770752,
      3.7688822746276855,
      3.842916965484619,
      3.9169514179229736,
      3.990985870361328,
      4.065020561218262,
      4.139055252075195,
      4.213089942932129,
      4.287124156951904,
      4.361158847808838
    ]
  }
}