{
  "module": "block.3.attn.proj_lif",
  "state_shape": [
    64,
    384,
    8,
    8
  ],
  "time_steps": 1,
  "numel_sampled": 196608,
  "mean": -0.1440233439207077,
  "std": 2.022007465362549,
  "min": -10.601332664489746,
  "max": 9.547942161560059,
  "quantiles": {
    "0.00": -10.601332664489746,
    "0.01": -5.068235874176025,
    "0.05": -3.560966968536377,
    "0.10": -2.7832915782928467,
    "0.25": -1.4854958057403564,
    "0.50": -0.07200945168733597,
    "0.75": 1.2573456764221191,
    "0.90": 2.342107057571411,
    "0.95": 3.020963191986084,
    "0.99": 4.429172515869141,
    "1.00": 9.547942161560059
  },
  "histogram": {
    "counts": [
      1,
      0,
      0,
      0,
      1,
      1,
      0,
      0,
      1,
      1,
      2,
      2,
      1,
      4,
      4,
      4,
      9,
      10,
      11,
      14,
      14,
      22,
      47,
      35,
      45,
      46,
      81,
      113,
      97,
      144,
      159,
      213,
      238,
      260,
      321,
      391,
      440,
      542,
      611,
      695,
      857,
      945,
      1105,
      1288,
      1471,
      1595,
      1854,
      2075,
      2272,
      2433,
      2672,
      2982,
      3196,
      3607,
      3795,
      4065,
      4255,
      4534,
      4787,
      4884,
      5234,
      5428,
      5656,
      5738,
      5747,
      5990,
      5873,
      5982,
      6044,
      6037,
      5993,
      5764,
      5817,
      5744,
      5411,
      5235,
      5108,
      4898,
      4411,
      4088,
      3563,
      3270,
      2859,
      2567,
      2223,
      1916,
      1649,
      1443,
      1226,
      1033,
      866,
      735,
      647,
      556,
      451,
      392,
      294,
      259,
      196,
      165,
      169,
      136,
      121,
      87,
      60,
      56,
      34,
      35,
      20,
      28,
      24,
      12,
      13,
      17,
      8,
      6,
      6,
      3,
      2,
      2,
      2,
      2,
      1,
      1,
      0,
      0,
      1,
      2
    ],
    "bin_edges": [
      -10.601332664489746,
      -10.443916320800781,
      -10.286499977111816,
      -10.129083633422852,
      -9.971668243408203,
      -9.814251899719238,
      -9.656835556030273,
      -9.499419212341309,
      -9.342002868652344,
      -9.184586524963379,
      -9.027170181274414,
      -8.869754791259766,
      -8.7123384475708,
      -8.554922103881836,
      -8.397505760192871,
      -8.240089416503906,
      -8.082673072814941,
      -7.925257205963135,
      -7.76784086227417,
      -7.610424518585205,
      -7.453008651733398,
      -7.295592308044434,
      -7.138175964355469,
      -6.980759620666504,
      -6.823343753814697,
      -6.665927410125732,
      -6.508511066436768,
      -6.351095199584961,
      -6.193678855895996,
      -6.036262512207031,
      -5.878846168518066,
      -5.72143030166626,
      -5.564013957977295,
      -5.40659761428833,
      -5.249181747436523,
      -5.091765403747559,
      -4.934349060058594,
      -4.776932716369629,
      -4.619516849517822,
      -4.462100505828857,
      -4.304684162139893,
      -4.147268295288086,
      -3.989851951599121,
      -3.8324356079101562,
      -3.6750195026397705,
      -3.5176031589508057,
      -3.36018705368042,
      -3.202770709991455,
      -3.0453546047210693,
      -2.8879384994506836,
      -2.7305221557617188,
      -2.573106050491333,
      -2.415689706802368,
      -2.2582736015319824,
      -2.1008572578430176,
      -1.9434411525726318,
      -1.7860249280929565,
      -1.6286087036132812,
      -1.471192479133606,
      -1.3137762546539307,
      -1.156360149383545,
      -0.9989438652992249,
      -0.8415277004241943,
      -0.684111475944519,
      -0.5266952514648438,
      -0.36927902698516846,
      -0.21186283230781555,
      -0.05444662272930145,
      0.10296958684921265,
      0.26038581132888794,
      0.41780200600624084,
      0.5752182006835938,
      0.732634425163269,
      0.8900506496429443,
      1.0474668741226196,
      1.204883098602295,
      1.3622992038726807,
      1.519715428352356,
      1.6771316528320312,
      1.8345478773117065,
      1.9919641017913818,
      2.1493802070617676,
      2.3067965507507324,
      2.464212656021118,
      2.621628999710083,
      2.7790451049804688,
      2.9364614486694336,
      3.0938775539398193,
      3.251293659210205,
      3.40871000289917,
      3.5661261081695557,
      3.7235424518585205,
      3.8809585571289062,
      4.038374900817871,
      4.195791244506836,
      4.353207111358643,
      4.510623455047607,
      4.668039798736572,
      4.825455665588379,
      4.982872009277344,
      5.140288352966309,
      5.297704696655273,
      5.45512056350708,
      5.612536907196045,
      5.76995325088501,
      5.927369117736816,
      6.084785461425781,
      6.242201805114746,
      6.399618148803711,
      6.557034015655518,
      6.714450359344482,
      6.871866703033447,
      7.029282569885254,
      7.186698913574219,
      7.344115257263184,
      7.501531600952148,
      7.658947467803955,
      7.81636381149292,
      7.973780155181885,
      8.131196022033691,
      8.288612365722656,
      8.446028709411621,
      8.603445053100586,
      8.76086139678955,
      8.918277740478516,
      9.075693130493164,
      9.233109474182129,
      9.390525817871094,
      9.547942161560059
    ]
  }
}