{
  "module": "block.1.attn.proj_lif",
  "state_shape": [
    64,
    384,
    8,
    8
  ],
  "time_steps": 1,
  "numel_sampled": 196608,
  "mean": -0.2520311772823334,
  "std": 1.6996012926101685,
  "min": -8.869158744812012,
  "max": 7.979647159576416,
  "quantiles": {
    "0.00": -8.869158744812012,
    "0.01": -4.162228584289551,
    "0.05": -3.024729013442993,
    "0.10": -2.419288158416748,
    "0.25": -1.4043620824813843,
    "0.50": -0.26304417848587036,
    "0.75": 0.8933753967285156,
    "0.90": 1.9292168617248535,
    "0.95": 2.557123899459839,
    "0.99": 3.741417646408081,
    "1.00": 7.979647159576416
  },
  "histogram": {
    "counts": [
      1,
      0,
      0,
      0,
      0,
      0,
      1,
      0,
      1,
      0,
      1,
      4,
      1,
      3,
      3,
      3,
      1,
      10,
      10,
      7,
      22,
      22,
      21,
      42,
      52,
      44,
      60,
      88,
      81,
      115,
      117,
      194,
      218,
      236,
      346,
      354,
      444,
      555,
      668,
      779,
      931,
      1012,
      1279,
      1463,
      1615,
      1871,
      2136,
      2346,
      2505,
      2804,
      3251,
      3426,
      3706,
      3953,
      4390,
      4599,
      4761,
      5118,
      5248,
      5513,
      5690,
      5785,
      5903,
      6041,
      6095,
      6083,
      6016,
      5949,
      6014,
      5681,
      5628,
      5365,
      5160,
      4793,
      4828,
      4487,
      4301,
      3949,
      3582,
      3299,
      3045,
      2722,
      2542,
      2214,
      2046,
      1823,
      1611,
      1360,
      1245,
      1055,
      958,
      751,
      695,
      605,
      529,
      448,
      333,
      285,
      243,
      204,
      163,
      131,
      115,
      87,
      56,
      54,
      48,
      38,
      32,
      16,
      16,
      15,
      14,
      5,
      7,
      1,
      6,
      3,
      2,
      2,
      2,
      0,
      0,
      0,
      0,
      0,
      0,
      1
    ],
    "bin_edges": [
      -8.869158744812012,
      -8.737527847290039,
      -8.60589599609375,
      -8.474265098571777,
      -8.342633247375488,
      -8.211002349853516,
      -8.079370498657227,
      -7.947739601135254,
      -7.816108226776123,
      -7.684476852416992,
      -7.5528459548950195,
      -7.421214580535889,
      -7.289583206176758,
      -7.157951831817627,
      -7.026320457458496,
      -6.894689083099365,
      -6.763057708740234,
      -6.631426811218262,
      -6.499795436859131,
      -6.3681640625,
      -6.236532688140869,
      -6.104901313781738,
      -5.973269939422607,
      -5.841639041900635,
      -5.710007667541504,
      -5.578376293182373,
      -5.446744918823242,
      -5.315113544464111,
      -5.1834821701049805,
      -5.051851272583008,
      -4.920219898223877,
      -4.788588523864746,
      -4.656957149505615,
      -4.525325775146484,
      -4.3936944007873535,
      -4.262063026428223,
      -4.13043212890625,
      -3.998800754547119,
      -3.8671693801879883,
      -3.7355380058288574,
      -3.6039066314697266,
      -3.472275495529175,
      -3.340644121170044,
      -3.209012746810913,
      -3.0773816108703613,
      -2.9457502365112305,
      -2.8141188621520996,
      -2.682487726211548,
      -2.550856351852417,
      -2.419224977493286,
      -2.2875938415527344,
      -2.1559624671936035,
      -2.0243310928344727,
      -1.8926998376846313,
      -1.76106858253479,
      -1.6294372081756592,
      -1.4978059530258179,
      -1.3661746978759766,
      -1.2345433235168457,
      -1.1029120683670044,
      -0.9712807536125183,
      -0.8396494388580322,
      -0.7080181837081909,
      -0.5763868689537048,
      -0.44475603103637695,
      -0.31312471628189087,
      -0.18149343132972717,
      -0.04986213147640228,
      0.08176916837692261,
      0.2134004682302475,
      0.3450317680835724,
      0.4766630530357361,
      0.6082943677902222,
      0.7399256825447083,
      0.8715569972991943,
      1.0031882524490356,
      1.134819507598877,
      1.2664508819580078,
      1.3980821371078491,
      1.52971351146698,
      1.6613447666168213,
      1.7929760217666626,
      1.9246073961257935,
      2.0562386512756348,
      2.1878700256347656,
      2.3195011615753174,
      2.4511325359344482,
      2.582763910293579,
      2.714395046234131,
      2.8460264205932617,
      2.9776577949523926,
      3.1092891693115234,
      3.240920305252075,
      3.372551679611206,
      3.504183053970337,
      3.6358141899108887,
      3.7674455642700195,
      3.8990769386291504,
      4.030708312988281,
      4.162339687347412,
      4.293970584869385,
      4.425601959228516,
      4.5572333335876465,
      4.688864707946777,
      4.820496082305908,
      4.952127456665039,
      5.083758354187012,
      5.215389728546143,
      5.347021102905273,
      5.478652477264404,
      5.610283851623535,
      5.741915225982666,
      5.873546600341797,
      6.0051774978637695,
      6.1368088722229,
      6.268440246582031,
      6.400071620941162,
      6.531702995300293,
      6.663334369659424,
      6.7949652671813965,
      6.926596641540527,
      7.058228015899658,
      7.189859390258789,
      7.32149076461792,
      7.453122138977051,
      7.584753036499023,
      7.716384410858154,
      7.848015785217285,
      7.979647159576416
    ]
  }
}