{
  "module": "block.0.attn.k_lif",
  "state_shape": [
    64,
    384,
    64
  ],
  "time_steps": 1,
  "numel_sampled": 196608,
  "mean": -0.24307851493358612,
  "std": 0.7401396632194519,
  "min": -3.757988929748535,
  "max": 3.808546781539917,
  "quantiles": {
    "0.00": -3.757988929748535,
    "0.01": -1.8936469554901123,
    "0.05": -1.4341800212860107,
    "0.10": -1.1801005601882935,
    "0.25": -0.7532727718353271,
    "0.50": -0.25512492656707764,
    "0.75": 0.25224170088768005,
    "0.90": 0.7103584408760071,
    "0.95": 0.982261061668396,
    "0.99": 1.5269789695739746,
    "1.00": 3.808546781539917
  },
  "histogram": {
    "counts": [
      1,
      0,
      0,
      1,
      1,
      1,
      2,
      0,
      1,
      0,
      3,
      5,
      4,
      5,
      8,
      11,
      17,
      18,
      28,
      17,
      31,
      49,
      52,
      62,
      107,
      106,
      147,
      177,
      246,
      278,
      348,
      471,
      551,
      664,
      844,
      935,
      1158,
      1419,
      1513,
      1788,
      1943,
      2311,
      2626,
      2883,
      3150,
      3645,
      3846,
      4176,
      4492,
      4821,
      5038,
      5294,
      5557,
      5703,
      5840,
      5909,
      6065,
      6162,
      6174,
      6286,
      6263,
      6090,
      5938,
      5757,
      5619,
      5352,
      5246,
      4941,
      4741,
      4401,
      4111,
      3750,
      3707,
      3305,
      3093,
      2759,
      2537,
      2185,
      1939,
      1734,
      1464,
      1333,
      1126,
      1005,
      869,
      701,
      637,
      511,
      397,
      344,
      308,
      251,
      191,
      166,
      137,
      132,
      93,
      67,
      73,
      54,
      55,
      30,
      27,
      32,
      22,
      20,
      17,
      10,
      15,
      18,
      5,
      8,
      1,
      3,
      5,
      1,
      4,
      5,
      3,
      1,
      3,
      0,
      1,
      3,
      0,
      0,
      1,
      1
    ],
    "bin_edges": [
      -3.757988929748535,
      -3.6988754272460938,
      -3.6397619247436523,
      -3.580648183822632,
      -3.5215346813201904,
      -3.462421178817749,
      -3.4033074378967285,
      -3.344193935394287,
      -3.2850804328918457,
      -3.2259669303894043,
      -3.166853427886963,
      -3.1077396869659424,
      -3.048626184463501,
      -2.9895126819610596,
      -2.930398941040039,
      -2.8712854385375977,
      -2.8121719360351562,
      -2.753058433532715,
      -2.6939449310302734,
      -2.634831190109253,
      -2.5757176876068115,
      -2.51660418510437,
      -2.4574904441833496,
      -2.398376941680908,
      -2.339263439178467,
      -2.2801499366760254,
      -2.221036434173584,
      -2.1619226932525635,
      -2.102809190750122,
      -2.0436956882476807,
      -1.9845820665359497,
      -1.9254684448242188,
      -1.8663549423217773,
      -1.807241439819336,
      -1.748127818107605,
      -1.689014196395874,
      -1.6299006938934326,
      -1.5707871913909912,
      -1.5116735696792603,
      -1.4525599479675293,
      -1.393446445465088,
      -1.3343329429626465,
      -1.2752193212509155,
      -1.2161056995391846,
      -1.1569921970367432,
      -1.0978786945343018,
      -1.0387650728225708,
      -0.9796515107154846,
      -0.9205379486083984,
      -0.8614243865013123,
      -0.8023108243942261,
      -0.7431972622871399,
      -0.6840837001800537,
      -0.6249701380729675,
      -0.5658565759658813,
      -0.5067430138587952,
      -0.447629451751709,
      -0.3885158896446228,
      -0.3294023275375366,
      -0.27028876543045044,
      -0.21117520332336426,
      -0.15206164121627808,
      -0.0929480791091919,
      -0.03383451700210571,
      0.025278806686401367,
      0.08439236879348755,
      0.14350593090057373,
      0.2026194930076599,
      0.2617330551147461,
      0.3208466172218323,
      0.37996017932891846,
      0.43907374143600464,
      0.4981873035430908,
      0.557300865650177,
      0.6164144277572632,
      0.6755279898643494,
      0.7346415519714355,
      0.7937551140785217,
      0.8528686761856079,
      0.9119822382926941,
      0.9710958003997803,
      1.0302093029022217,
      1.0893229246139526,
      1.1484365463256836,
      1.207550048828125,
      1.2666635513305664,
      1.3257771730422974,
      1.3848907947540283,
      1.4440042972564697,
      1.5031177997589111,
      1.562231421470642,
      1.621345043182373,
      1.6804585456848145,
      1.7395720481872559,
      1.7986856698989868,
      1.8577992916107178,
      1.9169127941131592,
      1.9760262966156006,
      2.035140037536621,
      2.0942535400390625,
      2.153367042541504,
      2.2124805450439453,
      2.2715940475463867,
      2.3307077884674072,
      2.3898212909698486,
      2.44893479347229,
      2.5080485343933105,
      2.567162036895752,
      2.6262755393981934,
      2.6853890419006348,
      2.744502544403076,
      2.8036162853240967,
      2.862729787826538,
      2.9218432903289795,
      2.98095703125,
      3.0400705337524414,
      3.099184036254883,
      3.158297538757324,
      3.2174110412597656,
      3.276524782180786,
      3.3356382846832275,
      3.394751787185669,
      3.4538655281066895,
      3.512979030609131,
      3.5720925331115723,
      3.6312060356140137,
      3.690319538116455,
      3.7494332790374756,
      3.808546781539917
    ]
  }
}