{
  "module": "block.2.attn.proj_lif",
  "state_shape": [
    64,
    384,
    8,
    8
  ],
  "time_steps": 1,
  "numel_sampled": 196608,
  "mean": -0.27731725573539734,
  "std": 1.9033619165420532,
  "min": -9.434353828430176,
  "max": 8.565990447998047,
  "quantiles": {
    "0.00": -9.434353828430176,
    "0.01": -4.792403697967529,
    "0.05": -3.4397740364074707,
    "0.10": -2.7345902919769287,
    "0.25": -1.549894094467163,
    "0.50": -0.2442358434200287,
    "0.75": 1.015939712524414,
    "0.90": 2.1095468997955322,
    "0.95": 2.7742373943328857,
    "0.99": 4.120445251464844,
    "1.00": 8.565990447998047
  },
  "histogram": {
    "counts": [
      1,
      0,
      0,
      0,
      0,
      0,
      0,
      2,
      2,
      3,
      6,
      4,
      6,
      3,
      4,
      9,
      5,
      19,
      28,
      29,
      44,
      35,
      46,
      72,
      71,
      93,
      108,
      135,
      158,
      206,
      234,
      287,
      352,
      399,
      489,
      535,
      635,
      773,
      823,
      1019,
      1094,
      1255,
      1429,
      1592,
      1829,
      2030,
      2266,
      2450,
      2693,
      2939,
      3259,
      3376,
      3588,
      3865,
      4191,
      4357,
      4635,
      4785,
      5032,
      5174,
      5432,
      5450,
      5596,
      5650,
      5754,
      5663,
      5792,
      5812,
      5686,
      5585,
      5509,
      5323,
      5149,
      4981,
      4855,
      4441,
      4306,
      4047,
      3755,
      3465,
      3146,
      2821,
      2529,
      2332,
      2058,
      1814,
      1592,
      1337,
      1177,
      1060,
      911,
      773,
      711,
      562,
      516,
      424,
      372,
      301,
      243,
      219,
      190,
      131,
      115,
      109,
      89,
      49,
      62,
      49,
      44,
      33,
      30,
      12,
      16,
      7,
      13,
      7,
      4,
      7,
      3,
      3,
      4,
      4,
      0,
      1,
      0,
      1,
      1,
      1
    ],
    "bin_edges": [
      -9.434353828430176,
      -9.293725967407227,
      -9.153098106384277,
      -9.012471199035645,
      -8.871843338012695,
      -8.731215476989746,
      -8.590587615966797,
      -8.449959754943848,
      -8.309331893920898,
      -8.168704986572266,
      -8.028077125549316,
      -7.887449264526367,
      -7.746821403503418,
      -7.606194019317627,
      -7.465566158294678,
      -7.324938774108887,
      -7.1843109130859375,
      -7.043683052062988,
      -6.903055667877197,
      -6.762427806854248,
      -6.621800422668457,
      -6.481172561645508,
      -6.340544700622559,
      -6.199917316436768,
      -6.059289455413818,
      -5.918661594390869,
      -5.778034210205078,
      -5.637406349182129,
      -5.49677848815918,
      -5.356151103973389,
      -5.2155232429504395,
      -5.074895858764648,
      -4.934267997741699,
      -4.79364013671875,
      -4.653012752532959,
      -4.51238489151001,
      -4.371757507324219,
      -4.2311296463012695,
      -4.09050178527832,
      -3.94987416267395,
      -3.80924654006958,
      -3.66861891746521,
      -3.52799129486084,
      -3.3873634338378906,
      -3.2467358112335205,
      -3.1061081886291504,
      -2.965480327606201,
      -2.824852705001831,
      -2.684225082397461,
      -2.543597459793091,
      -2.4029698371887207,
      -2.2623419761657715,
      -2.1217143535614014,
      -1.9810867309570312,
      -1.8404589891433716,
      -1.699831247329712,
      -1.5592036247253418,
      -1.4185760021209717,
      -1.277948260307312,
      -1.1373205184936523,
      -0.9966928958892822,
      -0.8560652136802673,
      -0.7154375314712524,
      -0.5748098492622375,
      -0.43418121337890625,
      -0.29355353116989136,
      -0.15292584896087646,
      -0.012298166751861572,
      0.12832951545715332,
      0.2689571976661682,
      0.4095848798751831,
      0.550212562084198,
      0.6908402442932129,
      0.8314679265022278,
      0.9720956087112427,
      1.1127233505249023,
      1.2533509731292725,
      1.3939785957336426,
      1.5346063375473022,
      1.675234079360962,
      1.815861701965332,
      1.9564893245697021,
      2.0971169471740723,
      2.2377448081970215,
      2.3783724308013916,
      2.5190000534057617,
      2.659627914428711,
      2.800255537033081,
      2.940883159637451,
      3.0815107822418213,
      3.2221384048461914,
      3.3627662658691406,
      3.5033938884735107,
      3.644021511077881,
      3.78464937210083,
      3.9252769947052,
      4.06590461730957,
      4.2065324783325195,
      4.3471598625183105,
      4.48778772354126,
      4.628415107727051,
      4.76904296875,
      4.909670829772949,
      5.05029821395874,
      5.1909260749816895,
      5.331553936004639,
      5.47218132019043,
      5.612809181213379,
      5.753437042236328,
      5.894064426422119,
      6.034692287445068,
      6.175319671630859,
      6.315947532653809,
      6.456575393676758,
      6.597202777862549,
      6.737830638885498,
      6.878458023071289,
      7.019085884094238,
      7.1597137451171875,
      7.3003411293029785,
      7.440968990325928,
      7.581596851348877,
      7.722224235534668,
      7.862852096557617,
      8.003479957580566,
      8.144107818603516,
      8.284734725952148,
      8.425362586975098,
      8.565990447998047
    ]
  }
}