{
  "module": "patch_embed.block2_lif",
  "state_shape": [
    64,
    96,
    32,
    32
  ],
  "time_steps": 1,
  "numel_sampled": 196608,
  "mean": 0.11738955974578857,
  "std": 2.1421587467193604,
  "min": -11.090394020080566,
  "max": 11.418266296386719,
  "quantiles": {
    "0.00": -11.090394020080566,
    "0.01": -5.2197394371032715,
    "0.05": -3.376955509185791,
    "0.10": -2.5053882598876953,
    "0.25": -1.21382737159729,
    "0.50": 0.07919428497552872,
    "0.75": 1.46256422996521,
    "0.90": 2.8361759185791016,
    "0.95": 3.6642088890075684,
    "0.99": 5.286135196685791,
    "1.00": 11.418266296386719
  },
  "histogram": {
    "counts": [
      2,
      1,
      4,
      1,
      2,
      5,
      2,
      3,
      7,
      2,
      7,
      5,
      7,
      13,
      7,
      23,
      24,
      21,
      26,
      25,
      42,
      39,
      55,
      65,
      87,
      99,
      106,
      115,
      160,
      187,
      195,
      230,
      273,
      350,
      360,
      470,
      524,
      583,
      680,
      718,
      924,
      1005,
      1190,
      1387,
      1444,
      1809,
      2005,
      2309,
      2529,
      2868,
      3299,
      3626,
      3856,
      4456,
      4719,
      5250,
      5546,
      6059,
      6460,
      6768,
      7011,
      7073,
      7416,
      7170,
      7118,
      6962,
      6597,
      6304,
      5969,
      5605,
      5241,
      4845,
      4559,
      4310,
      4111,
      3742,
      3416,
      3128,
      2842,
      2505,
      2303,
      2075,
      1862,
      1714,
      1441,
      1288,
      1036,
      928,
      812,
      663,
      603,
      513,
      402,
      333,
      293,
      241,
      190,
      166,
      126,
      108,
      96,
      71,
      71,
      51,
      33,
      48,
      33,
      25,
      17,
      24,
      13,
      15,
      13,
      7,
      9,
      8,
      5,
      2,
      3,
      4,
      1,
      3,
      0,
      0,
      0,
      0,
      0,
      1
    ],
    "bin_edges": [
      -11.090394020080566,
      -10.914545059204102,
      -10.738696098327637,
      -10.562847137451172,
      -10.386998176574707,
      -10.211149215698242,
      -10.035300254821777,
      -9.859451293945312,
      -9.683603286743164,
      -9.5077543258667,
      -9.331905364990234,
      -9.15605640411377,
      -8.980207443237305,
      -8.80435848236084,
      -8.628509521484375,
      -8.45266056060791,
      -8.276811599731445,
      -8.10096263885498,
      -7.925113677978516,
      -7.749264717102051,
      -7.573415756225586,
      -7.397567272186279,
      -7.2217183113098145,
      -7.04586935043335,
      -6.870020389556885,
      -6.69417142868042,
      -6.518322467803955,
      -6.34247350692749,
      -6.166625022888184,
      -5.990776062011719,
      -5.814927101135254,
      -5.639078140258789,
      -5.463229179382324,
      -5.287380218505859,
      -5.1115312576293945,
      -4.93568229675293,
      -4.759833335876465,
      -4.583984851837158,
      -4.408135890960693,
      -4.2322869300842285,
      -4.056437969207764,
      -3.880589008331299,
      -3.704740047454834,
      -3.5288913249969482,
      -3.3530423641204834,
      -3.1771934032440186,
      -3.001344680786133,
      -2.825495719909668,
      -2.649646759033203,
      -2.4737977981567383,
      -2.2979488372802734,
      -2.1221001148223877,
      -1.9462511539459229,
      -1.770402193069458,
      -1.5945533514022827,
      -1.4187045097351074,
      -1.2428555488586426,
      -1.0670065879821777,
      -0.8911577463150024,
      -0.7153088450431824,
      -0.5394599437713623,
      -0.36361104249954224,
      -0.18776214122772217,
      -0.0119132399559021,
      0.16393661499023438,
      0.33978551626205444,
      0.5156344175338745,
      0.6914833188056946,
      0.8673322200775146,
      1.0431811809539795,
      1.2190300226211548,
      1.39487886428833,
      1.570727825164795,
      1.7465767860412598,
      1.922425627708435,
      2.0982744693756104,
      2.274123430252075,
      2.44997239112854,
      2.625821113586426,
      2.8016700744628906,
      2.9775190353393555,
      3.1533679962158203,
      3.329216957092285,
      3.505065679550171,
      3.6809146404266357,
      3.8567636013031006,
      4.032612323760986,
      4.208461284637451,
      4.384310245513916,
      4.560159206390381,
      4.736008167266846,
      4.9118571281433105,
      5.087705612182617,
      5.263554573059082,
      5.439403533935547,
      5.615252494812012,
      5.791101455688477,
      5.966950416564941,
      6.142799377441406,
      6.318648338317871,
      6.494497299194336,
      6.670345783233643,
      6.846194744110107,
      7.022043704986572,
      7.197892665863037,
      7.373741626739502,
      7.549590587615967,
      7.725439548492432,
      7.901288032531738,
      8.077136993408203,
      8.252985954284668,
      8.428834915161133,
      8.604683876037598,
      8.780532836914062,
      8.956381797790527,
      9.132230758666992,
      9.308079719543457,
      9.483928680419922,
      9.659777641296387,
      9.835626602172852,
      10.011474609375,
      10.187323570251465,
      10.36317253112793,
      10.539021492004395,
      10.71487045288086,
      10.890719413757324,
      11.066568374633789,
      11.242417335510254,
      11.418266296386719
    ]
  }
}