{
  "module": "patch_embed.block4_lif",
  "state_shape": [
    64,
    384,
    16,
    16
  ],
  "time_steps": 1,
  "numel_sampled": 196608,
  "mean": 0.04973063990473747,
  "std": 1.922513723373413,
  "min": -9.559414863586426,
  "max": 9.634495735168457,
  "quantiles": {
    "0.00": -9.559414863586426,
    "0.01": -4.3469414710998535,
    "0.05": -2.9889168739318848,
    "0.10": -2.307525396347046,
    "0.25": -1.2229546308517456,
    "0.50": -0.02459269016981125,
    "0.75": 1.2605048418045044,
    "0.90": 2.529775857925415,
    "0.95": 3.3397815227508545,
    "0.99": 4.903705596923828,
    "1.00": 9.634495735168457
  },
  "histogram": {
    "counts": [
      1,
      0,
      0,
      1,
      3,
      2,
      2,
      1,
      0,
      3,
      4,
      2,
      2,
      5,
      7,
      9,
      8,
      12,
      18,
      19,
      20,
      16,
      35,
      56,
      57,
      79,
      74,
      89,
      141,
      153,
      149,
      179,
      255,
      325,
      324,
      449,
      492,
      599,
      715,
      813,
      980,
      1142,
      1350,
      1529,
      1717,
      1978,
      2268,
      2548,
      2877,
      3230,
      3563,
      3929,
      4271,
      4581,
      4916,
      5199,
      5513,
      5852,
      6213,
      6340,
      6431,
      6410,
      6575,
      6485,
      6511,
      6215,
      6090,
      5851,
      5682,
      5324,
      5128,
      4899,
      4560,
      4232,
      4042,
      3688,
      3556,
      3104,
      2840,
      2662,
      2401,
      2121,
      1950,
      1784,
      1613,
      1472,
      1339,
      1181,
      978,
      889,
      748,
      671,
      588,
      505,
      485,
      367,
      352,
      286,
      236,
      221,
      170,
      154,
      107,
      99,
      96,
      79,
      66,
      40,
      40,
      36,
      25,
      22,
      23,
      11,
      13,
      8,
      9,
      5,
      3,
      5,
      3,
      4,
      0,
      0,
      1,
      0,
      1,
      1
    ],
    "bin_edges": [
      -9.559414863586426,
      -9.409461975097656,
      -9.259510040283203,
      -9.109557151794434,
      -8.95960521697998,
      -8.809652328491211,
      -8.659700393676758,
      -8.509747505187988,
      -8.359795570373535,
      -8.209842681884766,
      -8.059890747070312,
      -7.909938335418701,
      -7.75998592376709,
      -7.6100335121154785,
      -7.460081100463867,
      -7.310128688812256,
      -7.1601762771606445,
      -7.010223388671875,
      -6.860270977020264,
      -6.710318565368652,
      -6.560366153717041,
      -6.41041374206543,
      -6.260461330413818,
      -6.110508918762207,
      -5.960556507110596,
      -5.810604095458984,
      -5.660651683807373,
      -5.510699272155762,
      -5.36074686050415,
      -5.210794448852539,
      -5.060842037200928,
      -4.910889625549316,
      -4.760937213897705,
      -4.610984802246094,
      -4.461032390594482,
      -4.311079978942871,
      -4.16112756729126,
      -4.011175155639648,
      -3.861222743988037,
      -3.711270332336426,
      -3.5613179206848145,
      -3.411365270614624,
      -3.2614128589630127,
      -3.1114604473114014,
      -2.96150803565979,
      -2.8115556240081787,
      -2.6616032123565674,
      -2.511650800704956,
      -2.3616983890533447,
      -2.2117459774017334,
      -2.061793565750122,
      -1.9118411540985107,
      -1.7618887424468994,
      -1.6119362115859985,
      -1.4619837999343872,
      -1.3120313882827759,
      -1.1620789766311646,
      -1.0121265649795532,
      -0.8621741533279419,
      -0.7122216820716858,
      -0.5622692704200745,
      -0.41231685876846313,
      -0.2623644173145294,
      -0.1124119907617569,
      0.037540435791015625,
      0.18749286234378815,
      0.33744528889656067,
      0.4873977303504944,
      0.6373501420021057,
      0.787302553653717,
      0.9372550249099731,
      1.0872074365615845,
      1.2371598482131958,
      1.3871122598648071,
      1.5370646715164185,
      1.6870170831680298,
      1.8369696140289307,
      1.986922025680542,
      2.1368744373321533,
      2.2868268489837646,
      2.436779260635376,
      2.5867316722869873,
      2.7366840839385986,
      2.88663649559021,
      3.0365889072418213,
      3.1865413188934326,
      3.336493730545044,
      3.4864461421966553,
      3.6363987922668457,
      3.786351203918457,
      3.9363036155700684,
      4.08625602722168,
      4.236208438873291,
      4.386160850524902,
      4.536113262176514,
      4.686065673828125,
      4.836018085479736,
      4.985970497131348,
      5.135922908782959,
      5.28587532043457,
      5.435827732086182,
      5.585780143737793,
      5.735732555389404,
      5.885684967041016,
      6.035637378692627,
      6.185589790344238,
      6.33554220199585,
      6.485494613647461,
      6.635447025299072,
      6.785399436950684,
      6.935351848602295,
      7.085304260253906,
      7.235257148742676,
      7.385209560394287,
      7.535161972045898,
      7.68511438369751,
      7.835066795349121,
      7.985019207000732,
      8.134971618652344,
      8.284923553466797,
      8.434876441955566,
      8.58482837677002,
      8.734781265258789,
      8.884733200073242,
      9.034686088562012,
      9.184638023376465,
      9.334590911865234,
      9.484542846679688,
      9.634495735168457
    ]
  }
}