{
  "module": "patch_embed.block3_lif",
  "state_shape": [
    64,
    192,
    32,
    32
  ],
  "time_steps": 1,
  "numel_sampled": 199729,
  "mean": -0.964364230632782,
  "std": 1.9727145433425903,
  "min": -11.727100372314453,
  "max": 10.70048999786377,
  "quantiles": {
    "0.00": -11.727100372314453,
    "0.01": -5.483255386352539,
    "0.05": -4.0693864822387695,
    "0.10": -3.3655359745025635,
    "0.25": -2.2603554725646973,
    "0.50": -1.0307908058166504,
    "0.75": 0.2467685490846634,
    "0.90": 1.5318659543991089,
    "0.95": 2.4052631855010986,
    "0.99": 4.136592864990234,
    "1.00": 10.70048999786377
  },
  "histogram": {
    "counts": [
      1,
      0,
      0,
      1,
      0,
      0,
      1,
      3,
      1,
      1,
      1,
      2,
      3,
      3,
      6,
      8,
      6,
      13,
      12,
      10,
      16,
      22,
      16,
      26,
      32,
      61,
      66,
      68,
      101,
      124,
      175,
      179,
      204,
      234,
      352,
      393,
      490,
      646,
      745,
      864,
      1073,
      1229,
      1567,
      1737,
      2095,
      2343,
      2797,
      3152,
      3678,
      4152,
      4624,
      5089,
      5419,
      5912,
      6183,
      6669,
      6927,
      7257,
      7447,
      7696,
      7583,
      7535,
      7332,
      7358,
      7130,
      6710,
      6273,
      5970,
      5519,
      5102,
      4764,
      4351,
      3818,
      3525,
      3018,
      2679,
      2385,
      2243,
      1891,
      1658,
      1469,
      1344,
      1119,
      965,
      846,
      790,
      690,
      562,
      514,
      431,
      385,
      315,
      255,
      207,
      194,
      141,
      118,
      115,
      85,
      70,
      59,
      56,
      41,
      30,
      25,
      21,
      19,
      19,
      8,
      11,
      6,
      7,
      3,
      4,
      7,
      2,
      1,
      5,
      2,
      3,
      2,
      0,
      4,
      1,
      0,
      0,
      0,
      2
    ],
    "bin_edges": [
      -11.727100372314453,
      -11.551884651184082,
      -11.376668930053711,
      -11.201454162597656,
      -11.026238441467285,
      -10.851022720336914,
      -10.675806999206543,
      -10.500591278076172,
      -10.325376510620117,
      -10.150160789489746,
      -9.974945068359375,
      -9.799729347229004,
      -9.624513626098633,
      -9.449297904968262,
      -9.274083137512207,
      -9.098867416381836,
      -8.923651695251465,
      -8.748435974121094,
      -8.573220252990723,
      -8.398005485534668,
      -8.222789764404297,
      -8.047574043273926,
      -7.872358322143555,
      -7.697143077850342,
      -7.521927356719971,
      -7.3467116355896,
      -7.171496391296387,
      -6.996280670166016,
      -6.8210649490356445,
      -6.645849704742432,
      -6.4706339836120605,
      -6.295418739318848,
      -6.120203018188477,
      -5.9449872970581055,
      -5.769772052764893,
      -5.5945563316345215,
      -5.419341087341309,
      -5.2441253662109375,
      -5.068909645080566,
      -4.8936944007873535,
      -4.718478679656982,
      -4.543262958526611,
      -4.368047714233398,
      -4.192831993103027,
      -4.017616271972656,
      -3.8424010276794434,
      -3.6671853065490723,
      -3.4919698238372803,
      -3.3167543411254883,
      -3.1415388584136963,
      -2.9663233757019043,
      -2.791107654571533,
      -2.615892171859741,
      -2.440676689147949,
      -2.265460968017578,
      -2.090245485305786,
      -1.9150300025939941,
      -1.7398145198822021,
      -1.5645989179611206,
      -1.389383316040039,
      -1.214167833328247,
      -1.038952350616455,
      -0.8637367486953735,
      -0.6885212063789368,
      -0.5133047103881836,
      -0.3380891680717468,
      -0.16287362575531006,
      0.012341916561126709,
      0.18755745887756348,
      0.36277300119400024,
      0.537988543510437,
      0.7132040858268738,
      0.8884196281433105,
      1.0636351108551025,
      1.238850712776184,
      1.4140663146972656,
      1.5892817974090576,
      1.7644972801208496,
      1.9397128820419312,
      2.1149284839630127,
      2.2901439666748047,
      2.4653594493865967,
      2.6405749320983887,
      2.8157906532287598,
      2.9910061359405518,
      3.1662216186523438,
      3.341437339782715,
      3.516652822494507,
      3.691868305206299,
      3.867083787918091,
      4.042299270629883,
      4.217514991760254,
      4.392730712890625,
      4.567945957183838,
      4.743161678314209,
      4.918376922607422,
      5.093592643737793,
      5.268808364868164,
      5.444023609161377,
      5.619239330291748,
      5.794454574584961,
      5.969670295715332,
      6.144886016845703,
      6.320101261138916,
      6.495316982269287,
      6.670532703399658,
      6.845747947692871,
      7.020963668823242,
      7.196179389953613,
      7.371394634246826,
      7.546610355377197,
      7.72182559967041,
      7.897041320800781,
      8.072257041931152,
      8.247472763061523,
      8.422687530517578,
      8.59790325164795,
      8.77311897277832,
      8.948334693908691,
      9.123550415039062,
      9.298765182495117,
      9.473980903625488,
      9.64919662475586,
      9.82441234588623,
      9.999628067016602,
      10.174843788146973,
      10.350058555603027,
      10.525274276733398,
      10.70048999786377
    ]
  }
}