{
  "module": "patch_embed.block1_lif",
  "state_shape": [
    64,
    48,
    32,
    32
  ],
  "time_steps": 1,
  "numel_sampled": 196608,
  "mean": 0.945687472820282,
  "std": 2.5529630184173584,
  "min": -26.312786102294922,
  "max": 26.52853012084961,
  "quantiles": {
    "0.00": -26.312786102294922,
    "0.01": -6.048696517944336,
    "0.05": -2.9961612224578857,
    "0.10": -1.7598223686218262,
    "0.25": -0.3378415107727051,
    "0.50": 0.9150518178939819,
    "0.75": 2.2199692726135254,
    "0.90": 3.65090274810791,
    "0.95": 4.851377487182617,
    "0.99": 8.428516387939453,
    "1.00": 26.52853012084961
  },
  "histogram": {
    "counts": [
      1,
      0,
      0,
      1,
      0,
      0,
      1,
      0,
      1,
      0,
      0,
      0,
      0,
      1,
      2,
      0,
      0,
      3,
      2,
      2,
      2,
      2,
      3,
      1,
      5,
      9,
      7,
      11,
      14,
      13,
      16,
      14,
      18,
      19,
      27,
      28,
      39,
      33,
      46,
      44,
      56,
      70,
      96,
      115,
      120,
      163,
      204,
      309,
      417,
      461,
      535,
      756,
      958,
      1170,
      1332,
      1749,
      2102,
      2810,
      3738,
      4954,
      6589,
      8807,
      12391,
      15370,
      16855,
      16590,
      16458,
      15996,
      14395,
      11792,
      9037,
      6938,
      5284,
      3853,
      2800,
      2174,
      1567,
      1289,
      1038,
      795,
      715,
      537,
      457,
      391,
      322,
      290,
      221,
      175,
      186,
      130,
      119,
      84,
      72,
      63,
      52,
      27,
      38,
      31,
      20,
      24,
      18,
      14,
      15,
      25,
      10,
      19,
      13,
      9,
      10,
      5,
      2,
      3,
      4,
      2,
      1,
      1,
      0,
      0,
      1,
      0,
      0,
      0,
      0,
      0,
      0,
      1,
      0,
      3
    ],
    "bin_edges": [
      -26.312786102294922,
      -25.89996337890625,
      -25.487140655517578,
      -25.074317932128906,
      -24.661495208740234,
      -24.248672485351562,
      -23.83584976196289,
      -23.42302703857422,
      -23.010204315185547,
      -22.597381591796875,
      -22.184558868408203,
      -21.77173614501953,
      -21.35891342163086,
      -20.946090698242188,
      -20.533267974853516,
      -20.120445251464844,
      -19.707622528076172,
      -19.294797897338867,
      -18.881975173950195,
      -18.469152450561523,
      -18.05632972717285,
      -17.64350700378418,
      -17.230684280395508,
      -16.817861557006836,
      -16.405038833618164,
      -15.992216110229492,
      -15.57939338684082,
      -15.166570663452148,
      -14.753747940063477,
      -14.340925216674805,
      -13.928102493286133,
      -13.515279769897461,
      -13.102457046508789,
      -12.689634323120117,
      -12.276811599731445,
      -11.863988876342773,
      -11.451166152954102,
      -11.03834342956543,
      -10.625520706176758,
      -10.212697982788086,
      -9.799875259399414,
      -9.387051582336426,
      -8.974228858947754,
      -8.561406135559082,
      -8.14858341217041,
      -7.735760688781738,
      -7.322937965393066,
      -6.9101152420043945,
      -6.497292518615723,
      -6.084469795227051,
      -5.671647071838379,
      -5.258824348449707,
      -4.846001625061035,
      -4.433178424835205,
      -4.020355701446533,
      -3.6075329780578613,
      -3.1947102546691895,
      -2.7818875312805176,
      -2.3690648078918457,
      -1.9562418460845947,
      -1.5434191226959229,
      -1.130596399307251,
      -0.7177735567092896,
      -0.3049507737159729,
      0.10787200927734375,
      0.5206947922706604,
      0.933517575263977,
      1.3463404178619385,
      1.7591631412506104,
      2.1719858646392822,
      2.584808826446533,
      2.997631549835205,
      3.410454273223877,
      3.823276996612549,
      4.236099720001221,
      4.648922443389893,
      5.061745643615723,
      5.4745683670043945,
      5.887391090393066,
      6.300213813781738,
      6.71303653717041,
      7.125859260559082,
      7.538681983947754,
      7.951504707336426,
      8.364327430725098,
      8.77715015411377,
      9.189972877502441,
      9.602795600891113,
      10.015619277954102,
      10.428442001342773,
      10.841264724731445,
      11.254087448120117,
      11.666910171508789,
      12.079732894897461,
      12.492555618286133,
      12.905378341674805,
      13.318201065063477,
      13.731023788452148,
      14.14384651184082,
      14.556669235229492,
      14.969491958618164,
      15.382314682006836,
      15.795137405395508,
      16.20796012878418,
      16.62078285217285,
      17.033605575561523,
      17.446428298950195,
      17.859251022338867,
      18.27207374572754,
      18.68489646911621,
      19.097719192504883,
      19.510541915893555,
      19.92336654663086,
      20.33618927001953,
      20.749011993408203,
      21.161834716796875,
      21.574657440185547,
      21.98748016357422,
      22.40030288696289,
      22.813125610351562,
      23.225948333740234,
      23.638771057128906,
      24.051593780517578,
      24.46441650390625,
      24.877239227294922,
      25.290061950683594,
      25.702884674072266,
      26.115707397460938,
      26.52853012084961
    ]
  }
}