{
  "module": "block.0.attn.k_lif",
  "state_shape": [
    64,
    384,
    64
  ],
  "time_steps": 1,
  "numel_sampled": 196608,
  "mean": -0.1941835880279541,
  "std": 0.7075284123420715,
  "min": -4.042473793029785,
  "max": 4.620177268981934,
  "quantiles": {
    "0.00": -4.042473793029785,
    "0.01": -1.7533366680145264,
    "0.05": -1.2920286655426025,
    "0.10": -1.0568088293075562,
    "0.25": -0.666612982749939,
    "0.50": -0.2242959588766098,
    "0.75": 0.24270761013031006,
    "0.90": 0.70002681016922,
    "0.95": 0.9998323321342468,
    "0.99": 1.6607918739318848,
    "1.00": 4.620177268981934
  },
  "histogram": {
    "counts": [
      1,
      0,
      0,
      1,
      1,
      0,
      1,
      1,
      1,
      2,
      3,
      3,
      6,
      4,
      3,
      9,
      6,
      4,
      11,
      15,
      16,
      28,
      17,
      31,
      29,
      52,
      73,
      86,
      154,
      172,
      236,
      255,
      348,
      488,
      570,
      698,
      943,
      1141,
      1430,
      1727,
      2033,
      2463,
      2796,
      3363,
      3784,
      4397,
      4782,
      5463,
      5977,
      6278,
      6773,
      7274,
      7505,
      7685,
      7912,
      7943,
      7992,
      7821,
      7524,
      7410,
      7083,
      6588,
      6139,
      5653,
      5398,
      4973,
      4355,
      4013,
      3531,
      3260,
      2797,
      2451,
      2066,
      1877,
      1629,
      1350,
      1115,
      1049,
      812,
      697,
      609,
      523,
      433,
      402,
      337,
      254,
      200,
      173,
      152,
      131,
      118,
      108,
      94,
      70,
      71,
      46,
      42,
      35,
      29,
      26,
      28,
      20,
      16,
      19,
      9,
      11,
      10,
      13,
      5,
      8,
      6,
      4,
      6,
      1,
      4,
      2,
      3,
      5,
      2,
      1,
      1,
      0,
      1,
      2,
      0,
      0,
      0,
      1
    ],
    "bin_edges": [
      -4.042473793029785,
      -3.974796772003174,
      -3.9071197509765625,
      -3.8394429683685303,
      -3.771765947341919,
      -3.7040889263153076,
      -3.6364121437072754,
      -3.568735122680664,
      -3.5010581016540527,
      -3.4333810806274414,
      -3.36570405960083,
      -3.298027276992798,
      -3.2303502559661865,
      -3.162673234939575,
      -3.094996452331543,
      -3.0273194313049316,
      -2.9596424102783203,
      -2.891965389251709,
      -2.8242883682250977,
      -2.7566115856170654,
      -2.688934564590454,
      -2.6212575435638428,
      -2.5535807609558105,
      -2.485903739929199,
      -2.418226718902588,
      -2.3505496978759766,
      -2.2828726768493652,
      -2.215195894241333,
      -2.1475188732147217,
      -2.0798418521881104,
      -2.012165069580078,
      -1.9444880485534668,
      -1.8768110275268555,
      -1.8091340065002441,
      -1.7414571046829224,
      -1.6737802028656006,
      -1.6061031818389893,
      -1.538426160812378,
      -1.4707492589950562,
      -1.4030723571777344,
      -1.335395336151123,
      -1.2677183151245117,
      -1.20004141330719,
      -1.1323645114898682,
      -1.0646874904632568,
      -0.9970105290412903,
      -0.9293335676193237,
      -0.8616566061973572,
      -0.7939796447753906,
      -0.7263026833534241,
      -0.6586257219314575,
      -0.590948760509491,
      -0.5232717990875244,
      -0.45559483766555786,
      -0.3879178762435913,
      -0.32024091482162476,
      -0.2525639533996582,
      -0.18488699197769165,
      -0.1172100305557251,
      -0.049533069133758545,
      0.018143892288208008,
      0.08582085371017456,
      0.1534978151321411,
      0.22117477655410767,
      0.2888517379760742,
      0.35652869939804077,
      0.4242056608200073,
      0.4918826222419739,
      0.5595595836639404,
      0.627236545085907,
      0.6949135065078735,
      0.7625904679298401,
      0.8302674293518066,
      0.8979443907737732,
      0.9656213521957397,
      1.0332982540130615,
      1.1009752750396729,
      1.1686522960662842,
      1.236329197883606,
      1.3040060997009277,
      1.371683120727539,
      1.4393601417541504,
      1.5070370435714722,
      1.574713945388794,
      1.6423909664154053,
      1.7100679874420166,
      1.7777448892593384,
      1.8454217910766602,
      1.9130988121032715,
      1.9807758331298828,
      2.048452854156494,
      2.1161296367645264,
      2.1838066577911377,
      2.251483678817749,
      2.3191604614257812,
      2.3868374824523926,
      2.454514503479004,
      2.5221915245056152,
      2.5898685455322266,
      2.657545328140259,
      2.72522234916687,
      2.7928993701934814,
      2.8605761528015137,
      2.928253173828125,
      2.9959301948547363,
      3.0636072158813477,
      3.131284236907959,
      3.198961019515991,
      3.2666380405426025,
      3.334315061569214,
      3.401991844177246,
      3.4696688652038574,
      3.5373458862304688,
      3.60502290725708,
      3.6726999282836914,
      3.7403767108917236,
      3.808053731918335,
      3.8757307529449463,
      3.9434075355529785,
      4.01108455657959,
      4.078761577606201,
      4.1464385986328125,
      4.214115619659424,
      4.281792640686035,
      4.349469184875488,
      4.4171462059021,
      4.484823226928711,
      4.552500247955322,
      4.620177268981934
    ]
  }
}