{
  "module": "block.2.attn.attn_lif",
  "state_shape": [
    64,
    384,
    64
  ],
  "time_steps": 1,
  "numel_sampled": 196608,
  "mean": 11.860671997070312,
  "std": 7.860616683959961,
  "min": 0.0,
  "max": 64.375,
  "quantiles": {
    "0.00": 0.0,
    "0.01": 0.375,
    "0.05": 1.625,
    "0.10": 2.875,
    "0.25": 5.875,
    "0.50": 10.5,
    "0.75": 16.375,
    "0.90": 22.625,
    "0.95": 26.75,
    "0.99": 35.375,
    "1.00": 64.375
  },
  "histogram": {
    "counts": [
      3196,
      2790,
      3091,
      3612,
      4007,
      4282,
      4363,
      4636,
      4880,
      5146,
      5383,
      5394,
      5428,
      5658,
      5623,
      5435,
      5438,
      5354,
      5320,
      5075,
      5015,
      4886,
      4745,
      4719,
      4518,
      4372,
      4226,
      4078,
      4044,
      3788,
      3638,
      3516,
      3243,
      3041,
      2986,
      2796,
      2706,
      2504,
      2377,
      2233,
      2134,
      2024,
      2227,
      1699,
      1618,
      1452,
      1407,
      1309,
      1255,
      1127,
      1046,
      1001,
      880,
      890,
      758,
      734,
      608,
      572,
      537,
      540,
      442,
      432,
      405,
      356,
      317,
      313,
      251,
      248,
      233,
      221,
      164,
      178,
      188,
      170,
      124,
      126,
      105,
      102,
      72,
      63,
      86,
      59,
      48,
      51,
      50,
      56,
      37,
      38,
      46,
      26,
      21,
      13,
      21,
      16,
      23,
      27,
      15,
      12,
      11,
      12,
      9,
      10,
      3,
      7,
      3,
      6,
      4,
      1,
      4,
      2,
      3,
      3,
      3,
      3,
      1,
      1,
      1,
      1,
      0,
      0,
      1,
      1,
      0,
      1,
      1,
      0,
      0,
      1
    ],
    "bin_edges": [
      0.0,
      0.5029296875,
      1.005859375,
      1.5087890625,
      2.01171875,
      2.5146484375,
      3.017578125,
      3.5205078125,
      4.0234375,
      4.5263671875,
      5.029296875,
      5.5322265625,
      6.03515625,
      6.5380859375,
      7.041015625,
      7.5439453125,
      8.046875,
      8.5498046875,
      9.052734375,
      9.5556640625,
      10.05859375,
      10.5615234375,
      11.064453125,
      11.5673828125,
      12.0703125,
      12.5732421875,
      13.076171875,
      13.5791015625,
      14.08203125,
      14.5849609375,
      15.087890625,
      15.5908203125,
      16.09375,
      16.5966796875,
      17.099609375,
      17.6025390625,
      18.10546875,
      18.6083984375,
      19.111328125,
      19.6142578125,
      20.1171875,
      20.6201171875,
      21.123046875,
      21.6259765625,
      22.12890625,
      22.6318359375,
      23.134765625,
      23.6376953125,
      24.140625,
      24.6435546875,
      25.146484375,
      25.6494140625,
      26.15234375,
      26.6552734375,
      27.158203125,
      27.6611328125,
      28.1640625,
      28.6669921875,
      29.169921875,
      29.6728515625,
      30.17578125,
      30.6787109375,
      31.181640625,
      31.6845703125,
      32.1875,
      32.6904296875,
      33.193359375,
      33.6962890625,
      34.19921875,
      34.7021484375,
      35.205078125,
      35.7080078125,
      36.2109375,
      36.7138671875,
      37.216796875,
      37.7197265625,
      38.22265625,
      38.7255859375,
      39.228515625,
      39.7314453125,
      40.234375,
      40.7373046875,
      41.240234375,
      41.7431640625,
      42.24609375,
      42.7490234375,
      43.251953125,
      43.7548828125,
      44.2578125,
      44.7607421875,
      45.263671875,
      45.7666015625,
      46.26953125,
      46.7724609375,
      47.275390625,
      47.7783203125,
      48.28125,
      48.7841796875,
      49.287109375,
      49.7900390625,
      50.29296875,
      50.7958984375,
      51.298828125,
      51.8017578125,
      52.3046875,
      52.8076171875,
      53.310546875,
      53.8134765625,
      54.31640625,
      54.8193359375,
      55.322265625,
      55.8251953125,
      56.328125,
      56.8310546875,
      57.333984375,
      57.8369140625,
      58.33984375,
      58.8427734375,
      59.345703125,
      59.8486328125,
      60.3515625,
      60.8544921875,
      61.357421875,
      61.8603515625,
      62.36328125,
      62.8662109375,
      63.369140625,
      63.8720703125,
      64.375
    ]
  }
}