{
  "module": "block.2.mlp.mlp1_lif",
  "state_shape": [
    64,
    384,
    8,
    8
  ],
  "time_steps": 1,
  "numel_sampled": 196608,
  "mean": 0.6050037741661072,
  "std": 4.012166500091553,
  "min": -17.129201889038086,
  "max": 19.687652587890625,
  "quantiles": {
    "0.00": -17.129201889038086,
    "0.01": -7.890238285064697,
    "0.05": -2.5018954277038574,
    "0.10": -1.8921918869018555,
    "0.25": -1.0604146718978882,
    "0.50": -0.18746685981750488,
    "0.75": 0.7832164764404297,
    "0.90": 2.3733248710632324,
    "0.95": 12.03218936920166,
    "0.99": 15.280191421508789,
    "1.00": 19.687652587890625
  },
  "histogram": {
    "counts": [
      2,
      2,
      7,
      13,
      26,
      30,
      53,
      59,
      43,
      65,
      59,
      75,
      82,
      68,
      67,
      85,
      87,
      90,
      92,
      82,
      74,
      45,
      50,
      34,
      53,
      68,
      64,
      67,
      74,
      91,
      120,
      119,
      125,
      120,
      118,
      116,
      134,
      137,
      166,
      178,
      189,
      163,
      163,
      148,
      155,
      253,
      369,
      564,
      960,
      1615,
      2672,
      3873,
      5678,
      7794,
      10470,
      12977,
      15281,
      16641,
      16968,
      16437,
      15038,
      12775,
      10509,
      8094,
      6035,
      4010,
      2672,
      1671,
      1045,
      629,
      367,
      276,
      221,
      198,
      165,
      152,
      141,
      127,
      137,
      115,
      119,
      127,
      139,
      138,
      144,
      168,
      171,
      195,
      176,
      156,
      200,
      189,
      240,
      293,
      335,
      423,
      460,
      504,
      525,
      522,
      519,
      591,
      599,
      659,
      719,
      811,
      798,
      792,
      785,
      720,
      704,
      577,
      524,
      406,
      289,
      251,
      199,
      152,
      112,
      92,
      72,
      51,
      58,
      48,
      31,
      19,
      9,
      10
    ],
    "bin_edges": [
      -17.129201889038086,
      -16.841569900512695,
      -16.553937911987305,
      -16.266305923461914,
      -15.97867488861084,
      -15.691043853759766,
      -15.403411865234375,
      -15.115779876708984,
      -14.828147888183594,
      -14.54051685333252,
      -14.252884864807129,
      -13.965252876281738,
      -13.677621841430664,
      -13.389989852905273,
      -13.102357864379883,
      -12.814726829528809,
      -12.527094841003418,
      -12.239462852478027,
      -11.951831817626953,
      -11.664199829101562,
      -11.376567840576172,
      -11.088936805725098,
      -10.801304817199707,
      -10.513672828674316,
      -10.226041793823242,
      -9.938409805297852,
      -9.650777816772461,
      -9.36314582824707,
      -9.075514793395996,
      -8.787882804870605,
      -8.500250816345215,
      -8.21261978149414,
      -7.92498779296875,
      -7.637356281280518,
      -7.349724292755127,
      -7.0620927810668945,
      -6.774460792541504,
      -6.4868292808532715,
      -6.199197769165039,
      -5.911565780639648,
      -5.623934268951416,
      -5.336302757263184,
      -5.048670768737793,
      -4.7610392570495605,
      -4.473407745361328,
      -4.1857757568359375,
      -3.898144245147705,
      -3.6105124950408936,
      -3.322880744934082,
      -3.0352489948272705,
      -2.747617244720459,
      -2.4599857330322266,
      -2.172353982925415,
      -1.8847222328186035,
      -1.5970906019210815,
      -1.3094589710235596,
      -1.021827220916748,
      -0.7341955304145813,
      -0.44656383991241455,
      -0.1589321494102478,
      0.12869954109191895,
      0.4163312315940857,
      0.7039629220962524,
      0.9915946125984192,
      1.2792243957519531,
      1.5668561458587646,
      1.8544877767562866,
      2.1421194076538086,
      2.42975115776062,
      2.7173829078674316,
      3.005014419555664,
      3.2926461696624756,
      3.580277919769287,
      3.8679096698760986,
      4.15554141998291,
      4.443172931671143,
      4.730804443359375,
      5.018436431884766,
      5.306067943572998,
      5.593699932098389,
      5.881331443786621,
      6.1689629554748535,
      6.456594944000244,
      6.744226455688477,
      7.031858444213867,
      7.3194899559021,
      7.607121467590332,
      7.894753456115723,
      8.182384490966797,
      8.470016479492188,
      8.757648468017578,
      9.045280456542969,
      9.332911491394043,
      9.620543479919434,
      9.908175468444824,
      10.195806503295898,
      10.483438491821289,
      10.77107048034668,
      11.058701515197754,
      11.346333503723145,
      11.633965492248535,
      11.92159652709961,
      12.209228515625,
      12.49686050415039,
      12.784492492675781,
      13.072123527526855,
      13.359755516052246,
      13.647387504577637,
      13.935018539428711,
      14.222650527954102,
      14.510282516479492,
      14.797913551330566,
      15.085545539855957,
      15.373177528381348,
      15.660808563232422,
      15.948440551757812,
      16.236072540283203,
      16.523704528808594,
      16.811336517333984,
      17.098966598510742,
      17.386598587036133,
      17.674230575561523,
      17.961862564086914,
      18.249494552612305,
      18.537126541137695,
      18.824756622314453,
      19.112388610839844,
      19.400020599365234,
      19.687652587890625
    ]
  }
}