{
  "module": "block.3.attn.v_lif",
  "state_shape": [
    64,
    384,
    64
  ],
  "time_steps": 1,
  "numel_sampled": 196608,
  "mean": -0.05072874203324318,
  "std": 1.0835708379745483,
  "min": -3.5397982597351074,
  "max": 4.555173397064209,
  "quantiles": {
    "0.00": -3.5397982597351074,
    "0.01": -2.191075086593628,
    "0.05": -1.6475046873092651,
    "0.10": -1.3250203132629395,
    "0.25": -0.8146448135375977,
    "0.50": -0.20351487398147583,
    "0.75": 0.6372661590576172,
    "0.90": 1.5183366537094116,
    "0.95": 1.9212448596954346,
    "0.99": 2.6328728199005127,
    "1.00": 4.555173397064209
  },
  "histogram": {
    "counts": [
      1,
      1,
      1,
      3,
      5,
      0,
      7,
      11,
      19,
      22,
      33,
      46,
      55,
      66,
      90,
      133,
      175,
      190,
      265,
      304,
      403,
      466,
      567,
      658,
      756,
      853,
      958,
      1136,
      1254,
      1471,
      1518,
      1732,
      1909,
      2133,
      2369,
      2681,
      2918,
      3192,
      3461,
      3867,
      4050,
      4348,
      4574,
      4789,
      4932,
      5062,
      5143,
      5173,
      5372,
      5229,
      5147,
      5090,
      4836,
      4730,
      4524,
      4361,
      4220,
      3953,
      3802,
      3620,
      3516,
      3438,
      3162,
      3022,
      2855,
      2652,
      2497,
      2304,
      2346,
      2273,
      2159,
      2183,
      2170,
      2088,
      2066,
      2064,
      1994,
      1856,
      1806,
      1848,
      1753,
      1723,
      1651,
      1507,
      1419,
      1297,
      1164,
      1079,
      972,
      838,
      820,
      702,
      643,
      560,
      511,
      477,
      358,
      329,
      308,
      247,
      208,
      198,
      157,
      132,
      105,
      77,
      61,
      51,
      55,
      47,
      33,
      27,
      17,
      21,
      9,
      8,
      5,
      3,
      4,
      9,
      4,
      4,
      7,
      3,
      6,
      6,
      6,
      4
    ],
    "bin_edges": [
      -3.5397982597351074,
      -3.4765563011169434,
      -3.4133143424987793,
      -3.3500723838806152,
      -3.286830425262451,
      -3.223588466644287,
      -3.160346508026123,
      -3.097104549407959,
      -3.033862590789795,
      -2.970620632171631,
      -2.907378673553467,
      -2.8441367149353027,
      -2.7808947563171387,
      -2.7176527976989746,
      -2.6544108390808105,
      -2.5911688804626465,
      -2.5279269218444824,
      -2.4646847248077393,
      -2.401442766189575,
      -2.338200807571411,
      -2.274958848953247,
      -2.211716890335083,
      -2.148474931716919,
      -2.085232973098755,
      -2.021991014480591,
      -1.9587490558624268,
      -1.8955070972442627,
      -1.8322651386260986,
      -1.7690231800079346,
      -1.7057812213897705,
      -1.6425392627716064,
      -1.5792973041534424,
      -1.5160553455352783,
      -1.4528133869171143,
      -1.3895714282989502,
      -1.3263294696807861,
      -1.263087511062622,
      -1.199845552444458,
      -1.136603593826294,
      -1.0733616352081299,
      -1.0101196765899658,
      -0.946877658367157,
      -0.8836356997489929,
      -0.8203937411308289,
      -0.75715172290802,
      -0.693909764289856,
      -0.6306678056716919,
      -0.5674258470535278,
      -0.5041838884353638,
      -0.4409419298171997,
      -0.37769997119903564,
      -0.3144579827785492,
      -0.25121602416038513,
      -0.18797406554222107,
      -0.12473209202289581,
      -0.061490125954151154,
      0.0017518401145935059,
      0.06499380618333817,
      0.12823577225208282,
      0.19147774577140808,
      0.25471970438957214,
      0.3179616630077362,
      0.38120365142822266,
      0.4444456100463867,
      0.5076875686645508,
      0.5709295272827148,
      0.6341714859008789,
      0.697413444519043,
      0.760655403137207,
      0.8238974213600159,
      0.8871393799781799,
      0.950381338596344,
      1.0136232376098633,
      1.076865315437317,
      1.140107274055481,
      1.203349232673645,
      1.266591191291809,
      1.3298331499099731,
      1.3930751085281372,
      1.4563170671463013,
      1.5195590257644653,
      1.5828009843826294,
      1.6460429430007935,
      1.7092849016189575,
      1.7725268602371216,
      1.8357688188552856,
      1.8990107774734497,
      1.9622527360916138,
      2.0254948139190674,
      2.0887367725372314,
      2.1519787311553955,
      2.2152206897735596,
      2.2784626483917236,
      2.3417046070098877,
      2.4049465656280518,
      2.468188524246216,
      2.53143048286438,
      2.594672441482544,
      2.657914400100708,
      2.721156358718872,
      2.784398317337036,
      2.8476402759552,
      2.9108822345733643,
      2.9741241931915283,
      3.0373661518096924,
      3.1006081104278564,
      3.1638500690460205,
      3.2270920276641846,
      3.2903339862823486,
      3.3535759449005127,
      3.4168179035186768,
      3.480059862136841,
      3.543302059173584,
      3.606544017791748,
      3.669785976409912,
      3.733027935028076,
      3.7962698936462402,
      3.8595118522644043,
      3.9227538108825684,
      3.9859957695007324,
      4.0492377281188965,
      4.1124796867370605,
      4.175721645355225,
      4.238963603973389,
      4.302205562591553,
      4.365447521209717,
      4.428689479827881,
      4.491931438446045,
      4.555173397064209
    ]
  }
}