{
  "module": "block.0.mlp.mlp1_lif",
  "state_shape": [
    64,
    384,
    8,
    8
  ],
  "time_steps": 1,
  "numel_sampled": 196608,
  "mean": 0.013774295337498188,
  "std": 0.8535526990890503,
  "min": -5.160486221313477,
  "max": 5.503085136413574,
  "quantiles": {
    "0.00": -5.160486221313477,
    "0.01": -2.131300926208496,
    "0.05": -1.2681390047073364,
    "0.10": -0.9415820240974426,
    "0.25": -0.46549952030181885,
    "0.50": -0.0016312859952449799,
    "0.75": 0.45163729786872864,
    "0.90": 0.9354232549667358,
    "0.95": 1.3881275653839111,
    "0.99": 2.644498825073242,
    "1.00": 5.503085136413574
  },
  "histogram": {
    "counts": [
      2,
      1,
      1,
      2,
      3,
      3,
      6,
      8,
      8,
      9,
      15,
      17,
      15,
      12,
      24,
      17,
      28,
      28,
      36,
      46,
      41,
      39,
      55,
      44,
      62,
      74,
      69,
      98,
      87,
      103,
      124,
      122,
      127,
      143,
      197,
      219,
      260,
      297,
      364,
      440,
      517,
      641,
      770,
      867,
      1155,
      1419,
      1678,
      2018,
      2447,
      2890,
      3211,
      3842,
      4518,
      5158,
      5765,
      6545,
      7322,
      7940,
      8709,
      9143,
      9492,
      9741,
      9901,
      9632,
      9323,
      8662,
      8086,
      7531,
      6435,
      5668,
      4782,
      4034,
      3371,
      2772,
      2337,
      1773,
      1500,
      1291,
      1056,
      878,
      821,
      731,
      632,
      611,
      551,
      517,
      489,
      474,
      380,
      349,
      329,
      270,
      260,
      222,
      223,
      184,
      177,
      189,
      135,
      137,
      99,
      109,
      86,
      71,
      63,
      68,
      58,
      41,
      43,
      45,
      24,
      30,
      20,
      16,
      9,
      15,
      15,
      12,
      10,
      7,
      0,
      5,
      6,
      1,
      0,
      0,
      2,
      6
    ],
    "bin_edges": [
      -5.160486221313477,
      -5.077177047729492,
      -4.993867874145508,
      -4.910558700561523,
      -4.827249526977539,
      -4.743940353393555,
      -4.66063117980957,
      -4.577322006225586,
      -4.494012832641602,
      -4.410703659057617,
      -4.327394485473633,
      -4.244085788726807,
      -4.160776615142822,
      -4.077467441558838,
      -3.9941580295562744,
      -3.91084885597229,
      -3.8275399208068848,
      -3.7442307472229004,
      -3.660921573638916,
      -3.5776124000549316,
      -3.4943032264709473,
      -3.410994052886963,
      -3.3276848793029785,
      -3.244375705718994,
      -3.1610665321350098,
      -3.0777573585510254,
      -2.994448184967041,
      -2.9111392498016357,
      -2.8278300762176514,
      -2.744520902633667,
      -2.6612117290496826,
      -2.5779025554656982,
      -2.494593381881714,
      -2.4112842082977295,
      -2.327975034713745,
      -2.2446658611297607,
      -2.1613566875457764,
      -2.078047513961792,
      -1.9947384595870972,
      -1.9114292860031128,
      -1.828120231628418,
      -1.7448110580444336,
      -1.6615018844604492,
      -1.5781927108764648,
      -1.4948835372924805,
      -1.411574363708496,
      -1.3282653093338013,
      -1.244956135749817,
      -1.1616469621658325,
      -1.0783377885818481,
      -0.9950286746025085,
      -0.9117195010185242,
      -0.8284103870391846,
      -0.7451012134552002,
      -0.6617920398712158,
      -0.5784829258918762,
      -0.49517375230789185,
      -0.41186460852622986,
      -0.32855546474456787,
      -0.2452462911605835,
      -0.1619371473789215,
      -0.07862799614667892,
      0.00468115508556366,
      0.08799030631780624,
      0.17129945755004883,
      0.2546086013317108,
      0.3379177451133728,
      0.4212269186973572,
      0.5045360326766968,
      0.5878452062606812,
      0.6711543798446655,
      0.7544634938240051,
      0.8377726674079895,
      0.9210818409919739,
      1.0043909549713135,
      1.0877001285552979,
      1.1710093021392822,
      1.2543184757232666,
      1.3376275300979614,
      1.4209367036819458,
      1.5042458772659302,
      1.5875550508499146,
      1.670864224433899,
      1.7541732788085938,
      1.8374824523925781,
      1.9207916259765625,
      2.004100799560547,
      2.0874099731445312,
      2.1707191467285156,
      2.2540283203125,
      2.3373374938964844,
      2.4206464290618896,
      2.503955602645874,
      2.5872647762298584,
      2.6705739498138428,
      2.753883123397827,
      2.8371922969818115,
      2.920501470565796,
      3.0038106441497803,
      3.0871198177337646,
      3.170428991317749,
      3.2537381649017334,
      3.3370471000671387,
      3.420356273651123,
      3.5036654472351074,
      3.586974620819092,
      3.670283794403076,
      3.7535929679870605,
      3.836902141571045,
      3.9202113151550293,
      4.003520488739014,
      4.086829662322998,
      4.170138835906982,
      4.253448009490967,
      4.336757183074951,
      4.4200663566589355,
      4.50337553024292,
      4.586684703826904,
      4.6699934005737305,
      4.753302574157715,
      4.836611747741699,
      4.919920921325684,
      5.003230094909668,
      5.086539268493652,
      5.169848442077637,
      5.253157615661621,
      5.3364667892456055,
      5.41977596282959,
      5.503085136413574
    ]
  }
}