{
  "module": "block.1.attn.v_lif",
  "state_shape": [
    64,
    384,
    64
  ],
  "time_steps": 1,
  "numel_sampled": 196608,
  "mean": 0.06866734474897385,
  "std": 1.0880756378173828,
  "min": -5.076562881469727,
  "max": 5.1803717613220215,
  "quantiles": {
    "0.00": -5.076562881469727,
    "0.01": -2.3368260860443115,
    "0.05": -1.6149296760559082,
    "0.10": -1.2678184509277344,
    "0.25": -0.670184850692749,
    "0.50": 0.014007795602083206,
    "0.75": 0.758623480796814,
    "0.90": 1.490833044052124,
    "0.95": 1.9632530212402344,
    "0.99": 2.8217267990112305,
    "1.00": 5.1803717613220215
  },
  "histogram": {
    "counts": [
      1,
      0,
      0,
      0,
      1,
      2,
      0,
      2,
      0,
      0,
      1,
      2,
      4,
      6,
      3,
      10,
      9,
      15,
      13,
      21,
      28,
      29,
      33,
      47,
      60,
      63,
      88,
      108,
      136,
      168,
      192,
      221,
      287,
      347,
      413,
      455,
      562,
      658,
      779,
      918,
      1096,
      1282,
      1473,
      1758,
      2027,
      2286,
      2524,
      2912,
      3090,
      3530,
      3725,
      4022,
      4403,
      4696,
      4709,
      5161,
      5483,
      5492,
      5731,
      5980,
      5924,
      5991,
      6130,
      6073,
      5746,
      5885,
      5664,
      5552,
      5232,
      5216,
      4831,
      4513,
      4437,
      4104,
      3914,
      3708,
      3420,
      3205,
      2923,
      2710,
      2532,
      2264,
      2066,
      1897,
      1697,
      1604,
      1432,
      1225,
      1246,
      1050,
      1005,
      874,
      746,
      639,
      577,
      506,
      457,
      368,
      344,
      289,
      248,
      211,
      181,
      157,
      129,
      102,
      98,
      82,
      69,
      51,
      49,
      38,
      23,
      30,
      16,
      19,
      9,
      13,
      5,
      6,
      4,
      2,
      3,
      0,
      1,
      2,
      1,
      1
    ],
    "bin_edges": [
      -5.076562881469727,
      -4.996430397033691,
      -4.9162983894348145,
      -4.836165904998779,
      -4.756033897399902,
      -4.675901412963867,
      -4.595768928527832,
      -4.515636920928955,
      -4.43550443649292,
      -4.355371952056885,
      -4.275239944458008,
      -4.195107460021973,
      -4.1149749755859375,
      -4.0348429679870605,
      -3.9547104835510254,
      -3.8745782375335693,
      -3.7944459915161133,
      -3.7143137454986572,
      -3.634181499481201,
      -3.554049015045166,
      -3.47391676902771,
      -3.393784523010254,
      -3.3136520385742188,
      -3.2335197925567627,
      -3.1533875465393066,
      -3.0732553005218506,
      -2.9931230545043945,
      -2.9129905700683594,
      -2.8328583240509033,
      -2.7527260780334473,
      -2.672593593597412,
      -2.592461347579956,
      -2.5123291015625,
      -2.432196855545044,
      -2.352064609527588,
      -2.2719321250915527,
      -2.1917998790740967,
      -2.1116676330566406,
      -2.0315351486206055,
      -1.9514029026031494,
      -1.8712706565856934,
      -1.7911384105682373,
      -1.7110060453414917,
      -1.630873680114746,
      -1.55074143409729,
      -1.470609188079834,
      -1.3904768228530884,
      -1.3103444576263428,
      -1.2302122116088867,
      -1.1500799655914307,
      -1.069947600364685,
      -0.9898152947425842,
      -0.9096829891204834,
      -0.8295506834983826,
      -0.7494183778762817,
      -0.6692860722541809,
      -0.5891537666320801,
      -0.5090214610099792,
      -0.4288891553878784,
      -0.3487568497657776,
      -0.26862454414367676,
      -0.18849223852157593,
      -0.1083599328994751,
      -0.028227627277374268,
      0.05190420150756836,
      0.1320365071296692,
      0.21216881275177002,
      0.29230111837387085,
      0.3724334239959717,
      0.4525657296180725,
      0.5326980352401733,
      0.6128303408622742,
      0.692962646484375,
      0.7730949521064758,
      0.8532272577285767,
      0.9333595633506775,
      1.0134918689727783,
      1.0936241149902344,
      1.17375648021698,
      1.2538888454437256,
      1.3340210914611816,
      1.4141533374786377,
      1.4942857027053833,
      1.574418067932129,
      1.654550313949585,
      1.734682559967041,
      1.8148149251937866,
      1.8949472904205322,
      1.9750795364379883,
      2.0552117824554443,
      2.1353440284729004,
      2.2154765129089355,
      2.2956087589263916,
      2.3757410049438477,
      2.455873489379883,
      2.536005735397339,
      2.616137981414795,
      2.696270227432251,
      2.776402473449707,
      2.856534957885742,
      2.9366672039031982,
      3.0167994499206543,
      3.0969319343566895,
      3.1770641803741455,
      3.2571964263916016,
      3.3373286724090576,
      3.4174609184265137,
      3.497593402862549,
      3.577725648880005,
      3.657857894897461,
      3.737990379333496,
      3.818122625350952,
      3.898254871368408,
      3.9783871173858643,
      4.05851936340332,
      4.1386518478393555,
      4.218784332275391,
      4.298916339874268,
      4.379048824310303,
      4.45918083190918,
      4.539313316345215,
      4.61944580078125,
      4.699577808380127,
      4.779710292816162,
      4.859842300415039,
      4.939974784851074,
      5.020107269287109,
      5.100239276885986,
      5.1803717613220215
    ]
  }
}