{
  "module": "block.3.attn.proj_lif",
  "state_shape": [
    64,
    384,
    8,
    8
  ],
  "time_steps": 1,
  "numel_sampled": 196608,
  "mean": 0.8018328547477722,
  "std": 4.219242572784424,
  "min": -17.914186477661133,
  "max": 21.365520477294922,
  "quantiles": {
    "0.00": -17.914186477661133,
    "0.01": -8.162750244140625,
    "0.05": -2.951267957687378,
    "0.10": -2.2251458168029785,
    "0.25": -1.1739170551300049,
    "0.50": -0.009400181472301483,
    "0.75": 1.3826676607131958,
    "0.90": 3.483103036880493,
    "0.95": 12.281966209411621,
    "0.99": 15.88181209564209,
    "1.00": 21.365520477294922
  },
  "histogram": {
    "counts": [
      3,
      6,
      9,
      21,
      34,
      52,
      45,
      62,
      68,
      88,
      78,
      66,
      55,
      65,
      51,
      55,
      82,
      83,
      98,
      70,
      76,
      56,
      59,
      42,
      58,
      60,
      66,
      65,
      71,
      104,
      123,
      123,
      121,
      104,
      107,
      102,
      127,
      152,
      164,
      208,
      228,
      213,
      266,
      325,
      397,
      694,
      1160,
      1695,
      2429,
      3558,
      4945,
      6296,
      8075,
      9791,
      11271,
      12531,
      13106,
      13732,
      12849,
      12212,
      11128,
      10021,
      8399,
      7300,
      5998,
      4810,
      3997,
      2931,
      2285,
      1596,
      1157,
      742,
      507,
      358,
      196,
      143,
      129,
      115,
      120,
      137,
      152,
      147,
      158,
      212,
      229,
      264,
      221,
      240,
      231,
      201,
      253,
      287,
      406,
      443,
      504,
      573,
      546,
      540,
      606,
      694,
      660,
      663,
      725,
      748,
      763,
      679,
      747,
      635,
      594,
      530,
      411,
      331,
      254,
      213,
      164,
      137,
      121,
      95,
      87,
      63,
      45,
      41,
      18,
      18,
      20,
      12,
      3,
      3
    ],
    "bin_edges": [
      -17.914186477661133,
      -17.60731315612793,
      -17.30044174194336,
      -16.993568420410156,
      -16.686695098876953,
      -16.379823684692383,
      -16.07295036315918,
      -15.766077041625977,
      -15.45920467376709,
      -15.152332305908203,
      -14.845458984375,
      -14.538586616516113,
      -14.231714248657227,
      -13.924840927124023,
      -13.617968559265137,
      -13.311095237731934,
      -13.004222869873047,
      -12.69735050201416,
      -12.390477180480957,
      -12.08360481262207,
      -11.776731491088867,
      -11.46985912322998,
      -11.162986755371094,
      -10.85611343383789,
      -10.549241065979004,
      -10.242368698120117,
      -9.935495376586914,
      -9.628623008728027,
      -9.32175064086914,
      -9.014877319335938,
      -8.70800495147705,
      -8.401131629943848,
      -8.094259262084961,
      -7.787386417388916,
      -7.480513572692871,
      -7.173641204833984,
      -6.8667683601379395,
      -6.5598955154418945,
      -6.253023147583008,
      -5.946150302886963,
      -5.639277458190918,
      -5.332404613494873,
      -5.025531768798828,
      -4.718659400939941,
      -4.4117865562438965,
      -4.104913711547852,
      -3.7980411052703857,
      -3.49116849899292,
      -3.184295654296875,
      -2.87742280960083,
      -2.5705502033233643,
      -2.2636775970458984,
      -1.9568047523498535,
      -1.6499320268630981,
      -1.3430593013763428,
      -1.0361865758895874,
      -0.729313850402832,
      -0.42244112491607666,
      -0.11556839942932129,
      0.19130432605743408,
      0.49817705154418945,
      0.8050497770309448,
      1.1119225025177002,
      1.4187952280044556,
      1.7256660461425781,
      2.032538890838623,
      2.339411497116089,
      2.6462841033935547,
      2.9531569480895996,
      3.2600297927856445,
      3.5669023990631104,
      3.873775005340576,
      4.180647850036621,
      4.487520694732666,
      4.794393539428711,
      5.101265907287598,
      5.408138751983643,
      5.7150115966796875,
      6.021883964538574,
      6.328756809234619,
      6.635629653930664,
      6.942502498626709,
      7.249375343322754,
      7.556247711181641,
      7.8631205558776855,
      8.16999340057373,
      8.476865768432617,
      8.78373908996582,
      9.090611457824707,
      9.397483825683594,
      9.704357147216797,
      10.011229515075684,
      10.31810188293457,
      10.624975204467773,
      10.93184757232666,
      11.238720893859863,
      11.54559326171875,
      11.852465629577637,
      12.15933895111084,
      12.466211318969727,
      12.77308464050293,
      13.079957008361816,
      13.386829376220703,
      13.693702697753906,
      14.000575065612793,
      14.30744743347168,
      14.614320755004883,
      14.92119312286377,
      15.228065490722656,
      15.53493881225586,
      15.841811180114746,
      16.148683547973633,
      16.455556869506836,
      16.76243019104004,
      17.06930160522461,
      17.376174926757812,
      17.683048248291016,
      17.989919662475586,
      18.29679298400879,
      18.603666305541992,
      18.910537719726562,
      19.217411041259766,
      19.52428436279297,
      19.831157684326172,
      20.138029098510742,
      20.444902420043945,
      20.75177574157715,
      21.05864715576172,
      21.365520477294922
    ]
  }
}