{
  "module": "block.0.attn.q_lif",
  "state_shape": [
    64,
    384,
    64
  ],
  "time_steps": 1,
  "numel_sampled": 196608,
  "mean": 0.07027245312929153,
  "std": 0.830287754535675,
  "min": -6.086559295654297,
  "max": 4.00401496887207,
  "quantiles": {
    "0.00": -6.086559295654297,
    "0.01": -1.900736689567566,
    "0.05": -1.2873377799987793,
    "0.10": -0.9805458784103394,
    "0.25": -0.4770849645137787,
    "0.50": 0.06964148581027985,
    "0.75": 0.6144734025001526,
    "0.90": 1.125083088874817,
    "0.95": 1.445259690284729,
    "0.99": 2.0370776653289795,
    "1.00": 4.00401496887207
  },
  "histogram": {
    "counts": [
      1,
      0,
      0,
      0,
      0,
      0,
      0,
      0,
      0,
      0,
      1,
      0,
      0,
      0,
      0,
      0,
      0,
      0,
      0,
      1,
      0,
      1,
      1,
      1,
      0,
      1,
      2,
      0,
      1,
      3,
      2,
      1,
      7,
      2,
      2,
      10,
      8,
      6,
      12,
      20,
      26,
      39,
      38,
      53,
      56,
      78,
      106,
      122,
      137,
      198,
      280,
      341,
      368,
      487,
      584,
      714,
      899,
      974,
      1285,
      1444,
      1736,
      2055,
      2407,
      2762,
      3129,
      3538,
      3960,
      4447,
      4891,
      5164,
      5856,
      6070,
      6573,
      6868,
      7182,
      7224,
      7686,
      7752,
      7594,
      7645,
      7532,
      7181,
      6908,
      6667,
      6292,
      5854,
      5209,
      5019,
      4416,
      3917,
      3565,
      3164,
      2743,
      2379,
      2104,
      1828,
      1631,
      1399,
      1110,
      929,
      765,
      633,
      522,
      430,
      371,
      241,
      195,
      178,
      137,
      84,
      84,
      73,
      54,
      36,
      26,
      15,
      13,
      16,
      12,
      5,
      7,
      2,
      4,
      2,
      1,
      2,
      0,
      2
    ],
    "bin_edges": [
      -6.086559295654297,
      -6.007726669311523,
      -5.92889404296875,
      -5.850061416625977,
      -5.771228790283203,
      -5.69239616394043,
      -5.613563537597656,
      -5.534730911254883,
      -5.455898284912109,
      -5.377065658569336,
      -5.2982330322265625,
      -5.219400405883789,
      -5.140567779541016,
      -5.061735153198242,
      -4.982902526855469,
      -4.904069900512695,
      -4.825237274169922,
      -4.746405124664307,
      -4.667572498321533,
      -4.58873987197876,
      -4.509907245635986,
      -4.431074619293213,
      -4.3522419929504395,
      -4.273409366607666,
      -4.194576740264893,
      -4.115744113922119,
      -4.036911487579346,
      -3.9580788612365723,
      -3.879246234893799,
      -3.8004136085510254,
      -3.721580982208252,
      -3.6427483558654785,
      -3.563915729522705,
      -3.4850831031799316,
      -3.406250476837158,
      -3.3274178504943848,
      -3.2485852241516113,
      -3.169752597808838,
      -3.0909199714660645,
      -3.012087345123291,
      -2.9332547187805176,
      -2.8544223308563232,
      -2.77558970451355,
      -2.6967570781707764,
      -2.617924451828003,
      -2.5390918254852295,
      -2.460259199142456,
      -2.3814265727996826,
      -2.302593946456909,
      -2.2237613201141357,
      -2.1449286937713623,
      -2.066096067428589,
      -1.9872634410858154,
      -1.9084309339523315,
      -1.829598307609558,
      -1.7507656812667847,
      -1.6719330549240112,
      -1.5931004285812378,
      -1.5142678022384644,
      -1.435435175895691,
      -1.356602668762207,
      -1.2777700424194336,
      -1.1989374160766602,
      -1.1201047897338867,
      -1.0412721633911133,
      -0.9624395370483398,
      -0.8836069107055664,
      -0.8047743439674377,
      -0.7259417176246643,
      -0.6471090912818909,
      -0.5682765245437622,
      -0.48944389820098877,
      -0.41061127185821533,
      -0.3317786455154419,
      -0.25294604897499084,
      -0.1741134375333786,
      -0.09528082609176636,
      -0.016448214650154114,
      0.06238439679145813,
      0.14121700823307037,
      0.22004961967468262,
      0.29888224601745605,
      0.3777148425579071,
      0.45654743909835815,
      0.5353800654411316,
      0.614212691783905,
      0.6930452585220337,
      0.7718778848648071,
      0.8507105112075806,
      0.929543137550354,
      1.0083757638931274,
      1.0872083902359009,
      1.1660408973693848,
      1.2448735237121582,
      1.3237061500549316,
      1.402538776397705,
      1.4813714027404785,
      1.560204029083252,
      1.6390366554260254,
      1.7178692817687988,
      1.7967019081115723,
      1.8755344152450562,
      1.9543670415878296,
      2.0331997871398926,
      2.112032413482666,
      2.1908648014068604,
      2.269697427749634,
      2.3485300540924072,
      2.4273626804351807,
      2.506195306777954,
      2.5850279331207275,
      2.663860559463501,
      2.7426931858062744,
      2.821525812149048,
      2.9003584384918213,
      2.9791910648345947,
      3.058023691177368,
      3.1368563175201416,
      3.215688943862915,
      3.2945215702056885,
      3.373353958129883,
      3.4521865844726562,
      3.5310192108154297,
      3.609851837158203,
      3.6886844635009766,
      3.76751708984375,
      3.8463497161865234,
      3.925182342529297,
      4.00401496887207
    ]
  }
}