{
  "module": "block.0.attn.v_lif",
  "state_shape": [
    64,
    384,
    64
  ],
  "time_steps": 1,
  "numel_sampled": 196608,
  "mean": 0.20098073780536652,
  "std": 0.9734528064727783,
  "min": -5.115586280822754,
  "max": 5.612496852874756,
  "quantiles": {
    "0.00": -5.115586280822754,
    "0.01": -2.102600336074829,
    "0.05": -1.3548349142074585,
    "0.10": -0.9997127652168274,
    "0.25": -0.43538698554039,
    "0.50": 0.18149255216121674,
    "0.75": 0.8195910453796387,
    "0.90": 1.4349684715270996,
    "0.95": 1.8334765434265137,
    "0.99": 2.6296427249908447,
    "1.00": 5.612496852874756
  },
  "histogram": {
    "counts": [
      2,
      0,
      0,
      0,
      0,
      1,
      1,
      1,
      0,
      0,
      0,
      1,
      3,
      3,
      5,
      6,
      9,
      9,
      10,
      11,
      16,
      19,
      28,
      34,
      45,
      46,
      66,
      71,
      86,
      105,
      137,
      161,
      200,
      250,
      298,
      364,
      404,
      458,
      565,
      713,
      814,
      962,
      1204,
      1388,
      1549,
      1874,
      2151,
      2435,
      2817,
      3168,
      3647,
      3852,
      4489,
      4837,
      5217,
      5558,
      5891,
      6351,
      6689,
      6765,
      6930,
      7089,
      7072,
      7147,
      7038,
      6917,
      6741,
      6476,
      6011,
      5753,
      5551,
      5133,
      4728,
      4269,
      4068,
      3542,
      3316,
      2954,
      2598,
      2257,
      2053,
      1890,
      1600,
      1451,
      1204,
      1068,
      905,
      800,
      652,
      593,
      487,
      417,
      335,
      308,
      281,
      192,
      182,
      155,
      121,
      107,
      85,
      63,
      52,
      38,
      33,
      40,
      25,
      23,
      18,
      9,
      10,
      9,
      7,
      3,
      1,
      4,
      2,
      3,
      1,
      0,
      0,
      1,
      1,
      1,
      0,
      1,
      0,
      1
    ],
    "bin_edges": [
      -5.115586280822754,
      -5.031773090362549,
      -4.947959899902344,
      -4.864146709442139,
      -4.780333518981934,
      -4.6965203285217285,
      -4.612707614898682,
      -4.528894424438477,
      -4.4450812339782715,
      -4.361268043518066,
      -4.277454853057861,
      -4.193641662597656,
      -4.109828472137451,
      -4.026015281677246,
      -3.94220232963562,
      -3.858389139175415,
      -3.77457594871521,
      -3.690762758255005,
      -3.6069495677948,
      -3.523136615753174,
      -3.4393234252929688,
      -3.3555102348327637,
      -3.2716970443725586,
      -3.1878838539123535,
      -3.1040706634521484,
      -3.0202577114105225,
      -2.9364445209503174,
      -2.8526313304901123,
      -2.7688181400299072,
      -2.685004949569702,
      -2.601191997528076,
      -2.517378807067871,
      -2.433565616607666,
      -2.349752426147461,
      -2.265939235687256,
      -2.18212628364563,
      -2.098313093185425,
      -2.0144999027252197,
      -1.9306867122650146,
      -1.8468736410140991,
      -1.763060450553894,
      -1.679247260093689,
      -1.5954341888427734,
      -1.5116209983825684,
      -1.4278078079223633,
      -1.3439947366714478,
      -1.2601815462112427,
      -1.1763684749603271,
      -1.092555284500122,
      -1.008742094039917,
      -0.9249290227890015,
      -0.8411158323287964,
      -0.7573027014732361,
      -0.6734895706176758,
      -0.5896763801574707,
      -0.5058632493019104,
      -0.4220501184463501,
      -0.3382369875907898,
      -0.2544238269329071,
      -0.1706106811761856,
      -0.08679753541946411,
      -0.0029843896627426147,
      0.08082875609397888,
      0.16464190185070038,
      0.24845552444458008,
      0.3322686553001404,
      0.41608181595802307,
      0.49989497661590576,
      0.5837081074714661,
      0.6675212383270264,
      0.7513344287872314,
      0.8351475596427917,
      0.918960690498352,
      1.0027738809585571,
      1.0865869522094727,
      1.1704001426696777,
      1.2542133331298828,
      1.3380264043807983,
      1.4218395948410034,
      1.505652666091919,
      1.589465856552124,
      1.673279047012329,
      1.7570921182632446,
      1.8409053087234497,
      1.9247183799743652,
      2.0085315704345703,
      2.0923447608947754,
      2.1761579513549805,
      2.2599711418151855,
      2.3437840938568115,
      2.4275972843170166,
      2.5114104747772217,
      2.5952236652374268,
      2.679036855697632,
      2.762849807739258,
      2.846662998199463,
      2.930476188659668,
      3.014289379119873,
      3.098102569580078,
      3.181915521621704,
      3.265728712081909,
      3.3495419025421143,
      3.4333550930023193,
      3.5171682834625244,
      3.6009812355041504,
      3.6847944259643555,
      3.7686076164245605,
      3.8524208068847656,
      3.9362339973449707,
      4.020047187805176,
      4.103860378265381,
      4.187673568725586,
      4.271486282348633,
      4.355299472808838,
      4.439112663269043,
      4.522925853729248,
      4.606739044189453,
      4.690552234649658,
      4.774365425109863,
      4.858178615570068,
      4.941991806030273,
      5.0258049964904785,
      5.109618186950684,
      5.1934309005737305,
      5.2772440910339355,
      5.361057281494141,
      5.444870471954346,
      5.528683662414551,
      5.612496852874756
    ]
  }
}