{
  "module": "block.1.mlp.mlp1_lif",
  "state_shape": [
    64,
    384,
    8,
    8
  ],
  "time_steps": 1,
  "numel_sampled": 196608,
  "mean": 0.21074998378753662,
  "std": 2.195685863494873,
  "min": -10.852981567382812,
  "max": 11.808618545532227,
  "quantiles": {
    "0.00": -10.852981567382812,
    "0.01": -4.994907855987549,
    "0.05": -1.9236541986465454,
    "0.10": -1.462382197380066,
    "0.25": -0.8172709941864014,
    "0.50": -0.15629664063453674,
    "0.75": 0.546107292175293,
    "0.90": 1.7055963277816772,
    "0.95": 5.8534255027771,
    "0.99": 7.9831767082214355,
    "1.00": 11.808618545532227
  },
  "histogram": {
    "counts": [
      3,
      1,
      4,
      4,
      6,
      12,
      6,
      15,
      6,
      12,
      16,
      16,
      10,
      15,
      31,
      44,
      55,
      47,
      73,
      92,
      121,
      115,
      112,
      99,
      114,
      98,
      100,
      115,
      116,
      125,
      126,
      123,
      123,
      132,
      107,
      108,
      138,
      109,
      114,
      120,
      130,
      156,
      195,
      237,
      344,
      434,
      632,
      913,
      1213,
      1790,
      2591,
      3458,
      4577,
      5940,
      7535,
      9014,
      10817,
      12010,
      13520,
      13959,
      14246,
      13738,
      12520,
      10997,
      9323,
      7512,
      5683,
      4326,
      2991,
      2065,
      1357,
      848,
      547,
      350,
      236,
      174,
      182,
      190,
      185,
      178,
      201,
      223,
      256,
      295,
      314,
      348,
      464,
      546,
      543,
      619,
      645,
      724,
      685,
      750,
      739,
      790,
      767,
      747,
      733,
      716,
      714,
      636,
      674,
      542,
      512,
      426,
      358,
      327,
      268,
      225,
      188,
      132,
      153,
      121,
      77,
      74,
      42,
      23,
      29,
      24,
      13,
      17,
      10,
      11,
      5,
      3,
      1,
      2
    ],
    "bin_edges": [
      -10.852981567382812,
      -10.67593765258789,
      -10.498893737792969,
      -10.321850776672363,
      -10.144806861877441,
      -9.96776294708252,
      -9.790719032287598,
      -9.613675117492676,
      -9.436631202697754,
      -9.259588241577148,
      -9.082544326782227,
      -8.905500411987305,
      -8.728456497192383,
      -8.551412582397461,
      -8.374368667602539,
      -8.197325706481934,
      -8.020281791687012,
      -7.84323787689209,
      -7.666193962097168,
      -7.489150524139404,
      -7.312106609344482,
      -7.1350626945495605,
      -6.958019256591797,
      -6.780975341796875,
      -6.603931427001953,
      -6.4268879890441895,
      -6.249844074249268,
      -6.072800159454346,
      -5.895756721496582,
      -5.71871280670166,
      -5.541668891906738,
      -5.364625453948975,
      -5.187581539154053,
      -5.010537624359131,
      -4.833494186401367,
      -4.656450271606445,
      -4.479406356811523,
      -4.30236291885376,
      -4.125319004058838,
      -3.948275327682495,
      -3.7712316513061523,
      -3.5941877365112305,
      -3.4171440601348877,
      -3.240100383758545,
      -3.063056468963623,
      -2.8860127925872803,
      -2.7089691162109375,
      -2.5319252014160156,
      -2.354881525039673,
      -2.17783784866333,
      -2.000793933868408,
      -1.8237502574920654,
      -1.6467065811157227,
      -1.4696627855300903,
      -1.292618989944458,
      -1.1155753135681152,
      -0.9385315179824829,
      -0.7614877820014954,
      -0.5844440460205078,
      -0.4074002504348755,
      -0.23035651445388794,
      -0.0533127635717392,
      0.12373098731040955,
      0.3007747530937195,
      0.47781848907470703,
      0.6548622250556946,
      0.8319059610366821,
      1.0089497566223145,
      1.1859934329986572,
      1.3630372285842896,
      1.5400810241699219,
      1.7171247005462646,
      1.894168496131897,
      2.0712122917175293,
      2.248255968093872,
      2.425299644470215,
      2.6023435592651367,
      2.7793872356414795,
      2.9564309120178223,
      3.133474826812744,
      3.310518503189087,
      3.4875621795654297,
      3.6646060943603516,
      3.8416497707366943,
      4.018693447113037,
      4.195737361907959,
      4.372780799865723,
      4.5498247146606445,
      4.726868629455566,
      4.90391206741333,
      5.080955982208252,
      5.257999897003174,
      5.4350433349609375,
      5.612087249755859,
      5.789131164550781,
      5.966174602508545,
      6.143218517303467,
      6.320262432098389,
      6.497305870056152,
      6.674349784851074,
      6.851393699645996,
      7.02843713760376,
      7.205481052398682,
      7.3825249671936035,
      7.559568405151367,
      7.736612319946289,
      7.913656234741211,
      8.090700149536133,
      8.267743110656738,
      8.44478702545166,
      8.621830940246582,
      8.798874855041504,
      8.975918769836426,
      9.152962684631348,
      9.330005645751953,
      9.507049560546875,
      9.684093475341797,
      9.861137390136719,
      10.03818130493164,
      10.215225219726562,
      10.392268180847168,
      10.56931209564209,
      10.746356010437012,
      10.923399925231934,
      11.100443840026855,
      11.277487754821777,
      11.454530715942383,
      11.631574630737305,
      11.808618545532227
    ]
  }
}