{
  "module": "block.3.mlp.mlp1_lif",
  "state_shape": [
    64,
    384,
    8,
    8
  ],
  "time_steps": 1,
  "numel_sampled": 196608,
  "mean": 0.9977869391441345,
  "std": 5.102447986602783,
  "min": -23.184368133544922,
  "max": 26.548755645751953,
  "quantiles": {
    "0.00": -23.184368133544922,
    "0.01": -10.177262306213379,
    "0.05": -3.1264774799346924,
    "0.10": -2.3329508304595947,
    "0.25": -1.2149114608764648,
    "0.50": 0.05186717212200165,
    "0.75": 1.5331783294677734,
    "0.90": 3.718113899230957,
    "0.95": 14.509453773498535,
    "0.99": 20.544466018676758,
    "1.00": 26.548755645751953
  },
  "histogram": {
    "counts": [
      6,
      4,
      14,
      18,
      46,
      37,
      38,
      36,
      22,
      41,
      60,
      66,
      68,
      83,
      68,
      58,
      52,
      50,
      51,
      44,
      40,
      48,
      49,
      51,
      63,
      74,
      100,
      90,
      73,
      68,
      100,
      143,
      132,
      159,
      164,
      150,
      173,
      175,
      162,
      184,
      211,
      258,
      240,
      239,
      256,
      255,
      268,
      348,
      528,
      921,
      1647,
      2825,
      4493,
      6529,
      8615,
      11201,
      13664,
      14728,
      15493,
      15470,
      14808,
      13493,
      11549,
      9978,
      8238,
      6376,
      4845,
      3481,
      2446,
      1615,
      944,
      568,
      325,
      264,
      239,
      211,
      252,
      292,
      299,
      300,
      299,
      272,
      271,
      249,
      248,
      249,
      252,
      264,
      267,
      272,
      280,
      300,
      387,
      393,
      342,
      347,
      310,
      300,
      383,
      458,
      458,
      476,
      519,
      552,
      591,
      576,
      564,
      563,
      539,
      553,
      550,
      529,
      448,
      431,
      328,
      235,
      209,
      165,
      117,
      95,
      49,
      45,
      27,
      28,
      18,
      18,
      6,
      4
    ],
    "bin_edges": [
      -23.184368133544922,
      -22.795827865600586,
      -22.40728759765625,
      -22.018747329711914,
      -21.630207061767578,
      -21.241668701171875,
      -20.85312843322754,
      -20.464588165283203,
      -20.076047897338867,
      -19.68750762939453,
      -19.298967361450195,
      -18.91042709350586,
      -18.521888732910156,
      -18.13334846496582,
      -17.744808197021484,
      -17.35626792907715,
      -16.967727661132812,
      -16.579187393188477,
      -16.19064712524414,
      -15.802107810974121,
      -15.413567543029785,
      -15.02502727508545,
      -14.63648796081543,
      -14.247947692871094,
      -13.859407424926758,
      -13.470867156982422,
      -13.082326889038086,
      -12.693787574768066,
      -12.30524730682373,
      -11.916707038879395,
      -11.528167724609375,
      -11.139627456665039,
      -10.751087188720703,
      -10.362546920776367,
      -9.974006652832031,
      -9.585467338562012,
      -9.196927070617676,
      -8.80838680267334,
      -8.41984748840332,
      -8.031307220458984,
      -7.642766952514648,
      -7.2542266845703125,
      -6.865686893463135,
      -6.477147102355957,
      -6.088606834411621,
      -5.700066566467285,
      -5.311526775360107,
      -4.92298698425293,
      -4.534446716308594,
      -4.145906448364258,
      -3.75736665725708,
      -3.3688266277313232,
      -2.9802865982055664,
      -2.5917465686798096,
      -2.2032065391540527,
      -1.814666509628296,
      -1.426126480102539,
      -1.0375864505767822,
      -0.6490464210510254,
      -0.26050639152526855,
      0.12803363800048828,
      0.5165736675262451,
      0.905113697052002,
      1.2936537265777588,
      1.6821937561035156,
      2.0707337856292725,
      2.4592738151550293,
      2.847813844680786,
      3.236353874206543,
      3.6248939037323,
      4.013433933258057,
      4.401973724365234,
      4.79051399230957,
      5.179054260253906,
      5.567594051361084,
      5.956133842468262,
      6.344674110412598,
      6.733214378356934,
      7.121754169464111,
      7.510293960571289,
      7.898834228515625,
      8.287374496459961,
      8.675914764404297,
      9.064454078674316,
      9.452994346618652,
      9.841534614562988,
      10.230073928833008,
      10.618614196777344,
      11.00715446472168,
      11.395694732666016,
      11.784235000610352,
      12.172774314880371,
      12.561314582824707,
      12.949854850769043,
      13.338394165039062,
      13.726934432983398,
      14.115474700927734,
      14.50401496887207,
      14.892555236816406,
      15.281094551086426,
      15.669634819030762,
      16.05817413330078,
      16.446714401245117,
      16.835254669189453,
      17.22379493713379,
      17.612335205078125,
      18.00087547302246,
      18.389415740966797,
      18.7779541015625,
      19.166494369506836,
      19.555034637451172,
      19.943574905395508,
      20.332115173339844,
      20.72065544128418,
      21.109195709228516,
      21.49773597717285,
      21.886276245117188,
      22.27481460571289,
      22.663354873657227,
      23.051895141601562,
      23.4404354095459,
      23.828975677490234,
      24.21751594543457,
      24.606056213378906,
      24.99459457397461,
      25.383134841918945,
      25.77167510986328,
      26.160215377807617,
      26.548755645751953
    ]
  }
}