{
  "module": "block.1.attn.proj_lif",
  "state_shape": [
    64,
    384,
    8,
    8
  ],
  "time_steps": 1,
  "numel_sampled": 196608,
  "mean": -0.024073854088783264,
  "std": 1.0182418823242188,
  "min": -5.637052536010742,
  "max": 6.166088104248047,
  "quantiles": {
    "0.00": -5.637052536010742,
    "0.01": -2.4855246543884277,
    "0.05": -1.6110836267471313,
    "0.10": -1.2354316711425781,
    "0.25": -0.6494381427764893,
    "0.50": -0.04092690348625183,
    "0.75": 0.5674918293952942,
    "0.90": 1.185760736465454,
    "0.95": 1.6352685689926147,
    "0.99": 2.780154228210449,
    "1.00": 6.166088104248047
  },
  "histogram": {
    "counts": [
      1,
      2,
      0,
      3,
      3,
      4,
      5,
      6,
      5,
      4,
      12,
      12,
      13,
      17,
      26,
      33,
      25,
      21,
      26,
      28,
      45,
      53,
      47,
      57,
      73,
      62,
      106,
      81,
      103,
      137,
      190,
      197,
      228,
      297,
      307,
      374,
      494,
      583,
      679,
      822,
      997,
      1172,
      1383,
      1715,
      2016,
      2318,
      2662,
      3000,
      3503,
      3968,
      4462,
      4926,
      5360,
      5959,
      6464,
      6898,
      7091,
      7626,
      7956,
      8026,
      8167,
      8180,
      7972,
      7697,
      7471,
      6941,
      6529,
      6086,
      5501,
      4994,
      4346,
      3948,
      3528,
      2928,
      2682,
      2258,
      1974,
      1656,
      1414,
      1184,
      1070,
      934,
      808,
      677,
      565,
      545,
      491,
      431,
      337,
      310,
      268,
      229,
      218,
      196,
      152,
      137,
      143,
      111,
      94,
      95,
      89,
      68,
      70,
      55,
      58,
      41,
      42,
      46,
      33,
      25,
      23,
      17,
      16,
      15,
      10,
      7,
      8,
      9,
      4,
      5,
      2,
      0,
      0,
      3,
      4,
      3,
      2,
      3
    ],
    "bin_edges": [
      -5.637052536010742,
      -5.544840335845947,
      -5.4526286125183105,
      -5.360416412353516,
      -5.268204212188721,
      -5.175992488861084,
      -5.083780288696289,
      -4.991568088531494,
      -4.899356365203857,
      -4.8071441650390625,
      -4.714931964874268,
      -4.622720241546631,
      -4.530508041381836,
      -4.438295841217041,
      -4.346084117889404,
      -4.253871917724609,
      -4.161660194396973,
      -4.069447994232178,
      -3.977235794067383,
      -3.885023832321167,
      -3.792811870574951,
      -3.7005996704101562,
      -3.6083877086639404,
      -3.5161757469177246,
      -3.4239635467529297,
      -3.331751585006714,
      -3.239539623260498,
      -3.1473276615142822,
      -3.0551154613494873,
      -2.9629034996032715,
      -2.8706915378570557,
      -2.7784793376922607,
      -2.686267375946045,
      -2.594055414199829,
      -2.501843214035034,
      -2.4096312522888184,
      -2.3174192905426025,
      -2.2252070903778076,
      -2.132995128631592,
      -2.040783166885376,
      -1.9485710859298706,
      -1.8563590049743652,
      -1.7641470432281494,
      -1.671934962272644,
      -1.5797228813171387,
      -1.4875109195709229,
      -1.3952988386154175,
      -1.3030868768692017,
      -1.2108747959136963,
      -1.118662714958191,
      -1.026450753211975,
      -0.9342386722564697,
      -0.8420266509056091,
      -0.7498146295547485,
      -0.6576025485992432,
      -0.5653905272483826,
      -0.473178505897522,
      -0.3809664845466614,
      -0.2887544333934784,
      -0.1965423971414566,
      -0.10433036088943481,
      -0.012118324637413025,
      0.08009371161460876,
      0.17230574786663055,
      0.26451778411865234,
      0.35672980546951294,
      0.4489418566226959,
      0.5411539077758789,
      0.6333659291267395,
      0.7255779504776001,
      0.8177900314331055,
      0.9100020527839661,
      1.0022140741348267,
      1.094426155090332,
      1.1866381168365479,
      1.2788501977920532,
      1.3710622787475586,
      1.4632742404937744,
      1.5554863214492798,
      1.6476982831954956,
      1.739910364151001,
      1.8321224451065063,
      1.9243344068527222,
      2.0165464878082275,
      2.1087584495544434,
      2.2009706497192383,
      2.293182611465454,
      2.38539457321167,
      2.477606773376465,
      2.5698187351226807,
      2.6620306968688965,
      2.7542426586151123,
      2.8464548587799072,
      2.938666820526123,
      3.030878782272339,
      3.123090982437134,
      3.2153029441833496,
      3.3075149059295654,
      3.3997271060943604,
      3.491939067840576,
      3.584151029586792,
      3.676363229751587,
      3.7685751914978027,
      3.8607871532440186,
      3.9529991149902344,
      4.045211315155029,
      4.137423515319824,
      4.229635238647461,
      4.321847438812256,
      4.414059638977051,
      4.5062713623046875,
      4.598483562469482,
      4.690695762634277,
      4.782907485961914,
      4.875119686126709,
      4.967331409454346,
      5.059543609619141,
      5.1517558097839355,
      5.243967533111572,
      5.336179733276367,
      5.428391933441162,
      5.520603656768799,
      5.612815856933594,
      5.705028057098389,
      5.797239780426025,
      5.88945198059082,
      5.981664180755615,
      6.073875904083252,
      6.166088104248047
    ]
  }
}