{
  "module": "block.2.attn.q_lif",
  "state_shape": [
    64,
    384,
    64
  ],
  "time_steps": 1,
  "numel_sampled": 196608,
  "mean": -0.0014051612233743072,
  "std": 1.1843793392181396,
  "min": -4.272032260894775,
  "max": 4.8754401206970215,
  "quantiles": {
    "0.00": -4.272032260894775,
    "0.01": -2.574071168899536,
    "0.05": -1.8918944597244263,
    "0.10": -1.4944926500320435,
    "0.25": -0.8240940570831299,
    "0.50": -0.05980248376727104,
    "0.75": 0.8018993139266968,
    "0.90": 1.5973308086395264,
    "0.95": 2.028024435043335,
    "0.99": 2.7641236782073975,
    "1.00": 4.8754401206970215
  },
  "histogram": {
    "counts": [
      4,
      2,
      2,
      1,
      5,
      8,
      7,
      15,
      12,
      12,
      14,
      25,
      38,
      41,
      77,
      83,
      82,
      115,
      138,
      188,
      227,
      267,
      325,
      363,
      451,
      526,
      633,
      675,
      735,
      904,
      946,
      1199,
      1291,
      1374,
      1511,
      1727,
      1800,
      1988,
      2169,
      2351,
      2570,
      2685,
      2872,
      3098,
      3280,
      3567,
      3731,
      4030,
      4088,
      4204,
      4394,
      4446,
      4683,
      4807,
      4706,
      4753,
      4785,
      4761,
      4794,
      4846,
      4607,
      4426,
      4384,
      4270,
      4171,
      4027,
      3831,
      3862,
      3648,
      3480,
      3321,
      3330,
      3128,
      3003,
      2831,
      2849,
      2663,
      2508,
      2482,
      2265,
      2203,
      1971,
      1918,
      1805,
      1774,
      1570,
      1475,
      1356,
      1198,
      1150,
      1035,
      909,
      826,
      746,
      637,
      534,
      494,
      386,
      333,
      316,
      241,
      198,
      160,
      127,
      128,
      88,
      91,
      76,
      74,
      51,
      44,
      32,
      36,
      28,
      13,
      12,
      12,
      8,
      10,
      8,
      5,
      4,
      1,
      4,
      1,
      1,
      1,
      1
    ],
    "bin_edges": [
      -4.272032260894775,
      -4.200567722320557,
      -4.129103183746338,
      -4.057638168334961,
      -3.986173629760742,
      -3.9147090911865234,
      -3.8432445526123047,
      -3.771779775619507,
      -3.700315237045288,
      -3.6288506984710693,
      -3.5573859214782715,
      -3.4859213829040527,
      -3.414456844329834,
      -3.342992067337036,
      -3.2715275287628174,
      -3.2000627517700195,
      -3.128598213195801,
      -3.057133674621582,
      -2.985668897628784,
      -2.9142043590545654,
      -2.8427395820617676,
      -2.771275043487549,
      -2.69981050491333,
      -2.6283457279205322,
      -2.5568811893463135,
      -2.4854166507720947,
      -2.413951873779297,
      -2.342487335205078,
      -2.2710227966308594,
      -2.1995580196380615,
      -2.1280934810638428,
      -2.056628704071045,
      -1.9851641654968262,
      -1.9136995077133179,
      -1.8422348499298096,
      -1.7707703113555908,
      -1.6993056535720825,
      -1.6278409957885742,
      -1.5563764572143555,
      -1.4849117994308472,
      -1.4134471416473389,
      -1.3419824838638306,
      -1.2705178260803223,
      -1.1990532875061035,
      -1.1275886297225952,
      -1.056123971939087,
      -0.9846593737602234,
      -0.9131947755813599,
      -0.8417301177978516,
      -0.7702654600143433,
      -0.6988008618354797,
      -0.6273362636566162,
      -0.5558716058731079,
      -0.484406977891922,
      -0.4129423499107361,
      -0.34147772192955017,
      -0.27001309394836426,
      -0.19854846596717834,
      -0.12708383798599243,
      -0.05561921000480652,
      0.015845417976379395,
      0.08731004595756531,
      0.15877467393875122,
      0.23023930191993713,
      0.30170392990112305,
      0.37316855788230896,
      0.4446331858634949,
      0.5160977840423584,
      0.5875624418258667,
      0.659027099609375,
      0.7304916977882385,
      0.801956295967102,
      0.8734209537506104,
      0.9448856115341187,
      1.016350269317627,
      1.0878148078918457,
      1.159279465675354,
      1.2307441234588623,
      1.302208662033081,
      1.3736733198165894,
      1.4451379776000977,
      1.516602635383606,
      1.5880672931671143,
      1.659531831741333,
      1.7309964895248413,
      1.8024611473083496,
      1.8739256858825684,
      1.9453903436660767,
      2.016855001449585,
      2.0883195400238037,
      2.1597843170166016,
      2.2312488555908203,
      2.302713394165039,
      2.374178171157837,
      2.4456427097320557,
      2.5171074867248535,
      2.5885720252990723,
      2.660036563873291,
      2.731501340866089,
      2.8029658794403076,
      2.8744306564331055,
      2.945895195007324,
      3.017359733581543,
      3.088824510574341,
      3.1602890491485596,
      3.2317535877227783,
      3.303218364715576,
      3.374682903289795,
      3.4461474418640137,
      3.5176122188568115,
      3.5890767574310303,
      3.660541534423828,
      3.732006072998047,
      3.8034706115722656,
      3.8749353885650635,
      3.9463999271392822,
      4.01786470413208,
      4.089329242706299,
      4.160793781280518,
      4.232258319854736,
      4.303723335266113,
      4.375187873840332,
      4.446652412414551,
      4.5181169509887695,
      4.589581489562988,
      4.661046028137207,
      4.732511043548584,
      4.803975582122803,
      4.8754401206970215
    ]
  }
}