{
  "module": "block.2.attn.k_lif",
  "state_shape": [
    64,
    384,
    64
  ],
  "time_steps": 1,
  "numel_sampled": 196608,
  "mean": 0.18885619938373566,
  "std": 1.1646747589111328,
  "min": -4.562018871307373,
  "max": 5.119162082672119,
  "quantiles": {
    "0.00": -4.562018871307373,
    "0.01": -2.357558012008667,
    "0.05": -1.6257249116897583,
    "0.10": -1.2438523769378662,
    "0.25": -0.6282728314399719,
    "0.50": 0.1214984655380249,
    "0.75": 0.9744197130203247,
    "0.90": 1.7467758655548096,
    "0.95": 2.1925950050354004,
    "0.99": 2.9403042793273926,
    "1.00": 5.119162082672119
  },
  "histogram": {
    "counts": [
      1,
      0,
      3,
      2,
      6,
      8,
      12,
      15,
      16,
      8,
      9,
      23,
      28,
      19,
      27,
      36,
      37,
      34,
      51,
      55,
      68,
      76,
      111,
      113,
      156,
      178,
      207,
      289,
      327,
      346,
      436,
      496,
      628,
      715,
      810,
      930,
      1094,
      1291,
      1432,
      1555,
      1816,
      1934,
      2168,
      2412,
      2642,
      2916,
      3265,
      3500,
      3747,
      4169,
      4334,
      4541,
      4674,
      4876,
      4996,
      5087,
      5145,
      5000,
      4929,
      5055,
      4943,
      4909,
      4784,
      4791,
      4554,
      4562,
      4558,
      4444,
      4351,
      4110,
      4085,
      3946,
      3811,
      3577,
      3494,
      3281,
      3170,
      2985,
      2869,
      2765,
      2583,
      2422,
      2210,
      2131,
      1903,
      1769,
      1598,
      1520,
      1412,
      1297,
      1148,
      1047,
      911,
      817,
      755,
      701,
      610,
      501,
      395,
      349,
      309,
      242,
      193,
      172,
      128,
      89,
      88,
      73,
      55,
      50,
      46,
      42,
      32,
      25,
      29,
      23,
      20,
      11,
      7,
      16,
      12,
      6,
      3,
      6,
      4,
      2,
      1,
      2
    ],
    "bin_edges": [
      -4.562018871307373,
      -4.486384868621826,
      -4.410750389099121,
      -4.335116386413574,
      -4.259481906890869,
      -4.183847904205322,
      -4.108213424682617,
      -4.03257942199707,
      -3.9569449424743652,
      -3.8813109397888184,
      -3.8056766986846924,
      -3.7300424575805664,
      -3.6544082164764404,
      -3.5787739753723145,
      -3.5031397342681885,
      -3.4275054931640625,
      -3.3518712520599365,
      -3.2762370109558105,
      -3.2006027698516846,
      -3.1249685287475586,
      -3.0493342876434326,
      -2.9737000465393066,
      -2.8980658054351807,
      -2.8224315643310547,
      -2.746797561645508,
      -2.671163320541382,
      -2.595529079437256,
      -2.51989483833313,
      -2.444260597229004,
      -2.368626356124878,
      -2.292992115020752,
      -2.217357873916626,
      -2.1417236328125,
      -2.066089391708374,
      -1.990455150604248,
      -1.914820909500122,
      -1.839186668395996,
      -1.7635525465011597,
      -1.6879183053970337,
      -1.6122840642929077,
      -1.5366498231887817,
      -1.4610155820846558,
      -1.3853813409805298,
      -1.3097470998764038,
      -1.2341129779815674,
      -1.1584787368774414,
      -1.0828444957733154,
      -1.0072102546691895,
      -0.9315760135650635,
      -0.8559417724609375,
      -0.7803075313568115,
      -0.7046733498573303,
      -0.6290391087532043,
      -0.5534048676490784,
      -0.4777706563472748,
      -0.4021364450454712,
      -0.3265022039413452,
      -0.25086796283721924,
      -0.17523375153541565,
      -0.09959952533245087,
      -0.023965299129486084,
      0.0516689270734787,
      0.12730315327644348,
      0.20293737947940826,
      0.27857160568237305,
      0.354205846786499,
      0.4298400580883026,
      0.5054742693901062,
      0.5811085104942322,
      0.6567427515983582,
      0.7323769330978394,
      0.8080111742019653,
      0.8836454153060913,
      0.9592796564102173,
      1.0349138975143433,
      1.1105481386184692,
      1.1861822605133057,
      1.2618165016174316,
      1.3374507427215576,
      1.4130849838256836,
      1.4887192249298096,
      1.5643534660339355,
      1.6399877071380615,
      1.7156219482421875,
      1.7912561893463135,
      1.86689031124115,
      1.9425245523452759,
      2.0181589126586914,
      2.0937929153442383,
      2.1694271564483643,
      2.2450613975524902,
      2.320695638656616,
      2.396329879760742,
      2.471964120864868,
      2.547598361968994,
      2.62323260307312,
      2.698866844177246,
      2.774501085281372,
      2.850135326385498,
      2.925769567489624,
      3.00140380859375,
      3.077038049697876,
      3.152672290802002,
      3.228306531906128,
      3.303940773010254,
      3.379574775695801,
      3.4552090167999268,
      3.5308432579040527,
      3.6064774990081787,
      3.6821117401123047,
      3.7577459812164307,
      3.8333802223205566,
      3.9090144634246826,
      3.9846487045288086,
      4.0602827072143555,
      4.1359171867370605,
      4.211551189422607,
      4.2871856689453125,
      4.362819671630859,
      4.4384541511535645,
      4.514088153839111,
      4.589722633361816,
      4.665356636047363,
      4.740991115570068,
      4.816625118255615,
      4.89225959777832,
      4.967893600463867,
      5.043528079986572,
      5.119162082672119
    ]
  }
}