{
  "module": "block.1.attn.k_lif",
  "state_shape": [
    64,
    384,
    64
  ],
  "time_steps": 1,
  "numel_sampled": 196608,
  "mean": -0.09947306662797928,
  "std": 0.9105843901634216,
  "min": -4.58629035949707,
  "max": 4.6749091148376465,
  "quantiles": {
    "0.00": -4.58629035949707,
    "0.01": -2.0776045322418213,
    "0.05": -1.460951566696167,
    "0.10": -1.1591793298721313,
    "0.25": -0.6959678530693054,
    "0.50": -0.17344903945922852,
    "0.75": 0.42057955265045166,
    "0.90": 1.0622456073760986,
    "0.95": 1.5300525426864624,
    "0.99": 2.452589511871338,
    "1.00": 4.6749091148376465
  },
  "histogram": {
    "counts": [
      1,
      0,
      0,
      0,
      0,
      0,
      0,
      0,
      3,
      2,
      2,
      3,
      6,
      6,
      6,
      3,
      7,
      7,
      12,
      15,
      26,
      23,
      46,
      40,
      53,
      64,
      76,
      111,
      127,
      155,
      171,
      192,
      263,
      305,
      356,
      437,
      534,
      642,
      805,
      928,
      1169,
      1341,
      1551,
      1806,
      2130,
      2371,
      2789,
      3162,
      3549,
      4180,
      4662,
      5034,
      5509,
      5873,
      6299,
      6522,
      6841,
      6985,
      7119,
      7148,
      6902,
      6814,
      6599,
      6581,
      6188,
      5972,
      5594,
      5515,
      4913,
      4527,
      4254,
      3905,
      3569,
      3356,
      2984,
      2724,
      2620,
      2328,
      1983,
      1769,
      1600,
      1474,
      1260,
      1250,
      1137,
      974,
      919,
      829,
      736,
      705,
      580,
      562,
      466,
      427,
      370,
      368,
      341,
      299,
      235,
      207,
      165,
      166,
      132,
      114,
      124,
      95,
      83,
      65,
      61,
      42,
      43,
      31,
      32,
      20,
      26,
      20,
      8,
      12,
      22,
      5,
      11,
      7,
      3,
      4,
      6,
      0,
      5,
      3
    ],
    "bin_edges": [
      -4.58629035949707,
      -4.513936996459961,
      -4.44158411026001,
      -4.369231224060059,
      -4.296877861022949,
      -4.22452449798584,
      -4.152171611785889,
      -4.0798187255859375,
      -4.007465362548828,
      -3.935112237930298,
      -3.8627591133117676,
      -3.7904059886932373,
      -3.718052864074707,
      -3.6456997394561768,
      -3.5733466148376465,
      -3.500993490219116,
      -3.428640365600586,
      -3.3562872409820557,
      -3.2839341163635254,
      -3.211580991744995,
      -3.139227867126465,
      -3.0668747425079346,
      -2.9945216178894043,
      -2.922168493270874,
      -2.8498153686523438,
      -2.7774622440338135,
      -2.705109119415283,
      -2.632755994796753,
      -2.5604028701782227,
      -2.4880497455596924,
      -2.415696620941162,
      -2.343343496322632,
      -2.2709903717041016,
      -2.1986372470855713,
      -2.126284122467041,
      -2.0539309978485107,
      -1.9815778732299805,
      -1.9092247486114502,
      -1.83687162399292,
      -1.7645184993743896,
      -1.6921653747558594,
      -1.619812250137329,
      -1.5474591255187988,
      -1.4751060009002686,
      -1.4027528762817383,
      -1.330399751663208,
      -1.2580466270446777,
      -1.1856935024261475,
      -1.1133403778076172,
      -1.040987253189087,
      -0.9686341285705566,
      -0.8962810039520264,
      -0.8239278793334961,
      -0.7515747547149658,
      -0.6792216300964355,
      -0.6068685054779053,
      -0.534515380859375,
      -0.4621622562408447,
      -0.38980913162231445,
      -0.3174560070037842,
      -0.2451028823852539,
      -0.17274975776672363,
      -0.10039663314819336,
      -0.028043508529663086,
      0.044309139251708984,
      0.11666226387023926,
      0.18901538848876953,
      0.2613685131072998,
      0.3337216377258301,
      0.40607476234436035,
      0.4784278869628906,
      0.5507810115814209,
      0.6231341361999512,
      0.6954872608184814,
      0.7678403854370117,
      0.840193510055542,
      0.9125466346740723,
      0.9848997592926025,
      1.0572528839111328,
      1.129606008529663,
      1.2019591331481934,
      1.2743122577667236,
      1.346665382385254,
      1.4190185070037842,
      1.4913716316223145,
      1.5637247562408447,
      1.636077880859375,
      1.7084310054779053,
      1.7807841300964355,
      1.8531372547149658,
      1.925490379333496,
      1.9978435039520264,
      2.0701966285705566,
      2.142549753189087,
      2.214902877807617,
      2.2872560024261475,
      2.3596091270446777,
      2.431962251663208,
      2.5043153762817383,
      2.5766685009002686,
      2.649021625518799,
      2.721374750137329,
      2.7937278747558594,
      2.8660809993743896,
      2.93843412399292,
      3.01078724861145,
      3.0831403732299805,
      3.1554934978485107,
      3.227846622467041,
      3.3001997470855713,
      3.3725528717041016,
      3.444905996322632,
      3.517259120941162,
      3.5896122455596924,
      3.6619653701782227,
      3.734318494796753,
      3.806671619415283,
      3.8790247440338135,
      3.9513778686523438,
      4.023731231689453,
      4.096084117889404,
      4.1684370040893555,
      4.240790367126465,
      4.313143730163574,
      4.385496616363525,
      4.457849502563477,
      4.530202865600586,
      4.602556228637695,
      4.6749091148376465
    ]
  }
}