{
  "module": "block.1.mlp.mlp2_lif",
  "state_shape": [
    64,
    1536,
    8,
    8
  ],
  "time_steps": 1,
  "numel_sampled": 196608,
  "mean": -0.6129423975944519,
  "std": 0.5576210618019104,
  "min": -2.8425350189208984,
  "max": 2.251415967941284,
  "quantiles": {
    "0.00": -2.8425350189208984,
    "0.01": -1.7514067888259888,
    "0.05": -1.4332573413848877,
    "0.10": -1.267127275466919,
    "0.25": -0.9913293123245239,
    "0.50": -0.6675599813461304,
    "0.75": -0.29114317893981934,
    "0.90": 0.12428443133831024,
    "0.95": 0.41030600666999817,
    "0.99": 0.936983048915863,
    "1.00": 2.251415967941284
  },
  "histogram": {
    "counts": [
      2,
      0,
      0,
      0,
      4,
      3,
      5,
      3,
      4,
      11,
      8,
      11,
      15,
      15,
      29,
      30,
      31,
      38,
      61,
      81,
      90,
      122,
      146,
      202,
      232,
      290,
      358,
      475,
      538,
      654,
      787,
      962,
      1092,
      1346,
      1450,
      1766,
      2071,
      2357,
      2657,
      3021,
      3361,
      3749,
      4023,
      4370,
      4736,
      5184,
      5420,
      5563,
      5881,
      6061,
      6159,
      6266,
      6301,
      6237,
      6099,
      5936,
      5950,
      5681,
      5457,
      5254,
      4852,
      4788,
      4529,
      4181,
      3973,
      3603,
      3504,
      3157,
      2960,
      2736,
      2552,
      2294,
      2158,
      1976,
      1803,
      1690,
      1522,
      1415,
      1340,
      1203,
      1114,
      1044,
      991,
      855,
      792,
      719,
      643,
      624,
      555,
      483,
      469,
      437,
      377,
      346,
      307,
      250,
      264,
      203,
      169,
      160,
      150,
      129,
      100,
      89,
      90,
      64,
      55,
      49,
      25,
      38,
      27,
      18,
      16,
      15,
      6,
      6,
      11,
      10,
      3,
      4,
      1,
      3,
      2,
      1,
      0,
      0,
      1,
      2
    ],
    "bin_edges": [
      -2.8425350189208984,
      -2.8027384281158447,
      -2.76294207572937,
      -2.7231454849243164,
      -2.683349132537842,
      -2.643552541732788,
      -2.6037559509277344,
      -2.5639595985412598,
      -2.524163007736206,
      -2.4843666553497314,
      -2.4445700645446777,
      -2.404773473739624,
      -2.3649771213531494,
      -2.3251805305480957,
      -2.285384178161621,
      -2.2455875873565674,
      -2.2057909965515137,
      -2.165994644165039,
      -2.1261980533599854,
      -2.0864017009735107,
      -2.046605110168457,
      -2.0068087577819824,
      -1.9670121669769287,
      -1.9272156953811646,
      -1.8874192237854004,
      -1.8476226329803467,
      -1.8078261613845825,
      -1.7680296897888184,
      -1.7282332181930542,
      -1.68843674659729,
      -1.6486401557922363,
      -1.6088436841964722,
      -1.569047212600708,
      -1.5292507410049438,
      -1.4894542694091797,
      -1.449657678604126,
      -1.4098612070083618,
      -1.3700647354125977,
      -1.3302682638168335,
      -1.2904717922210693,
      -1.2506752014160156,
      -1.2108787298202515,
      -1.1710822582244873,
      -1.1312857866287231,
      -1.091489315032959,
      -1.0516928434371948,
      -1.0118962526321411,
      -0.972099781036377,
      -0.9323033094406128,
      -0.8925068378448486,
      -0.8527103066444397,
      -0.8129138350486755,
      -0.7731173038482666,
      -0.7333208322525024,
      -0.6935243606567383,
      -0.6537278294563293,
      -0.6139313578605652,
      -0.574134886264801,
      -0.5343383550643921,
      -0.49454188346862793,
      -0.4547453820705414,
      -0.41494888067245483,
      -0.3751524090766907,
      -0.3353559076786041,
      -0.2955596446990967,
      -0.25576314330101013,
      -0.21596665680408478,
      -0.17617017030715942,
      -0.13637366890907288,
      -0.09657717496156693,
      -0.056780681014060974,
      -0.016984187066555023,
      0.022812306880950928,
      0.06260880082845688,
      0.10240529477596283,
      0.14220178127288818,
      0.18199828267097473,
      0.22179478406906128,
      0.26159125566482544,
      0.301387757062912,
      0.34118425846099854,
      0.3809807598590851,
      0.42077726125717163,
      0.4605737328529358,
      0.5003702640533447,
      0.5401667356491089,
      0.579963207244873,
      0.619759738445282,
      0.6595562100410461,
      0.6993526816368103,
      0.7391492128372192,
      0.7789456844329834,
      0.8187421560287476,
      0.8585386872291565,
      0.8983351588249207,
      0.9381316900253296,
      0.9779281616210938,
      1.017724633216858,
      1.057521104812622,
      1.0973176956176758,
      1.13711416721344,
      1.176910638809204,
      1.2167071104049683,
      1.2565035820007324,
      1.2963001728057861,
      1.3360966444015503,
      1.3758931159973145,
      1.4156895875930786,
      1.4554860591888428,
      1.495282530784607,
      1.5350791215896606,
      1.5748755931854248,
      1.614672064781189,
      1.6544685363769531,
      1.6942650079727173,
      1.734061598777771,
      1.7738580703735352,
      1.8136545419692993,
      1.8534510135650635,
      1.8932474851608276,
      1.9330439567565918,
      1.9728405475616455,
      2.01263689994812,
      2.052433490753174,
      2.0922300815582275,
      2.132026433944702,
      2.171823024749756,
      2.2116193771362305,
      2.251415967941284
    ]
  }
}