{
  "module": "block.0.attn.attn_lif",
  "state_shape": [
    64,
    384,
    64
  ],
  "time_steps": 1,
  "numel_sampled": 196608,
  "mean": 4.6887969970703125,
  "std": 5.343704700469971,
  "min": 0.0,
  "max": 63.625,
  "quantiles": {
    "0.00": 0.0,
    "0.01": 0.0,
    "0.05": 0.125,
    "0.10": 0.375,
    "0.25": 1.125,
    "0.50": 2.75,
    "0.75": 6.25,
    "0.90": 11.75,
    "0.95": 15.875,
    "0.99": 24.75,
    "1.00": 63.625
  },
  "histogram": {
    "counts": [
      21902,
      20364,
      18489,
      15833,
      13794,
      11818,
      9784,
      8417,
      7152,
      6213,
      5498,
      4871,
      4411,
      4045,
      3614,
      3295,
      2990,
      2746,
      2582,
      2331,
      2102,
      1946,
      1770,
      1655,
      1511,
      1415,
      1307,
      1168,
      1073,
      984,
      932,
      934,
      787,
      735,
      695,
      617,
      552,
      566,
      488,
      493,
      375,
      398,
      249,
      342,
      285,
      291,
      233,
      219,
      231,
      180,
      195,
      150,
      139,
      127,
      121,
      111,
      97,
      99,
      84,
      87,
      75,
      67,
      53,
      52,
      48,
      51,
      44,
      29,
      24,
      31,
      18,
      18,
      17,
      17,
      18,
      11,
      15,
      11,
      10,
      7,
      9,
      8,
      8,
      5,
      10,
      6,
      5,
      2,
      3,
      3,
      7,
      3,
      6,
      2,
      3,
      1,
      0,
      3,
      2,
      1,
      1,
      2,
      1,
      0,
      1,
      0,
      0,
      0,
      0,
      1,
      0,
      1,
      0,
      1,
      3,
      0,
      0,
      0,
      0,
      0,
      1,
      0,
      0,
      0,
      0,
      0,
      0,
      1
    ],
    "bin_edges": [
      0.0,
      0.4970703125,
      0.994140625,
      1.4912109375,
      1.98828125,
      2.4853515625,
      2.982421875,
      3.4794921875,
      3.9765625,
      4.4736328125,
      4.970703125,
      5.4677734375,
      5.96484375,
      6.4619140625,
      6.958984375,
      7.4560546875,
      7.953125,
      8.4501953125,
      8.947265625,
      9.4443359375,
      9.94140625,
      10.4384765625,
      10.935546875,
      11.4326171875,
      11.9296875,
      12.4267578125,
      12.923828125,
      13.4208984375,
      13.91796875,
      14.4150390625,
      14.912109375,
      15.4091796875,
      15.90625,
      16.4033203125,
      16.900390625,
      17.3974609375,
      17.89453125,
      18.3916015625,
      18.888671875,
      19.3857421875,
      19.8828125,
      20.3798828125,
      20.876953125,
      21.3740234375,
      21.87109375,
      22.3681640625,
      22.865234375,
      23.3623046875,
      23.859375,
      24.3564453125,
      24.853515625,
      25.3505859375,
      25.84765625,
      26.3447265625,
      26.841796875,
      27.3388671875,
      27.8359375,
      28.3330078125,
      28.830078125,
      29.3271484375,
      29.82421875,
      30.3212890625,
      30.818359375,
      31.3154296875,
      31.8125,
      32.3095703125,
      32.806640625,
      33.3037109375,
      33.80078125,
      34.2978515625,
      34.794921875,
      35.2919921875,
      35.7890625,
      36.2861328125,
      36.783203125,
      37.2802734375,
      37.77734375,
      38.2744140625,
      38.771484375,
      39.2685546875,
      39.765625,
      40.2626953125,
      40.759765625,
      41.2568359375,
      41.75390625,
      42.2509765625,
      42.748046875,
      43.2451171875,
      43.7421875,
      44.2392578125,
      44.736328125,
      45.2333984375,
      45.73046875,
      46.2275390625,
      46.724609375,
      47.2216796875,
      47.71875,
      48.2158203125,
      48.712890625,
      49.2099609375,
      49.70703125,
      50.2041015625,
      50.701171875,
      51.1982421875,
      51.6953125,
      52.1923828125,
      52.689453125,
      53.1865234375,
      53.68359375,
      54.1806640625,
      54.677734375,
      55.1748046875,
      55.671875,
      56.1689453125,
      56.666015625,
      57.1630859375,
      57.66015625,
      58.1572265625,
      58.654296875,
      59.1513671875,
      59.6484375,
      60.1455078125,
      60.642578125,
      61.1396484375,
      61.63671875,
      62.1337890625,
      62.630859375,
      63.1279296875,
      63.625
    ]
  }
}