{
  "module": "block.2.attn.v_lif",
  "state_shape": [
    64,
    384,
    64
  ],
  "time_steps": 1,
  "numel_sampled": 196608,
  "mean": 0.04009965434670448,
  "std": 1.2461628913879395,
  "min": -4.23809814453125,
  "max": 5.639616012573242,
  "quantiles": {
    "0.00": -4.23809814453125,
    "0.01": -2.580291986465454,
    "0.05": -1.8568214178085327,
    "0.10": -1.4811506271362305,
    "0.25": -0.857086718082428,
    "0.50": -0.06892319023609161,
    "0.75": 0.9120209217071533,
    "0.90": 1.7408168315887451,
    "0.95": 2.1789188385009766,
    "0.99": 3.007420063018799,
    "1.00": 5.639616012573242
  },
  "histogram": {
    "counts": [
      1,
      5,
      3,
      7,
      6,
      11,
      21,
      27,
      33,
      35,
      38,
      43,
      62,
      92,
      83,
      124,
      169,
      206,
      246,
      262,
      313,
      358,
      442,
      516,
      635,
      704,
      832,
      995,
      1087,
      1262,
      1446,
      1638,
      1812,
      2073,
      2258,
      2501,
      2737,
      3014,
      3355,
      3622,
      3888,
      4074,
      4330,
      4648,
      4767,
      4833,
      5005,
      4958,
      4744,
      4920,
      4833,
      4738,
      4680,
      4689,
      4494,
      4477,
      4253,
      4177,
      4098,
      3953,
      3712,
      3642,
      3747,
      3496,
      3416,
      3388,
      3302,
      3147,
      3101,
      3022,
      2888,
      2840,
      2793,
      2636,
      2491,
      2471,
      2217,
      2108,
      1965,
      1966,
      1650,
      1529,
      1435,
      1264,
      1100,
      1036,
      923,
      809,
      640,
      593,
      533,
      434,
      414,
      339,
      294,
      246,
      206,
      193,
      152,
      126,
      120,
      82,
      109,
      80,
      64,
      62,
      45,
      32,
      21,
      15,
      8,
      11,
      8,
      9,
      6,
      10,
      8,
      0,
      3,
      2,
      2,
      3,
      3,
      1,
      2,
      4,
      0,
      1
    ],
    "bin_edges": [
      -4.23809814453125,
      -4.160928726196289,
      -4.08375883102417,
      -4.006589412689209,
      -3.92941951751709,
      -3.85224986076355,
      -3.7750802040100098,
      -3.6979105472564697,
      -3.6207408905029297,
      -3.5435714721679688,
      -3.4664018154144287,
      -3.3892321586608887,
      -3.3120625019073486,
      -3.2348928451538086,
      -3.1577231884002686,
      -3.0805535316467285,
      -3.0033838748931885,
      -2.9262142181396484,
      -2.8490445613861084,
      -2.7718749046325684,
      -2.6947052478790283,
      -2.6175355911254883,
      -2.5403659343719482,
      -2.463196277618408,
      -2.3860268592834473,
      -2.3088572025299072,
      -2.231687545776367,
      -2.154517889022827,
      -2.077348232269287,
      -2.000178575515747,
      -1.923008918762207,
      -1.845839262008667,
      -1.768669605255127,
      -1.691499948501587,
      -1.6143302917480469,
      -1.5371606349945068,
      -1.4599909782409668,
      -1.3828214406967163,
      -1.3056517839431763,
      -1.2284821271896362,
      -1.1513124704360962,
      -1.0741428136825562,
      -0.9969731569290161,
      -0.9198035597801208,
      -0.8426339030265808,
      -0.7654642462730408,
      -0.6882946491241455,
      -0.6111249923706055,
      -0.5339553356170654,
      -0.4567856788635254,
      -0.37961605191230774,
      -0.3024464249610901,
      -0.22527676820755005,
      -0.1481071263551712,
      -0.07093748450279236,
      0.006232157349586487,
      0.08340179920196533,
      0.16057144105434418,
      0.23774108290672302,
      0.3149107098579407,
      0.3920803666114807,
      0.46925002336502075,
      0.546419620513916,
      0.623589277267456,
      0.7007589340209961,
      0.7779285907745361,
      0.8550982475280762,
      0.9322678446769714,
      1.0094375610351562,
      1.0866070985794067,
      1.1637767553329468,
      1.2409464120864868,
      1.3181160688400269,
      1.395285725593567,
      1.472455382347107,
      1.549625039100647,
      1.6267945766448975,
      1.7039642333984375,
      1.7811338901519775,
      1.8583035469055176,
      1.9354732036590576,
      2.0126428604125977,
      2.0898125171661377,
      2.1669821739196777,
      2.2441518306732178,
      2.321321487426758,
      2.398491144180298,
      2.475660800933838,
      2.552830219268799,
      2.629999876022339,
      2.707169532775879,
      2.784339189529419,
      2.861508846282959,
      2.938678503036499,
      3.015848159790039,
      3.093017816543579,
      3.170187473297119,
      3.247357130050659,
      3.324526786804199,
      3.4016964435577393,
      3.4788661003112793,
      3.5560357570648193,
      3.6332054138183594,
      3.7103750705718994,
      3.7875447273254395,
      3.8647141456604004,
      3.9418838024139404,
      4.0190534591674805,
      4.0962233543396,
      4.1733927726745605,
      4.25056266784668,
      4.327732086181641,
      4.404901504516602,
      4.482071399688721,
      4.559240818023682,
      4.636410713195801,
      4.713580131530762,
      4.790750026702881,
      4.867919445037842,
      4.945089340209961,
      5.022258758544922,
      5.099428653717041,
      5.176598072052002,
      5.253767967224121,
      5.330937385559082,
      5.408107280731201,
      5.485276699066162,
      5.562446594238281,
      5.639616012573242
    ]
  }
}