{
  "module": "block.0.mlp.mlp2_lif",
  "state_shape": [
    64,
    1536,
    8,
    8
  ],
  "time_steps": 1,
  "numel_sampled": 196608,
  "mean": -0.4927872121334076,
  "std": 0.5441687703132629,
  "min": -2.815048933029175,
  "max": 2.100900411605835,
  "quantiles": {
    "0.00": -2.815048933029175,
    "0.01": -1.7458760738372803,
    "0.05": -1.3728255033493042,
    "0.10": -1.1794861555099487,
    "0.25": -0.8567976951599121,
    "0.50": -0.5008245706558228,
    "0.75": -0.13667333126068115,
    "0.90": 0.20550495386123657,
    "0.95": 0.41541391611099243,
    "0.99": 0.8184581398963928,
    "1.00": 2.100900411605835
  },
  "histogram": {
    "counts": [
      1,
      3,
      1,
      1,
      2,
      4,
      2,
      8,
      13,
      8,
      11,
      15,
      20,
      20,
      41,
      43,
      46,
      48,
      57,
      74,
      68,
      114,
      148,
      176,
      230,
      229,
      313,
      328,
      398,
      504,
      556,
      641,
      740,
      820,
      943,
      1147,
      1256,
      1482,
      1671,
      1826,
      2063,
      2159,
      2468,
      2796,
      2907,
      3198,
      3435,
      3663,
      3934,
      4237,
      4346,
      4588,
      4958,
      5105,
      5292,
      5370,
      5468,
      5527,
      5582,
      5712,
      5721,
      5751,
      5481,
      5348,
      5335,
      5199,
      4937,
      4868,
      4661,
      4400,
      4119,
      3960,
      3777,
      3383,
      3254,
      3001,
      2757,
      2582,
      2422,
      2152,
      1916,
      1821,
      1625,
      1335,
      1263,
      1128,
      1022,
      883,
      832,
      707,
      541,
      544,
      454,
      409,
      351,
      280,
      270,
      196,
      184,
      158,
      130,
      106,
      78,
      96,
      50,
      52,
      46,
      31,
      41,
      29,
      21,
      19,
      8,
      11,
      11,
      6,
      4,
      6,
      7,
      4,
      1,
      2,
      0,
      4,
      0,
      0,
      1,
      1
    ],
    "bin_edges": [
      -2.815048933029175,
      -2.7766430377960205,
      -2.738237142562866,
      -2.699831485748291,
      -2.6614255905151367,
      -2.6230196952819824,
      -2.584613800048828,
      -2.546207904815674,
      -2.5078020095825195,
      -2.4693963527679443,
      -2.43099045753479,
      -2.3925845623016357,
      -2.3541786670684814,
      -2.315772771835327,
      -2.277366876602173,
      -2.2389612197875977,
      -2.2005553245544434,
      -2.162149429321289,
      -2.1237435340881348,
      -2.0853376388549805,
      -2.046931743621826,
      -2.008526086807251,
      -1.9701201915740967,
      -1.9317142963409424,
      -1.893308401107788,
      -1.8549026250839233,
      -1.816496729850769,
      -1.7780908346176147,
      -1.73968505859375,
      -1.7012791633605957,
      -1.6628732681274414,
      -1.6244674921035767,
      -1.5860615968704224,
      -1.547655701637268,
      -1.5092499256134033,
      -1.470844030380249,
      -1.4324381351470947,
      -1.39403235912323,
      -1.3556264638900757,
      -1.3172205686569214,
      -1.2788147926330566,
      -1.2404088973999023,
      -1.202003002166748,
      -1.1635972261428833,
      -1.125191330909729,
      -1.0867854356765747,
      -1.04837965965271,
      -1.0099737644195557,
      -0.9715679287910461,
      -0.9331620931625366,
      -0.8947561979293823,
      -0.8563503623008728,
      -0.8179445266723633,
      -0.779538631439209,
      -0.7411327958106995,
      -0.7027269601821899,
      -0.6643210649490356,
      -0.6259152293205261,
      -0.5875093936920166,
      -0.5491035580635071,
      -0.5106976628303528,
      -0.47229182720184326,
      -0.43388596177101135,
      -0.39548012614250183,
      -0.3570742607116699,
      -0.318668395280838,
      -0.2802625596523285,
      -0.24185669422149658,
      -0.20345084369182587,
      -0.16504499316215515,
      -0.12663912773132324,
      -0.08823327720165253,
      -0.04982742667198181,
      -0.011421572417020798,
      0.026984281837940216,
      0.06539013981819153,
      0.10379599034786224,
      0.14220184087753296,
      0.18060770630836487,
      0.21901355683803558,
      0.2574194073677063,
      0.2958252727985382,
      0.33423110842704773,
      0.37263697385787964,
      0.41104280948638916,
      0.44944867491722107,
      0.487854540348053,
      0.5262603759765625,
      0.5646662712097168,
      0.6030721068382263,
      0.6414779424667358,
      0.6798837780952454,
      0.7182896733283997,
      0.7566955089569092,
      0.7951013445854187,
      0.833507239818573,
      0.8719130754470825,
      0.910318911075592,
      0.9487248063087463,
      0.9871306419372559,
      1.0255365371704102,
      1.063942313194275,
      1.1023482084274292,
      1.1407541036605835,
      1.1791598796844482,
      1.2175657749176025,
      1.2559716701507568,
      1.2943774461746216,
      1.3327833414077759,
      1.3711892366409302,
      1.409595012664795,
      1.4480009078979492,
      1.4864068031311035,
      1.5248125791549683,
      1.5632184743881226,
      1.6016242504119873,
      1.6400301456451416,
      1.678436040878296,
      1.7168418169021606,
      1.755247712135315,
      1.7936536073684692,
      1.832059383392334,
      1.8704652786254883,
      1.9088711738586426,
      1.9472769498825073,
      1.9856828451156616,
      2.0240886211395264,
      2.0624945163726807,
      2.100900411605835
    ]
  }
}