{
  "module": "block.2.mlp.mlp2_lif",
  "state_shape": [
    64,
    1536,
    8,
    8
  ],
  "time_steps": 1,
  "numel_sampled": 196608,
  "mean": -0.3692944347858429,
  "std": 0.6454829573631287,
  "min": -3.995734214782715,
  "max": 3.5210821628570557,
  "quantiles": {
    "0.00": -3.995734214782715,
    "0.01": -1.5955135822296143,
    "0.05": -1.2550050020217896,
    "0.10": -1.0835696458816528,
    "0.25": -0.7969504594802856,
    "0.50": -0.444614440202713,
    "0.75": -0.04049476608633995,
    "0.90": 0.3924586772918701,
    "0.95": 0.7752721309661865,
    "0.99": 1.8013478517532349,
    "1.00": 3.5210821628570557
  },
  "histogram": {
    "counts": [
      1,
      0,
      0,
      0,
      0,
      0,
      0,
      1,
      2,
      0,
      0,
      0,
      0,
      1,
      0,
      0,
      0,
      1,
      1,
      1,
      2,
      1,
      6,
      1,
      4,
      4,
      8,
      6,
      6,
      19,
      21,
      26,
      41,
      56,
      80,
      124,
      177,
      212,
      307,
      385,
      566,
      688,
      888,
      1147,
      1496,
      2004,
      2411,
      2900,
      3628,
      4271,
      4963,
      5721,
      6362,
      7054,
      7587,
      8027,
      8134,
      8399,
      8450,
      8329,
      8064,
      8034,
      7730,
      7301,
      7100,
      6552,
      6084,
      5646,
      5192,
      4618,
      4144,
      3727,
      3324,
      3023,
      2519,
      2237,
      1847,
      1537,
      1326,
      1140,
      888,
      815,
      680,
      549,
      549,
      481,
      508,
      436,
      404,
      403,
      423,
      429,
      391,
      370,
      382,
      371,
      353,
      346,
      288,
      283,
      260,
      243,
      227,
      167,
      137,
      129,
      98,
      61,
      53,
      46,
      48,
      33,
      21,
      16,
      16,
      7,
      11,
      8,
      3,
      3,
      2,
      1,
      1,
      1,
      2,
      0,
      0,
      1
    ],
    "bin_edges": [
      -3.995734214782715,
      -3.93700909614563,
      -3.878283977508545,
      -3.81955885887146,
      -3.760833740234375,
      -3.70210862159729,
      -3.643383502960205,
      -3.58465838432312,
      -3.525933265686035,
      -3.46720814704895,
      -3.4084830284118652,
      -3.3497579097747803,
      -3.2910327911376953,
      -3.2323076725006104,
      -3.1735825538635254,
      -3.1148574352264404,
      -3.0561323165893555,
      -2.9974069595336914,
      -2.9386818408966064,
      -2.8799567222595215,
      -2.8212316036224365,
      -2.7625064849853516,
      -2.7037813663482666,
      -2.6450562477111816,
      -2.5863311290740967,
      -2.5276060104370117,
      -2.4688808917999268,
      -2.410155773162842,
      -2.351430654525757,
      -2.292705535888672,
      -2.233980417251587,
      -2.175255298614502,
      -2.116530179977417,
      -2.057805061340332,
      -1.999079942703247,
      -1.940354824066162,
      -1.8816297054290771,
      -1.8229045867919922,
      -1.7641794681549072,
      -1.7054543495178223,
      -1.6467292308807373,
      -1.5880039930343628,
      -1.5292788743972778,
      -1.4705537557601929,
      -1.411828637123108,
      -1.353103518486023,
      -1.294378399848938,
      -1.235653281211853,
      -1.176928162574768,
      -1.118203043937683,
      -1.0594779253005981,
      -1.0007528066635132,
      -0.9420276880264282,
      -0.8833025097846985,
      -0.8245773911476135,
      -0.7658522725105286,
      -0.7071271538734436,
      -0.6484020352363586,
      -0.5896769165992737,
      -0.5309517979621887,
      -0.47222664952278137,
      -0.4135015308856964,
      -0.35477638244628906,
      -0.2960512638092041,
      -0.23732590675354004,
      -0.17860078811645508,
      -0.11987565457820892,
      -0.061150528490543365,
      -0.0024254024028778076,
      0.05629972368478775,
      0.11502484977245331,
      0.17374998331069946,
      0.23247510194778442,
      0.2912002205848694,
      0.34992533922195435,
      0.4086504876613617,
      0.46737560629844666,
      0.526100754737854,
      0.584825873374939,
      0.6435509920120239,
      0.7022761106491089,
      0.7610012292861938,
      0.8197263479232788,
      0.8784514665603638,
      0.9371765851974487,
      0.9959017634391785,
      1.0546268224716187,
      1.1133519411087036,
      1.1720771789550781,
      1.230802297592163,
      1.289527416229248,
      1.348252534866333,
      1.406977653503418,
      1.465702772140503,
      1.524427890777588,
      1.5831530094146729,
      1.6418781280517578,
      1.7006032466888428,
      1.7593283653259277,
      1.8180534839630127,
      1.8767786026000977,
      1.9355037212371826,
      1.9942288398742676,
      2.0529539585113525,
      2.1116790771484375,
      2.1704041957855225,
      2.2291293144226074,
      2.2878544330596924,
      2.3465795516967773,
      2.4053046703338623,
      2.4640297889709473,
      2.5227549076080322,
      2.581480026245117,
      2.6402053833007812,
      2.698930501937866,
      2.757655620574951,
      2.816380739212036,
      2.875105857849121,
      2.933830976486206,
      2.992556095123291,
      3.051281213760376,
      3.110006332397461,
      3.168731451034546,
      3.227456569671631,
      3.286181688308716,
      3.344906806945801,
      3.4036319255828857,
      3.4623570442199707,
      3.5210821628570557
    ]
  }
}