{
  "module": "block.1.attn.q_lif",
  "state_shape": [
    64,
    384,
    64
  ],
  "time_steps": 1,
  "numel_sampled": 196608,
  "mean": 0.13332755863666534,
  "std": 1.000096321105957,
  "min": -4.662301063537598,
  "max": 4.578482627868652,
  "quantiles": {
    "0.00": -4.662301063537598,
    "0.01": -2.167203426361084,
    "0.05": -1.4909312725067139,
    "0.10": -1.1349695920944214,
    "0.25": -0.5431846380233765,
    "0.50": 0.12277330458164215,
    "0.75": 0.7980546355247498,
    "0.90": 1.4147405624389648,
    "0.95": 1.7987089157104492,
    "0.99": 2.5171926021575928,
    "1.00": 4.578482627868652
  },
  "histogram": {
    "counts": [
      1,
      0,
      1,
      1,
      0,
      0,
      0,
      0,
      2,
      2,
      4,
      1,
      2,
      1,
      9,
      9,
      10,
      11,
      13,
      16,
      24,
      29,
      37,
      43,
      69,
      69,
      89,
      97,
      121,
      132,
      169,
      217,
      258,
      316,
      384,
      453,
      513,
      595,
      755,
      820,
      939,
      1089,
      1195,
      1452,
      1575,
      1782,
      2031,
      2244,
      2500,
      2650,
      2894,
      3172,
      3487,
      3697,
      3994,
      4297,
      4636,
      4587,
      4865,
      4984,
      5342,
      5440,
      5557,
      5591,
      5703,
      5637,
      5815,
      5789,
      5505,
      5451,
      5386,
      5388,
      5115,
      4849,
      4664,
      4541,
      4252,
      4070,
      3815,
      3596,
      3321,
      3130,
      2734,
      2472,
      2337,
      2093,
      1913,
      1759,
      1487,
      1359,
      1254,
      1086,
      957,
      811,
      730,
      676,
      555,
      500,
      448,
      372,
      297,
      240,
      207,
      182,
      156,
      118,
      93,
      90,
      72,
      48,
      60,
      40,
      34,
      24,
      13,
      17,
      20,
      14,
      5,
      7,
      12,
      5,
      1,
      4,
      0,
      1,
      2,
      3
    ],
    "bin_edges": [
      -4.662301063537598,
      -4.590107440948486,
      -4.517913818359375,
      -4.445720195770264,
      -4.373526573181152,
      -4.301332950592041,
      -4.22913932800293,
      -4.156945705413818,
      -4.084752082824707,
      -4.012558460235596,
      -3.9403648376464844,
      -3.868171215057373,
      -3.7959775924682617,
      -3.7237839698791504,
      -3.651590347290039,
      -3.5793967247009277,
      -3.5072031021118164,
      -3.435009479522705,
      -3.3628158569335938,
      -3.2906222343444824,
      -3.218428611755371,
      -3.1462349891662598,
      -3.0740413665771484,
      -3.001847743988037,
      -2.929654121398926,
      -2.8574604988098145,
      -2.785266876220703,
      -2.713073253631592,
      -2.6408796310424805,
      -2.568686008453369,
      -2.496492385864258,
      -2.4242987632751465,
      -2.352105140686035,
      -2.279911518096924,
      -2.2077178955078125,
      -2.135524272918701,
      -2.06333065032959,
      -1.9911370277404785,
      -1.9189434051513672,
      -1.8467497825622559,
      -1.7745561599731445,
      -1.7023625373840332,
      -1.6301689147949219,
      -1.5579752922058105,
      -1.4857816696166992,
      -1.413588047027588,
      -1.3413944244384766,
      -1.2692008018493652,
      -1.197007179260254,
      -1.1248135566711426,
      -1.0526199340820312,
      -0.9804263114929199,
      -0.9082326889038086,
      -0.8360390663146973,
      -0.7638454437255859,
      -0.6916518211364746,
      -0.6194581985473633,
      -0.547264575958252,
      -0.4750709533691406,
      -0.4028773307800293,
      -0.33068370819091797,
      -0.25849008560180664,
      -0.1862964630126953,
      -0.11410284042358398,
      -0.041909217834472656,
      0.030284404754638672,
      0.10247802734375,
      0.17467164993286133,
      0.24686527252197266,
      0.319058895111084,
      0.3912525177001953,
      0.46344614028930664,
      0.535639762878418,
      0.6078333854675293,
      0.6800270080566406,
      0.752220630645752,
      0.8244142532348633,
      0.8966078758239746,
      0.9688014984130859,
      1.0409951210021973,
      1.1131887435913086,
      1.18538236618042,
      1.2575759887695312,
      1.3297696113586426,
      1.401963233947754,
      1.4741568565368652,
      1.5463504791259766,
      1.618544101715088,
      1.6907377243041992,
      1.7629313468933105,
      1.8351249694824219,
      1.9073185920715332,
      1.9795122146606445,
      2.051705837249756,
      2.123899459838867,
      2.1960930824279785,
      2.26828670501709,
      2.340480327606201,
      2.4126739501953125,
      2.484867572784424,
      2.557061195373535,
      2.6292548179626465,
      2.701448440551758,
      2.773642063140869,
      2.8458356857299805,
      2.918029308319092,
      2.990222930908203,
      3.0624165534973145,
      3.134610176086426,
      3.206803798675537,
      3.2789974212646484,
      3.3511910438537598,
      3.423384666442871,
      3.4955782890319824,
      3.5677719116210938,
      3.639965534210205,
      3.7121591567993164,
      3.7843527793884277,
      3.856546401977539,
      3.9287400245666504,
      4.000933647155762,
      4.073127269744873,
      4.145320892333984,
      4.217514514923096,
      4.289708137512207,
      4.361901760101318,
      4.43409538269043,
      4.506289005279541,
      4.578482627868652
    ]
  }
}