{
  "module": "block.2.attn.proj_lif",
  "state_shape": [
    64,
    384,
    8,
    8
  ],
  "time_steps": 1,
  "numel_sampled": 196608,
  "mean": 0.33362969756126404,
  "std": 2.4145963191986084,
  "min": -11.681527137756348,
  "max": 13.065309524536133,
  "quantiles": {
    "0.00": -11.681527137756348,
    "0.01": -5.180238246917725,
    "0.05": -2.240412473678589,
    "0.10": -1.6851921081542969,
    "0.25": -0.8953087329864502,
    "0.50": -0.06005207821726799,
    "0.75": 0.864372193813324,
    "0.90": 2.403477907180786,
    "0.95": 6.361184597015381,
    "0.99": 8.645111083984375,
    "1.00": 13.065309524536133
  },
  "histogram": {
    "counts": [
      1,
      1,
      0,
      6,
      10,
      6,
      10,
      9,
      9,
      5,
      12,
      17,
      21,
      29,
      45,
      55,
      61,
      70,
      72,
      81,
      66,
      81,
      78,
      67,
      73,
      78,
      102,
      116,
      136,
      119,
      154,
      146,
      149,
      124,
      114,
      93,
      131,
      117,
      137,
      153,
      188,
      224,
      323,
      405,
      612,
      814,
      1105,
      1603,
      2177,
      2722,
      3629,
      4503,
      5609,
      6916,
      8239,
      9386,
      10582,
      11405,
      11721,
      12058,
      11811,
      11314,
      10569,
      9357,
      8282,
      6957,
      5810,
      4699,
      3644,
      2864,
      2095,
      1543,
      1162,
      900,
      674,
      488,
      386,
      292,
      259,
      225,
      254,
      301,
      312,
      344,
      381,
      435,
      472,
      491,
      579,
      602,
      648,
      690,
      735,
      725,
      790,
      684,
      712,
      742,
      767,
      756,
      673,
      627,
      588,
      529,
      449,
      381,
      309,
      236,
      223,
      173,
      120,
      98,
      87,
      70,
      58,
      46,
      41,
      39,
      30,
      37,
      26,
      17,
      13,
      8,
      3,
      0,
      0,
      1
    ],
    "bin_edges": [
      -11.681527137756348,
      -11.488192558288574,
      -11.2948579788208,
      -11.101523399353027,
      -10.908188819885254,
      -10.71485424041748,
      -10.52151870727539,
      -10.328184127807617,
      -10.134849548339844,
      -9.94151496887207,
      -9.748180389404297,
      -9.554845809936523,
      -9.36151123046875,
      -9.168176651000977,
      -8.974842071533203,
      -8.78150749206543,
      -8.588172912597656,
      -8.394837379455566,
      -8.201502799987793,
      -8.00816822052002,
      -7.814833641052246,
      -7.621499061584473,
      -7.428164482116699,
      -7.234829902648926,
      -7.041495323181152,
      -6.848160266876221,
      -6.654825687408447,
      -6.461491107940674,
      -6.2681565284729,
      -6.074821949005127,
      -5.881486892700195,
      -5.688152313232422,
      -5.494817733764648,
      -5.301483154296875,
      -5.108148574829102,
      -4.91481351852417,
      -4.7214789390563965,
      -4.528144359588623,
      -4.33480978012085,
      -4.141475200653076,
      -3.9481403827667236,
      -3.75480580329895,
      -3.5614709854125977,
      -3.368136405944824,
      -3.174801826477051,
      -2.9814670085906982,
      -2.788132429122925,
      -2.5947976112365723,
      -2.401463031768799,
      -2.2081284523010254,
      -2.014793634414673,
      -1.8214590549468994,
      -1.6281243562698364,
      -1.4347896575927734,
      -1.241455078125,
      -1.048120379447937,
      -0.854785680770874,
      -0.661450982093811,
      -0.4681163430213928,
      -0.2747816741466522,
      -0.08144700527191162,
      0.11188766360282898,
      0.3052223324775696,
      0.4985570013523102,
      0.6918907165527344,
      0.8852254152297974,
      1.0785601139068604,
      1.2718946933746338,
      1.4652293920516968,
      1.6585640907287598,
      1.8518986701965332,
      2.0452334880828857,
      2.238568067550659,
      2.4319026470184326,
      2.625237464904785,
      2.8185720443725586,
      3.011906623840332,
      3.2052414417266846,
      3.398576021194458,
      3.5919108390808105,
      3.785245418548584,
      3.9785799980163574,
      4.171914577484131,
      4.3652496337890625,
      4.558584213256836,
      4.751918792724609,
      4.945253372192383,
      5.138587951660156,
      5.33192253112793,
      5.525257587432861,
      5.718592166900635,
      5.911926746368408,
      6.105261325836182,
      6.298595905303955,
      6.491930961608887,
      6.68526554107666,
      6.878600120544434,
      7.071934700012207,
      7.2652692794799805,
      7.458604335784912,
      7.6519389152526855,
      7.845273494720459,
      8.03860855102539,
      8.231943130493164,
      8.425277709960938,
      8.618612289428711,
      8.811946868896484,
      9.005281448364258,
      9.198616027832031,
      9.391950607299805,
      9.585285186767578,
      9.778619766235352,
      9.971954345703125,
      10.165289878845215,
      10.358624458312988,
      10.551959037780762,
      10.745293617248535,
      10.938628196716309,
      11.131962776184082,
      11.325297355651855,
      11.518631935119629,
      11.711966514587402,
      11.905301094055176,
      12.098636627197266,
      12.291971206665039,
      12.485305786132812,
      12.678640365600586,
      12.87197494506836,
      13.065309524536133
    ]
  }
}