{
  "module": "block.3.attn.k_lif",
  "state_shape": [
    64,
    384,
    64
  ],
  "time_steps": 1,
  "numel_sampled": 196608,
  "mean": -0.008813937194645405,
  "std": 0.9961133003234863,
  "min": -3.414706230163574,
  "max": 3.7979724407196045,
  "quantiles": {
    "0.00": -3.414706230163574,
    "0.01": -1.9678606986999512,
    "0.05": -1.3656365871429443,
    "0.10": -1.091099500656128,
    "0.25": -0.6856622695922852,
    "0.50": -0.22501632571220398,
    "0.75": 0.5996111035346985,
    "0.90": 1.508319616317749,
    "0.95": 1.8973718881607056,
    "0.99": 2.5027410984039307,
    "1.00": 3.7979724407196045
  },
  "histogram": {
    "counts": [
      1,
      0,
      0,
      1,
      2,
      1,
      4,
      4,
      9,
      11,
      10,
      14,
      27,
      34,
      46,
      70,
      81,
      102,
      118,
      135,
      165,
      206,
      229,
      237,
      258,
      302,
      370,
      368,
      460,
      507,
      618,
      687,
      795,
      1032,
      1150,
      1270,
      1449,
      1658,
      1947,
      2177,
      2476,
      2923,
      3269,
      3507,
      3935,
      4327,
      4781,
      5160,
      5375,
      5757,
      5957,
      6100,
      6194,
      6281,
      6261,
      5967,
      5724,
      5637,
      5246,
      4554,
      4177,
      3754,
      3376,
      3028,
      2770,
      2625,
      2506,
      2313,
      2262,
      2172,
      2062,
      1878,
      1889,
      1832,
      1858,
      1872,
      1917,
      1851,
      1878,
      1785,
      1850,
      1809,
      1740,
      1777,
      1853,
      1782,
      1712,
      1697,
      1623,
      1567,
      1442,
      1345,
      1251,
      1211,
      1178,
      1047,
      1012,
      847,
      820,
      711,
      652,
      587,
      490,
      448,
      394,
      350,
      313,
      268,
      216,
      160,
      133,
      124,
      107,
      71,
      65,
      42,
      34,
      24,
      18,
      13,
      15,
      7,
      6,
      2,
      1,
      1,
      1,
      1
    ],
    "bin_edges": [
      -3.414706230163574,
      -3.3583571910858154,
      -3.3020081520080566,
      -3.245659112930298,
      -3.189310073852539,
      -3.1329610347747803,
      -3.0766119956970215,
      -3.0202629566192627,
      -2.963913917541504,
      -2.907564640045166,
      -2.8512156009674072,
      -2.7948665618896484,
      -2.7385175228118896,
      -2.682168483734131,
      -2.625819444656372,
      -2.5694704055786133,
      -2.5131213665008545,
      -2.4567723274230957,
      -2.400423288345337,
      -2.344074249267578,
      -2.2877252101898193,
      -2.2313761711120605,
      -2.1750271320343018,
      -2.118678092956543,
      -2.062328815460205,
      -2.0059797763824463,
      -1.949630856513977,
      -1.8932818174362183,
      -1.83693265914917,
      -1.7805836200714111,
      -1.7242345809936523,
      -1.6678855419158936,
      -1.6115365028381348,
      -1.555187463760376,
      -1.4988384246826172,
      -1.4424893856048584,
      -1.3861403465270996,
      -1.3297911882400513,
      -1.2734421491622925,
      -1.2170931100845337,
      -1.160744071006775,
      -1.1043950319290161,
      -1.0480459928512573,
      -0.9916968941688538,
      -0.935347855091095,
      -0.8789988160133362,
      -0.8226497173309326,
      -0.7663006782531738,
      -0.709951639175415,
      -0.6536026000976562,
      -0.5972535610198975,
      -0.5409044623374939,
      -0.4845554232597351,
      -0.4282063841819763,
      -0.37185731530189514,
      -0.31550824642181396,
      -0.2591592073440552,
      -0.2028101533651352,
      -0.1464610993862152,
      -0.09011204540729523,
      -0.033762991428375244,
      0.02258606255054474,
      0.07893511652946472,
      0.1352841705083847,
      0.19163298606872559,
      0.24798204004764557,
      0.30433109402656555,
      0.36068016290664673,
      0.4170292019844055,
      0.4733782410621643,
      0.5297273397445679,
      0.5860763788223267,
      0.6424254179000854,
      0.6987744569778442,
      0.755123496055603,
      0.8114725947380066,
      0.8678216338157654,
      0.9241706728935242,
      0.9805197715759277,
      1.0368688106536865,
      1.0932178497314453,
      1.149566888809204,
      1.205915927886963,
      1.2622649669647217,
      1.3186140060424805,
      1.3749631643295288,
      1.4313122034072876,
      1.4876612424850464,
      1.5440102815628052,
      1.600359320640564,
      1.6567083597183228,
      1.7130573987960815,
      1.7694065570831299,
      1.8257555961608887,
      1.8821046352386475,
      1.9384536743164062,
      1.994802713394165,
      2.051151752471924,
      2.1075007915496826,
      2.1638498306274414,
      2.2201988697052,
      2.276547908782959,
      2.3328969478607178,
      2.3892459869384766,
      2.4455952644348145,
      2.5019443035125732,
      2.558293342590332,
      2.614642381668091,
      2.6709914207458496,
      2.7273404598236084,
      2.783689498901367,
      2.840038537979126,
      2.8963875770568848,
      2.9527366161346436,
      3.0090856552124023,
      3.065434694290161,
      3.12178373336792,
      3.1781327724456787,
      3.2344818115234375,
      3.2908308506011963,
      3.347179889678955,
      3.403529167175293,
      3.4598782062530518,
      3.5162272453308105,
      3.5725762844085693,
      3.628925323486328,
      3.685274362564087,
      3.7416234016418457,
      3.7979724407196045
    ]
  }
}