{
  "module": "block.3.attn.q_lif",
  "state_shape": [
    64,
    384,
    64
  ],
  "time_steps": 1,
  "numel_sampled": 196608,
  "mean": 0.12342160195112228,
  "std": 0.9985382556915283,
  "min": -3.7907392978668213,
  "max": 4.19149923324585,
  "quantiles": {
    "0.00": -3.7907392978668213,
    "0.01": -1.938542127609253,
    "0.05": -1.3983248472213745,
    "0.10": -1.0986582040786743,
    "0.25": -0.584132730960846,
    "0.50": 0.043104592710733414,
    "0.75": 0.7780170440673828,
    "0.90": 1.4893922805786133,
    "0.95": 1.892219066619873,
    "0.99": 2.583249807357788,
    "1.00": 4.19149923324585
  },
  "histogram": {
    "counts": [
      1,
      1,
      3,
      1,
      1,
      2,
      2,
      5,
      4,
      4,
      4,
      7,
      4,
      18,
      12,
      21,
      35,
      24,
      35,
      57,
      57,
      70,
      102,
      106,
      159,
      159,
      217,
      262,
      333,
      377,
      474,
      564,
      729,
      841,
      941,
      999,
      1203,
      1421,
      1642,
      1781,
      1990,
      2242,
      2343,
      2670,
      2800,
      3185,
      3325,
      3665,
      3867,
      4083,
      4377,
      4589,
      4747,
      4966,
      4918,
      4996,
      4829,
      5017,
      5006,
      4844,
      4924,
      4763,
      4646,
      4574,
      4550,
      4370,
      4277,
      4132,
      4076,
      3842,
      3844,
      3820,
      3575,
      3426,
      3218,
      3113,
      2880,
      2748,
      2625,
      2409,
      2391,
      2219,
      2103,
      2045,
      1850,
      1814,
      1711,
      1565,
      1364,
      1360,
      1242,
      1191,
      1028,
      946,
      865,
      756,
      688,
      667,
      559,
      478,
      400,
      395,
      340,
      285,
      224,
      211,
      173,
      151,
      130,
      105,
      72,
      75,
      62,
      42,
      44,
      30,
      15,
      22,
      14,
      11,
      6,
      3,
      1,
      3,
      1,
      1,
      0,
      1
    ],
    "bin_edges": [
      -3.7907392978668213,
      -3.7283780574798584,
      -3.6660168170928955,
      -3.6036555767059326,
      -3.5412943363189697,
      -3.478933095932007,
      -3.416571855545044,
      -3.354210615158081,
      -3.291849374771118,
      -3.2294881343841553,
      -3.1671268939971924,
      -3.1047656536102295,
      -3.0424044132232666,
      -2.9800431728363037,
      -2.917681932449341,
      -2.855320692062378,
      -2.792959451675415,
      -2.730598211288452,
      -2.6682369709014893,
      -2.6058757305145264,
      -2.5435144901275635,
      -2.4811532497406006,
      -2.4187920093536377,
      -2.356430768966675,
      -2.294069528579712,
      -2.231708288192749,
      -2.169347047805786,
      -2.1069858074188232,
      -2.0446245670318604,
      -1.9822633266448975,
      -1.9199020862579346,
      -1.8575408458709717,
      -1.7951796054840088,
      -1.732818365097046,
      -1.670457124710083,
      -1.6080958843231201,
      -1.5457346439361572,
      -1.4833734035491943,
      -1.4210121631622314,
      -1.3586509227752686,
      -1.2962896823883057,
      -1.2339284420013428,
      -1.1715672016143799,
      -1.109205961227417,
      -1.046844720840454,
      -0.9844834804534912,
      -0.9221222400665283,
      -0.8597609996795654,
      -0.7973997592926025,
      -0.7350385189056396,
      -0.6726772785186768,
      -0.6103160381317139,
      -0.547954797744751,
      -0.4855935573577881,
      -0.4232323169708252,
      -0.3608710765838623,
      -0.2985098361968994,
      -0.23614859580993652,
      -0.17378735542297363,
      -0.11142611503601074,
      -0.04906487464904785,
      0.013296365737915039,
      0.07565760612487793,
      0.13801884651184082,
      0.2003798484802246,
      0.2627410888671875,
      0.3251023292541504,
      0.3874635696411133,
      0.44982481002807617,
      0.5121860504150391,
      0.574547290802002,
      0.6369085311889648,
      0.6992697715759277,
      0.7616310119628906,
      0.8239922523498535,
      0.8863534927368164,
      0.9487147331237793,
      1.0110759735107422,
      1.073437213897705,
      1.135798454284668,
      1.1981596946716309,
      1.2605209350585938,
      1.3228821754455566,
      1.3852434158325195,
      1.4476046562194824,
      1.5099658966064453,
      1.5723271369934082,
      1.634688377380371,
      1.697049617767334,
      1.7594108581542969,
      1.8217720985412598,
      1.8841333389282227,
      1.9464945793151855,
      2.0088558197021484,
      2.0712170600891113,
      2.133578300476074,
      2.195939540863037,
      2.25830078125,
      2.320662021636963,
      2.383023262023926,
      2.4453845024108887,
      2.5077457427978516,
      2.5701069831848145,
      2.6324682235717773,
      2.6948294639587402,
      2.757190704345703,
      2.819551944732666,
      2.881913185119629,
      2.944274425506592,
      3.0066356658935547,
      3.0689969062805176,
      3.1313581466674805,
      3.1937193870544434,
      3.2560806274414062,
      3.318441867828369,
      3.380803108215332,
      3.443164348602295,
      3.505525588989258,
      3.5678868293762207,
      3.6302480697631836,
      3.6926093101501465,
      3.7549705505371094,
      3.8173317909240723,
      3.879693031311035,
      3.942054271697998,
      4.004415512084961,
      4.066776752471924,
      4.129137992858887,
      4.19149923324585
    ]
  }
}