{
  "module": "block.0.attn.proj_lif",
  "state_shape": [
    64,
    384,
    8,
    8
  ],
  "time_steps": 1,
  "numel_sampled": 196608,
  "mean": 0.00034371521905995905,
  "std": 0.616525411605835,
  "min": -3.4232914447784424,
  "max": 2.76226544380188,
  "quantiles": {
    "0.00": -3.4232914447784424,
    "0.01": -1.5238285064697266,
    "0.05": -1.0315653085708618,
    "0.10": -0.7862508893013,
    "0.25": -0.3936448097229004,
    "0.50": 0.011809233576059341,
    "0.75": 0.407064288854599,
    "0.90": 0.7690000534057617,
    "0.95": 0.9937050342559814,
    "0.99": 1.4289987087249756,
    "1.00": 2.76226544380188
  },
  "histogram": {
    "counts": [
      1,
      0,
      0,
      1,
      0,
      0,
      0,
      1,
      0,
      0,
      1,
      1,
      1,
      3,
      1,
      3,
      5,
      5,
      6,
      8,
      16,
      13,
      11,
      21,
      28,
      29,
      33,
      49,
      57,
      70,
      66,
      77,
      122,
      136,
      148,
      180,
      218,
      247,
      300,
      332,
      445,
      454,
      545,
      646,
      714,
      912,
      955,
      1086,
      1222,
      1375,
      1604,
      1807,
      2094,
      2219,
      2585,
      2729,
      2958,
      3290,
      3596,
      3933,
      4201,
      4329,
      4750,
      5097,
      5286,
      5767,
      5949,
      6059,
      6202,
      6373,
      6374,
      6427,
      6342,
      6334,
      6220,
      6223,
      5843,
      5760,
      5249,
      4973,
      4746,
      4558,
      4025,
      3757,
      3398,
      3159,
      2844,
      2448,
      2317,
      1939,
      1799,
      1583,
      1386,
      1110,
      1001,
      861,
      738,
      690,
      543,
      452,
      410,
      324,
      233,
      229,
      195,
      139,
      107,
      97,
      74,
      59,
      54,
      33,
      35,
      27,
      20,
      13,
      26,
      13,
      7,
      16,
      4,
      7,
      4,
      3,
      0,
      0,
      3,
      5
    ],
    "bin_edges": [
      -3.4232914447784424,
      -3.374966859817505,
      -3.3266420364379883,
      -3.278317451477051,
      -3.2299928665161133,
      -3.1816680431365967,
      -3.133343458175659,
      -3.0850188732147217,
      -3.036694049835205,
      -2.9883694648742676,
      -2.94004487991333,
      -2.8917200565338135,
      -2.843395471572876,
      -2.7950708866119385,
      -2.746746063232422,
      -2.6984214782714844,
      -2.650096893310547,
      -2.6017720699310303,
      -2.5534474849700928,
      -2.5051229000091553,
      -2.4567980766296387,
      -2.408473491668701,
      -2.3601489067077637,
      -2.311824083328247,
      -2.2634994983673096,
      -2.215174913406372,
      -2.1668500900268555,
      -2.118525505065918,
      -2.0702009201049805,
      -2.021876096725464,
      -1.9735515117645264,
      -1.9252269268035889,
      -1.8769022226333618,
      -1.8285775184631348,
      -1.7802529335021973,
      -1.7319282293319702,
      -1.6836035251617432,
      -1.6352789402008057,
      -1.5869542360305786,
      -1.5386295318603516,
      -1.490304946899414,
      -1.441980242729187,
      -1.39365553855896,
      -1.3453309535980225,
      -1.2970062494277954,
      -1.2486815452575684,
      -1.2003569602966309,
      -1.1520322561264038,
      -1.1037075519561768,
      -1.0553829669952393,
      -1.0070582628250122,
      -0.9587336182594299,
      -0.9104089736938477,
      -0.8620842695236206,
      -0.8137596249580383,
      -0.765434980392456,
      -0.717110276222229,
      -0.6687856316566467,
      -0.6204609870910645,
      -0.5721363425254822,
      -0.5238116383552551,
      -0.47548699378967285,
      -0.4271623194217682,
      -0.3788376748561859,
      -0.33051300048828125,
      -0.2821883261203766,
      -0.2338636815547943,
      -0.18553900718688965,
      -0.13721434772014618,
      -0.08888968825340271,
      -0.040565021336078644,
      0.007759641855955124,
      0.05608430504798889,
      0.10440896451473236,
      0.15273362398147583,
      0.2010582983493805,
      0.24938295781612396,
      0.29770761728286743,
      0.3460322916507721,
      0.39435693621635437,
      0.44268161058425903,
      0.4910062849521637,
      0.5393309593200684,
      0.5876556038856506,
      0.6359802484512329,
      0.68430495262146,
      0.7326295971870422,
      0.7809542417526245,
      0.8292789459228516,
      0.8776035904884338,
      0.9259282350540161,
      0.9742528796195984,
      1.0225775241851807,
      1.0709022283554077,
      1.1192269325256348,
      1.1675515174865723,
      1.2158762216567993,
      1.2642009258270264,
      1.3125255107879639,
      1.360850214958191,
      1.409174919128418,
      1.4574995040893555,
      1.5058242082595825,
      1.5541489124298096,
      1.602473497390747,
      1.6507982015609741,
      1.6991229057312012,
      1.7474474906921387,
      1.7957721948623657,
      1.8440968990325928,
      1.8924214839935303,
      1.9407461881637573,
      1.9890708923339844,
      2.037395477294922,
      2.0857200622558594,
      2.134044885635376,
      2.1823694705963135,
      2.230694055557251,
      2.2790188789367676,
      2.327343463897705,
      2.3756680488586426,
      2.423992872238159,
      2.4723174571990967,
      2.520642042160034,
      2.568966865539551,
      2.6172914505004883,
      2.665616035461426,
      2.7139408588409424,
      2.76226544380188
    ]
  }
}