{
  "module": "block.1.attn.attn_lif",
  "state_shape": [
    64,
    384,
    64
  ],
  "time_steps": 1,
  "numel_sampled": 196608,
  "mean": 7.789030075073242,
  "std": 7.042758464813232,
  "min": 0.0,
  "max": 71.125,
  "quantiles": {
    "0.00": 0.0,
    "0.01": 0.125,
    "0.05": 0.625,
    "0.10": 1.125,
    "0.25": 2.625,
    "0.50": 5.625,
    "0.75": 11.0,
    "0.90": 17.375,
    "0.95": 21.875,
    "0.99": 31.375,
    "1.00": 71.125
  },
  "histogram": {
    "counts": [
      9151,
      9455,
      12699,
      9936,
      12057,
      9225,
      10629,
      8042,
      9014,
      6627,
      6106,
      7126,
      5390,
      6411,
      4587,
      5531,
      4040,
      4911,
      3476,
      3396,
      4109,
      2943,
      3420,
      2556,
      3048,
      2326,
      2671,
      1965,
      1801,
      2038,
      1539,
      1840,
      1314,
      1639,
      1175,
      1344,
      930,
      889,
      1066,
      766,
      880,
      683,
      790,
      600,
      649,
      479,
      460,
      505,
      341,
      404,
      289,
      333,
      245,
      295,
      200,
      178,
      210,
      152,
      158,
      119,
      156,
      107,
      107,
      104,
      75,
      92,
      64,
      66,
      60,
      77,
      39,
      57,
      35,
      35,
      28,
      28,
      24,
      17,
      18,
      15,
      21,
      16,
      8,
      27,
      15,
      12,
      12,
      3,
      6,
      14,
      8,
      6,
      10,
      4,
      8,
      7,
      16,
      4,
      3,
      7,
      0,
      5,
      2,
      2,
      0,
      5,
      1,
      6,
      2,
      0,
      2,
      1,
      0,
      2,
      0,
      1,
      1,
      1,
      1,
      0,
      1,
      1,
      1,
      0,
      0,
      2,
      1,
      1
    ],
    "bin_edges": [
      0.0,
      0.5556640625,
      1.111328125,
      1.6669921875,
      2.22265625,
      2.7783203125,
      3.333984375,
      3.8896484375,
      4.4453125,
      5.0009765625,
      5.556640625,
      6.1123046875,
      6.66796875,
      7.2236328125,
      7.779296875,
      8.3349609375,
      8.890625,
      9.4462890625,
      10.001953125,
      10.5576171875,
      11.11328125,
      11.6689453125,
      12.224609375,
      12.7802734375,
      13.3359375,
      13.8916015625,
      14.447265625,
      15.0029296875,
      15.55859375,
      16.1142578125,
      16.669921875,
      17.2255859375,
      17.78125,
      18.3369140625,
      18.892578125,
      19.4482421875,
      20.00390625,
      20.5595703125,
      21.115234375,
      21.6708984375,
      22.2265625,
      22.7822265625,
      23.337890625,
      23.8935546875,
      24.44921875,
      25.0048828125,
      25.560546875,
      26.1162109375,
      26.671875,
      27.2275390625,
      27.783203125,
      28.3388671875,
      28.89453125,
      29.4501953125,
      30.005859375,
      30.5615234375,
      31.1171875,
      31.6728515625,
      32.228515625,
      32.7841796875,
      33.33984375,
      33.8955078125,
      34.451171875,
      35.0068359375,
      35.5625,
      36.1181640625,
      36.673828125,
      37.2294921875,
      37.78515625,
      38.3408203125,
      38.896484375,
      39.4521484375,
      40.0078125,
      40.5634765625,
      41.119140625,
      41.6748046875,
      42.23046875,
      42.7861328125,
      43.341796875,
      43.8974609375,
      44.453125,
      45.0087890625,
      45.564453125,
      46.1201171875,
      46.67578125,
      47.2314453125,
      47.787109375,
      48.3427734375,
      48.8984375,
      49.4541015625,
      50.009765625,
      50.5654296875,
      51.12109375,
      51.6767578125,
      52.232421875,
      52.7880859375,
      53.34375,
      53.8994140625,
      54.455078125,
      55.0107421875,
      55.56640625,
      56.1220703125,
      56.677734375,
      57.2333984375,
      57.7890625,
      58.3447265625,
      58.900390625,
      59.4560546875,
      60.01171875,
      60.5673828125,
      61.123046875,
      61.6787109375,
      62.234375,
      62.7900390625,
      63.345703125,
      63.9013671875,
      64.45703125,
      65.0126953125,
      65.568359375,
      66.1240234375,
      66.6796875,
      67.2353515625,
      67.791015625,
      68.3466796875,
      68.90234375,
      69.4580078125,
      70.013671875,
      70.5693359375,
      71.125
    ]
  }
}