{
  "module": "block.3.mlp.mlp2_lif",
  "state_shape": [
    64,
    1536,
    8,
    8
  ],
  "time_steps": 1,
  "numel_sampled": 196608,
  "mean": 0.22511981427669525,
  "std": 1.1119555234909058,
  "min": -3.2322850227355957,
  "max": 4.533698558807373,
  "quantiles": {
    "0.00": -3.2322850227355957,
    "0.01": -1.775065541267395,
    "0.05": -1.28853440284729,
    "0.10": -1.0552743673324585,
    "0.25": -0.6703774929046631,
    "0.50": -0.044858142733573914,
    "0.75": 1.2568650245666504,
    "0.90": 1.7677524089813232,
    "0.95": 2.054738759994507,
    "0.99": 2.527318000793457,
    "1.00": 4.533698558807373
  },
  "histogram": {
    "counts": [
      5,
      4,
      5,
      2,
      6,
      13,
      17,
      30,
      24,
      31,
      36,
      49,
      58,
      59,
      61,
      70,
      76,
      79,
      124,
      148,
      222,
      214,
      273,
      357,
      466,
      571,
      680,
      848,
      992,
      1198,
      1408,
      1642,
      2040,
      2304,
      2705,
      3233,
      3616,
      4013,
      4477,
      5006,
      5275,
      5475,
      5552,
      5765,
      5647,
      5464,
      5207,
      4962,
      4606,
      4181,
      3880,
      3412,
      3094,
      2779,
      2737,
      2504,
      2508,
      2494,
      2310,
      2281,
      2204,
      2195,
      2024,
      1841,
      1809,
      1624,
      1653,
      1755,
      1782,
      1978,
      2311,
      2536,
      3056,
      3425,
      3710,
      3880,
      3815,
      3800,
      3643,
      3534,
      3184,
      2877,
      2558,
      2329,
      2093,
      1875,
      1757,
      1616,
      1354,
      1205,
      1068,
      945,
      762,
      675,
      510,
      424,
      289,
      234,
      196,
      157,
      116,
      88,
      88,
      60,
      41,
      44,
      30,
      30,
      25,
      28,
      17,
      13,
      16,
      11,
      9,
      3,
      1,
      1,
      3,
      1,
      0,
      2,
      0,
      2,
      0,
      0,
      0,
      1
    ],
    "bin_edges": [
      -3.2322850227355957,
      -3.1716132164001465,
      -3.1109414100646973,
      -3.050269842147827,
      -2.989598035812378,
      -2.9289262294769287,
      -2.8682546615600586,
      -2.8075828552246094,
      -2.74691104888916,
      -2.686239242553711,
      -2.6255674362182617,
      -2.5648958683013916,
      -2.5042240619659424,
      -2.443552255630493,
      -2.382880687713623,
      -2.322208881378174,
      -2.2615370750427246,
      -2.2008652687072754,
      -2.140193462371826,
      -2.079521894454956,
      -2.018850088119507,
      -1.9581782817840576,
      -1.897506594657898,
      -1.8368349075317383,
      -1.776163101196289,
      -1.7154912948608398,
      -1.6548196077346802,
      -1.5941479206085205,
      -1.5334761142730713,
      -1.472804307937622,
      -1.4121326208114624,
      -1.3514609336853027,
      -1.2907891273498535,
      -1.2301173210144043,
      -1.1694456338882446,
      -1.108773946762085,
      -1.0481021404266357,
      -0.9874303936958313,
      -0.9267586469650269,
      -0.8660869002342224,
      -0.805415153503418,
      -0.7447434067726135,
      -0.6840716600418091,
      -0.6233999133110046,
      -0.5627281665802002,
      -0.5020564198493958,
      -0.4413846731185913,
      -0.38071292638778687,
      -0.3200411796569824,
      -0.259369432926178,
      -0.19869768619537354,
      -0.1380259394645691,
      -0.07735419273376465,
      -0.016682446002960205,
      0.04398930072784424,
      0.10466104745864868,
      0.16533279418945312,
      0.22600454092025757,
      0.286676287651062,
      0.34734803438186646,
      0.4080197811126709,
      0.46869152784347534,
      0.5293632745742798,
      0.5900350213050842,
      0.6507067680358887,
      0.7113785147666931,
      0.7720502614974976,
      0.832722008228302,
      0.8933937549591064,
      0.9540655016899109,
      1.0147372484207153,
      1.075408935546875,
      1.1360807418823242,
      1.1967525482177734,
      1.257424235343933,
      1.3180959224700928,
      1.378767728805542,
      1.4394395351409912,
      1.5001112222671509,
      1.5607829093933105,
      1.6214547157287598,
      1.682126522064209,
      1.7427982091903687,
      1.8034698963165283,
      1.8641417026519775,
      1.9248135089874268,
      1.9854851961135864,
      2.046156883239746,
      2.1068286895751953,
      2.1675004959106445,
      2.2281723022460938,
      2.288843870162964,
      2.349515676498413,
      2.4101874828338623,
      2.4708590507507324,
      2.5315308570861816,
      2.592202663421631,
      2.65287446975708,
      2.7135462760925293,
      2.7742178440093994,
      2.8348896503448486,
      2.895561456680298,
      2.956233024597168,
      3.016904830932617,
      3.0775766372680664,
      3.1382484436035156,
      3.198920249938965,
      3.259591817855835,
      3.320263624191284,
      3.3809354305267334,
      3.4416069984436035,
      3.5022788047790527,
      3.562950611114502,
      3.623622417449951,
      3.6842942237854004,
      3.7449657917022705,
      3.8056375980377197,
      3.866309404373169,
      3.926980972290039,
      3.9876527786254883,
      4.0483245849609375,
      4.108996391296387,
      4.169668197631836,
      4.230340003967285,
      4.291011810302734,
      4.351683139801025,
      4.412354946136475,
      4.473026752471924,
      4.533698558807373
    ]
  }
}