{
  "module": "patch_embed.block3_lif",
  "state_shape": [
    64,
    192,
    32,
    32
  ],
  "time_steps": 1,
  "numel_sampled": 199729,
  "mean": -0.46666619181632996,
  "std": 0.5795717239379883,
  "min": -3.462298631668091,
  "max": 2.735045909881592,
  "quantiles": {
    "0.00": -3.462298631668091,
    "0.01": -1.845190405845642,
    "0.05": -1.3929648399353027,
    "0.10": -1.1799452304840088,
    "0.25": -0.8423952460289001,
    "0.50": -0.4752756357192993,
    "0.75": -0.10008619725704193,
    "0.90": 0.2615886628627777,
    "0.95": 0.4994588792324066,
    "0.99": 0.9831802845001221,
    "1.00": 2.735045909881592
  },
  "histogram": {
    "counts": [
      2,
      0,
      4,
      5,
      0,
      2,
      5,
      4,
      6,
      10,
      6,
      9,
      10,
      11,
      15,
      17,
      22,
      13,
      22,
      33,
      46,
      37,
      56,
      69,
      72,
      97,
      100,
      115,
      140,
      178,
      200,
      266,
      296,
      343,
      417,
      487,
      585,
      731,
      868,
      1007,
      1172,
      1339,
      1577,
      1911,
      2108,
      2342,
      2818,
      3047,
      3536,
      3947,
      4227,
      4576,
      5060,
      5327,
      5746,
      6191,
      6282,
      6624,
      6761,
      6956,
      7064,
      7159,
      7126,
      7046,
      6769,
      6602,
      6310,
      5914,
      5585,
      5266,
      4976,
      4606,
      4218,
      3912,
      3568,
      3189,
      2852,
      2540,
      2201,
      1938,
      1748,
      1559,
      1369,
      1247,
      968,
      918,
      747,
      671,
      601,
      477,
      392,
      398,
      303,
      269,
      226,
      206,
      158,
      140,
      111,
      97,
      88,
      60,
      50,
      50,
      33,
      29,
      33,
      21,
      20,
      8,
      3,
      12,
      6,
      5,
      1,
      4,
      1,
      1,
      2,
      0,
      0,
      1,
      0,
      0,
      0,
      0,
      0,
      2
    ],
    "bin_edges": [
      -3.462298631668091,
      -3.413881778717041,
      -3.3654651641845703,
      -3.3170483112335205,
      -3.26863169670105,
      -3.22021484375,
      -3.17179799079895,
      -3.1233813762664795,
      -3.0749645233154297,
      -3.026547908782959,
      -2.978131055831909,
      -2.9297142028808594,
      -2.8812975883483887,
      -2.832880735397339,
      -2.784464120864868,
      -2.7360472679138184,
      -2.6876306533813477,
      -2.639213800430298,
      -2.590796947479248,
      -2.5423803329467773,
      -2.4939634799957275,
      -2.445546865463257,
      -2.397130012512207,
      -2.3487131595611572,
      -2.3002965450286865,
      -2.2518796920776367,
      -2.203463077545166,
      -2.155046224594116,
      -2.1066293716430664,
      -2.0582127571105957,
      -2.009795904159546,
      -1.9613791704177856,
      -1.9129624366760254,
      -1.8645457029342651,
      -1.8161289691925049,
      -1.767712116241455,
      -1.7192953824996948,
      -1.6708786487579346,
      -1.6224619150161743,
      -1.574045181274414,
      -1.5256283283233643,
      -1.477211594581604,
      -1.4287948608398438,
      -1.3803781270980835,
      -1.3319613933563232,
      -1.283544659614563,
      -1.2351278066635132,
      -1.186711072921753,
      -1.1382943391799927,
      -1.0898776054382324,
      -1.0414608716964722,
      -0.9930440783500671,
      -0.9446272850036621,
      -0.8962105512619019,
      -0.8477938175201416,
      -0.7993770241737366,
      -0.7509602904319763,
      -0.7025435566902161,
      -0.654126763343811,
      -0.6057100296020508,
      -0.5572932958602905,
      -0.5088765025138855,
      -0.46045976877212524,
      -0.4120430052280426,
      -0.36362648010253906,
      -0.3152097165584564,
      -0.2667929530143738,
      -0.21837621927261353,
      -0.16995945572853088,
      -0.12154269963502884,
      -0.0731259435415268,
      -0.02470918744802475,
      0.023707568645477295,
      0.07212432473897934,
      0.12054108083248138,
      0.16895782947540283,
      0.21737459301948547,
      0.2657913565635681,
      0.31420809030532837,
      0.362624853849411,
      0.41104161739349365,
      0.4594583809375763,
      0.5078751444816589,
      0.5562918782234192,
      0.6047086715698242,
      0.6531254053115845,
      0.7015421390533447,
      0.7499589323997498,
      0.79837566614151,
      0.8467923998832703,
      0.8952091932296753,
      0.9436259269714355,
      0.9920426607131958,
      1.040459394454956,
      1.0888762474060059,
      1.1372929811477661,
      1.1857097148895264,
      1.2341264486312866,
      1.2825431823730469,
      1.3309600353240967,
      1.379376769065857,
      1.4277935028076172,
      1.4762102365493774,
      1.5246269702911377,
      1.5730438232421875,
      1.6214605569839478,
      1.669877290725708,
      1.7182940244674683,
      1.7667107582092285,
      1.8151274919509888,
      1.8635443449020386,
      1.9119610786437988,
      1.960377812385559,
      2.0087945461273193,
      2.057211399078369,
      2.10562801361084,
      2.1540448665618896,
      2.2024614810943604,
      2.25087833404541,
      2.29929518699646,
      2.3477118015289307,
      2.3961286544799805,
      2.444545269012451,
      2.492962121963501,
      2.541378974914551,
      2.5897955894470215,
      2.6382124423980713,
      2.686629056930542,
      2.735045909881592
    ]
  }
}