{
  "module": "patch_embed.block4_lif",
  "state_shape": [
    64,
    384,
    16,
    16
  ],
  "time_steps": 1,
  "numel_sampled": 196608,
  "mean": -0.15054644644260406,
  "std": 0.5690336227416992,
  "min": -3.299530267715454,
  "max": 2.9644615650177,
  "quantiles": {
    "0.00": -3.299530267715454,
    "0.01": -1.5170248746871948,
    "0.05": -1.0777487754821777,
    "0.10": -0.8645292520523071,
    "0.25": -0.519169270992279,
    "0.50": -0.1520054042339325,
    "0.75": 0.22021740674972534,
    "0.90": 0.5682429075241089,
    "0.95": 0.7821098566055298,
    "0.99": 1.2158544063568115,
    "1.00": 2.9644615650177
  },
  "histogram": {
    "counts": [
      2,
      0,
      0,
      1,
      0,
      3,
      3,
      2,
      3,
      2,
      4,
      7,
      5,
      6,
      11,
      13,
      9,
      15,
      9,
      28,
      25,
      24,
      28,
      26,
      42,
      49,
      45,
      85,
      85,
      102,
      135,
      140,
      163,
      220,
      230,
      302,
      336,
      446,
      557,
      614,
      699,
      897,
      1085,
      1207,
      1525,
      1690,
      1931,
      2182,
      2504,
      2874,
      3138,
      3444,
      3905,
      4335,
      4522,
      5029,
      5435,
      5731,
      6152,
      6320,
      6657,
      6933,
      6998,
      7050,
      7181,
      7112,
      6854,
      6740,
      6419,
      6103,
      5924,
      5544,
      5400,
      4820,
      4532,
      4163,
      3725,
      3351,
      2944,
      2777,
      2404,
      2224,
      1855,
      1595,
      1438,
      1195,
      996,
      891,
      756,
      647,
      462,
      460,
      401,
      306,
      270,
      230,
      183,
      132,
      108,
      79,
      59,
      58,
      53,
      39,
      28,
      21,
      24,
      16,
      17,
      11,
      10,
      6,
      6,
      3,
      2,
      0,
      3,
      3,
      1,
      0,
      1,
      2,
      1,
      1,
      1,
      0,
      0,
      1
    ],
    "bin_edges": [
      -3.299530267715454,
      -3.2505929470062256,
      -3.201655387878418,
      -3.1527180671691895,
      -3.103780508041382,
      -3.0548431873321533,
      -3.0059056282043457,
      -2.956968307495117,
      -2.9080307483673096,
      -2.859093427658081,
      -2.8101558685302734,
      -2.761218547821045,
      -2.7122809886932373,
      -2.663343667984009,
      -2.614406108856201,
      -2.5654687881469727,
      -2.516531229019165,
      -2.4675939083099365,
      -2.418656349182129,
      -2.3697190284729004,
      -2.3207814693450928,
      -2.2718441486358643,
      -2.2229065895080566,
      -2.173969268798828,
      -2.1250317096710205,
      -2.076094388961792,
      -2.0271568298339844,
      -1.9782195091247559,
      -1.9292820692062378,
      -1.8803446292877197,
      -1.8314071893692017,
      -1.7824697494506836,
      -1.7335323095321655,
      -1.6845948696136475,
      -1.6356574296951294,
      -1.5867199897766113,
      -1.5377825498580933,
      -1.4888451099395752,
      -1.4399076700210571,
      -1.390970230102539,
      -1.342032790184021,
      -1.293095350265503,
      -1.2441579103469849,
      -1.1952204704284668,
      -1.1462830305099487,
      -1.0973455905914307,
      -1.0484081506729126,
      -0.9994707703590393,
      -0.9505333304405212,
      -0.9015958905220032,
      -0.8526584506034851,
      -0.803721010684967,
      -0.754783570766449,
      -0.7058461308479309,
      -0.6569086909294128,
      -0.6079712510108948,
      -0.5590338706970215,
      -0.5100964307785034,
      -0.46115896105766296,
      -0.4122215211391449,
      -0.3632841110229492,
      -0.31434667110443115,
      -0.2654092311859131,
      -0.21647179126739502,
      -0.16753435134887695,
      -0.11859691143035889,
      -0.06965947896242142,
      -0.02072204276919365,
      0.02821539342403412,
      0.07715283334255219,
      0.12609025835990906,
      0.17502769827842712,
      0.2239651381969452,
      0.27290257811546326,
      0.3218400180339813,
      0.3707774579524994,
      0.41971486806869507,
      0.46865230798721313,
      0.5175897479057312,
      0.5665271878242493,
      0.6154646277427673,
      0.6644020676612854,
      0.7133395075798035,
      0.7622769474983215,
      0.8112143874168396,
      0.8601518273353577,
      0.9090892672538757,
      0.9580267071723938,
      1.006964087486267,
      1.0559015274047852,
      1.1048389673233032,
      1.1537764072418213,
      1.2027138471603394,
      1.2516512870788574,
      1.3005887269973755,
      1.3495261669158936,
      1.3984636068344116,
      1.4474010467529297,
      1.4963384866714478,
      1.5452759265899658,
      1.5942133665084839,
      1.643150806427002,
      1.69208824634552,
      1.741025686264038,
      1.7899631261825562,
      1.8389005661010742,
      1.8878380060195923,
      1.9367754459381104,
      1.9857128858566284,
      2.0346503257751465,
      2.083587646484375,
      2.1325252056121826,
      2.181462526321411,
      2.2304000854492188,
      2.2793374061584473,
      2.328274965286255,
      2.3772122859954834,
      2.426149845123291,
      2.4750871658325195,
      2.524024724960327,
      2.5729620456695557,
      2.6218996047973633,
      2.670836925506592,
      2.7197744846343994,
      2.768711805343628,
      2.8176493644714355,
      2.866586685180664,
      2.9155242443084717,
      2.9644615650177
    ]
  }
}