{
  "module": "patch_embed.block1_lif",
  "state_shape": [
    64,
    48,
    32,
    32
  ],
  "time_steps": 1,
  "numel_sampled": 196608,
  "mean": 0.30071571469306946,
  "std": 0.7757347226142883,
  "min": -6.610373020172119,
  "max": 8.024775505065918,
  "quantiles": {
    "0.00": -6.610373020172119,
    "0.01": -1.8407992124557495,
    "0.05": -0.9196022748947144,
    "0.10": -0.5426015257835388,
    "0.25": -0.07898396253585815,
    "0.50": 0.3044474720954895,
    "0.75": 0.667195737361908,
    "0.90": 1.1067742109298706,
    "0.95": 1.497215747833252,
    "0.99": 2.63806414604187,
    "1.00": 8.024775505065918
  },
  "histogram": {
    "counts": [
      1,
      0,
      0,
      0,
      1,
      1,
      1,
      1,
      0,
      0,
      0,
      3,
      2,
      2,
      3,
      1,
      4,
      1,
      4,
      3,
      5,
      11,
      11,
      6,
      3,
      17,
      17,
      15,
      36,
      32,
      42,
      48,
      44,
      109,
      97,
      123,
      114,
      185,
      217,
      235,
      312,
      350,
      468,
      505,
      624,
      759,
      1122,
      1252,
      1602,
      1931,
      2392,
      2931,
      3724,
      4685,
      6054,
      7812,
      9835,
      12293,
      14126,
      15956,
      17149,
      16788,
      15007,
      12447,
      9900,
      7571,
      5722,
      4264,
      3276,
      2645,
      2019,
      1663,
      1252,
      1066,
      921,
      643,
      624,
      488,
      444,
      363,
      303,
      251,
      219,
      216,
      175,
      141,
      113,
      89,
      114,
      89,
      70,
      68,
      45,
      47,
      41,
      36,
      21,
      32,
      52,
      27,
      23,
      19,
      8,
      5,
      4,
      1,
      1,
      2,
      4,
      3,
      1,
      1,
      0,
      0,
      0,
      0,
      1,
      0,
      0,
      3,
      1,
      0,
      1,
      0,
      0,
      0,
      0,
      1
    ],
    "bin_edges": [
      -6.610373020172119,
      -6.496036052703857,
      -6.3816986083984375,
      -6.267361640930176,
      -6.153024673461914,
      -6.038687705993652,
      -5.924350261688232,
      -5.810013294219971,
      -5.695676326751709,
      -5.581338882446289,
      -5.467001914978027,
      -5.352664947509766,
      -5.238327980041504,
      -5.123990535736084,
      -5.009653568267822,
      -4.8953166007995605,
      -4.780979156494141,
      -4.666642189025879,
      -4.552305221557617,
      -4.4379682540893555,
      -4.3236308097839355,
      -4.209293842315674,
      -4.094956874847412,
      -3.9806196689605713,
      -3.8662824630737305,
      -3.7519454956054688,
      -3.637608289718628,
      -3.523271322250366,
      -3.4089341163635254,
      -3.2945971488952637,
      -3.180259943008423,
      -3.065922975540161,
      -2.9515857696533203,
      -2.8372485637664795,
      -2.7229115962982178,
      -2.608574390411377,
      -2.4942374229431152,
      -2.3799002170562744,
      -2.2655632495880127,
      -2.151226043701172,
      -2.03688907623291,
      -1.9225518703460693,
      -1.808214783668518,
      -1.6938776969909668,
      -1.579540491104126,
      -1.4652034044265747,
      -1.3508663177490234,
      -1.2365292310714722,
      -1.122192144393921,
      -1.0078550577163696,
      -0.8935179710388184,
      -0.7791808247566223,
      -0.664843738079071,
      -0.5505066514015198,
      -0.4361695349216461,
      -0.32183241844177246,
      -0.2074953317642212,
      -0.09315823018550873,
      0.021178871393203735,
      0.1355159729719162,
      0.24985307455062866,
      0.36419016122817993,
      0.4785272777080536,
      0.5928643941879272,
      0.7072010040283203,
      0.8215380907058716,
      0.9358751773834229,
      1.0502122640609741,
      1.1645493507385254,
      1.2788865566253662,
      1.3932236433029175,
      1.5075607299804688,
      1.62189781665802,
      1.7362349033355713,
      1.8505719900131226,
      1.9649090766906738,
      2.0792462825775146,
      2.1935832500457764,
      2.307920455932617,
      2.422257423400879,
      2.5365946292877197,
      2.6509318351745605,
      2.7652688026428223,
      2.879606008529663,
      2.993942975997925,
      3.1082801818847656,
      3.2226171493530273,
      3.336954355239868,
      3.451291561126709,
      3.5656285285949707,
      3.6799657344818115,
      3.7943027019500732,
      3.908639907836914,
      4.022976875305176,
      4.1373138427734375,
      4.251651287078857,
      4.365988254547119,
      4.480325222015381,
      4.594662666320801,
      4.7089996337890625,
      4.823336601257324,
      4.937673568725586,
      5.052011013031006,
      5.166347980499268,
      5.280684947967529,
      5.395022392272949,
      5.509359359741211,
      5.623696327209473,
      5.738033294677734,
      5.852370738983154,
      5.966707706451416,
      6.081044673919678,
      6.195382118225098,
      6.309719085693359,
      6.424056053161621,
      6.538393020629883,
      6.652730464935303,
      6.7670674324035645,
      6.881404399871826,
      6.995741367340088,
      7.110078811645508,
      7.2244157791137695,
      7.338752746582031,
      7.453090190887451,
      7.567427158355713,
      7.681764125823975,
      7.796101093292236,
      7.910438537597656,
      8.024775505065918
    ]
  }
}