{
  "module": "patch_embed.block2_lif",
  "state_shape": [
    64,
    96,
    32,
    32
  ],
  "time_steps": 1,
  "numel_sampled": 196608,
  "mean": 0.12131943553686142,
  "std": 0.6763719320297241,
  "min": -4.270943641662598,
  "max": 3.8083667755126953,
  "quantiles": {
    "0.00": -4.270943641662598,
    "0.01": -1.6941323280334473,
    "0.05": -1.0628869533538818,
    "0.10": -0.7438948750495911,
    "0.25": -0.2773761749267578,
    "0.50": 0.1610042154788971,
    "0.75": 0.5612786412239075,
    "0.90": 0.9237100481987,
    "0.95": 1.1577528715133667,
    "0.99": 1.6482412815093994,
    "1.00": 3.8083667755126953
  },
  "histogram": {
    "counts": [
      1,
      0,
      0,
      1,
      0,
      0,
      0,
      0,
      0,
      1,
      0,
      0,
      0,
      4,
      0,
      1,
      1,
      7,
      6,
      5,
      10,
      13,
      17,
      7,
      20,
      28,
      28,
      34,
      44,
      43,
      58,
      69,
      74,
      97,
      104,
      142,
      171,
      177,
      247,
      269,
      346,
      377,
      470,
      495,
      634,
      707,
      800,
      904,
      1055,
      1259,
      1377,
      1494,
      1648,
      2012,
      2251,
      2442,
      2782,
      3002,
      3520,
      3953,
      4320,
      4822,
      5272,
      5810,
      6153,
      6786,
      7104,
      7386,
      7865,
      7892,
      8075,
      8297,
      8124,
      7892,
      7525,
      7194,
      6778,
      6249,
      5551,
      5094,
      4554,
      3901,
      3454,
      2877,
      2414,
      2165,
      1777,
      1469,
      1217,
      982,
      822,
      686,
      565,
      453,
      379,
      308,
      205,
      190,
      140,
      118,
      104,
      88,
      66,
      55,
      47,
      49,
      24,
      31,
      11,
      13,
      8,
      7,
      9,
      5,
      5,
      1,
      2,
      1,
      2,
      2,
      0,
      1,
      2,
      2,
      0,
      0,
      0,
      1
    ],
    "bin_edges": [
      -4.270943641662598,
      -4.207824230194092,
      -4.144704341888428,
      -4.081584930419922,
      -4.018465042114258,
      -3.955345630645752,
      -3.892225980758667,
      -3.829106330871582,
      -3.765986680984497,
      -3.702867031097412,
      -3.6397476196289062,
      -3.5766279697418213,
      -3.5135083198547363,
      -3.4503886699676514,
      -3.3872690200805664,
      -3.3241493701934814,
      -3.2610297203063965,
      -3.1979103088378906,
      -3.1347906589508057,
      -3.0716710090637207,
      -3.0085513591766357,
      -2.945431709289551,
      -2.882312059402466,
      -2.81919264793396,
      -2.756072998046875,
      -2.69295334815979,
      -2.629833698272705,
      -2.56671404838562,
      -2.503594398498535,
      -2.4404749870300293,
      -2.3773553371429443,
      -2.3142356872558594,
      -2.2511160373687744,
      -2.1879963874816895,
      -2.1248767375946045,
      -2.0617570877075195,
      -1.9986375570297241,
      -1.9355180263519287,
      -1.8723983764648438,
      -1.8092787265777588,
      -1.7461590766906738,
      -1.6830395460128784,
      -1.6199198961257935,
      -1.5568002462387085,
      -1.493680715560913,
      -1.4305610656738281,
      -1.3674414157867432,
      -1.3043218851089478,
      -1.2412022352218628,
      -1.1780825853347778,
      -1.1149630546569824,
      -1.0518434047698975,
      -0.9887237548828125,
      -0.9256041646003723,
      -0.8624845743179321,
      -0.7993649244308472,
      -0.736245334148407,
      -0.6731257438659668,
      -0.6100060939788818,
      -0.5468865036964417,
      -0.4837668836116791,
      -0.4206472635269165,
      -0.3575276732444763,
      -0.29440805315971375,
      -0.23128843307495117,
      -0.1681688129901886,
      -0.10504920780658722,
      -0.04192959517240524,
      0.021190017461776733,
      0.08430963009595871,
      0.14742924273014069,
      0.21054884791374207,
      0.27366846799850464,
      0.3367880880832672,
      0.3999077081680298,
      0.46302729845046997,
      0.5261468887329102,
      0.5892665386199951,
      0.6523861289024353,
      0.7155057787895203,
      0.7786253690719604,
      0.8417449593544006,
      0.9048646092414856,
      0.9679841995239258,
      1.0311038494110107,
      1.0942233800888062,
      1.1573430299758911,
      1.220462679862976,
      1.2835822105407715,
      1.3467018604278564,
      1.4098215103149414,
      1.4729411602020264,
      1.5360606908798218,
      1.5991803407669067,
      1.6622999906539917,
      1.725419521331787,
      1.788539171218872,
      1.851658821105957,
      1.9147783517837524,
      1.9778980016708374,
      2.041017532348633,
      2.1041371822357178,
      2.1672568321228027,
      2.2303764820098877,
      2.2934961318969727,
      2.3566157817840576,
      2.4197351932525635,
      2.4828548431396484,
      2.5459744930267334,
      2.6090941429138184,
      2.6722137928009033,
      2.7353334426879883,
      2.798452854156494,
      2.861572504043579,
      2.924692153930664,
      2.987811803817749,
      3.050931453704834,
      3.114051103591919,
      3.177170753479004,
      3.2402901649475098,
      3.3034098148345947,
      3.3665294647216797,
      3.4296491146087646,
      3.4927687644958496,
      3.5558884143829346,
      3.6190078258514404,
      3.6821274757385254,
      3.7452471256256104,
      3.8083667755126953
    ]
  }
}