{
  "module": "block.2.conv1.mlp1_lif",
  "state_shape": [
    64,
    384,
    8,
    8
  ],
  "time_steps": 1,
  "numel_sampled": 196608,
  "mean": -0.14519673585891724,
  "std": 1.1478990316390991,
  "min": -5.733151912689209,
  "max": 8.934840202331543,
  "quantiles": {
    "0.00": -5.733151912689209,
    "0.01": -2.6771066188812256,
    "0.05": -1.6456514596939087,
    "0.10": -1.3365106582641602,
    "0.25": -0.8803982734680176,
    "0.50": -0.3241124153137207,
    "0.75": 0.43592503666877747,
    "0.90": 1.3552793264389038,
    "0.95": 2.080965042114258,
    "0.99": 3.3004722595214844,
    "1.00": 8.934840202331543
  },
  "histogram": {
    "counts": [
      2,
      1,
      4,
      4,
      4,
      4,
      7,
      15,
      14,
      16,
      25,
      21,
      27,
      32,
      33,
      55,
      66,
      71,
      97,
      113,
      127,
      173,
      170,
      221,
      213,
      267,
      273,
      310,
      400,
      438,
      561,
      696,
      910,
      1251,
      1726,
      2345,
      3169,
      4003,
      5178,
      6477,
      7630,
      8775,
      9551,
      10344,
      10414,
      10353,
      9803,
      9299,
      8641,
      8180,
      7424,
      6742,
      6061,
      5640,
      5105,
      4563,
      4212,
      3736,
      3354,
      2954,
      2650,
      2319,
      1998,
      1793,
      1600,
      1467,
      1270,
      1168,
      1040,
      1038,
      934,
      916,
      775,
      673,
      675,
      578,
      539,
      540,
      457,
      404,
      374,
      273,
      210,
      181,
      104,
      92,
      53,
      38,
      33,
      21,
      17,
      19,
      11,
      9,
      7,
      15,
      4,
      4,
      1,
      1,
      0,
      1,
      0,
      1,
      2,
      1,
      0,
      0,
      0,
      0,
      0,
      0,
      0,
      0,
      0,
      0,
      1,
      0,
      0,
      0,
      0,
      0,
      0,
      0,
      0,
      0,
      0,
      1
    ],
    "bin_edges": [
      -5.733151912689209,
      -5.618558406829834,
      -5.503964424133301,
      -5.389370918273926,
      -5.274777412414551,
      -5.160183429718018,
      -5.045589923858643,
      -4.930995941162109,
      -4.816402435302734,
      -4.701808929443359,
      -4.587214946746826,
      -4.472621440887451,
      -4.358027458190918,
      -4.243433952331543,
      -4.128840446472168,
      -4.014246463775635,
      -3.8996529579162598,
      -3.7850592136383057,
      -3.6704654693603516,
      -3.5558719635009766,
      -3.4412782192230225,
      -3.3266844749450684,
      -3.2120909690856934,
      -3.0974972248077393,
      -2.982903480529785,
      -2.868309736251831,
      -2.753715991973877,
      -2.639122486114502,
      -2.524528741836548,
      -2.4099349975585938,
      -2.2953414916992188,
      -2.1807477474212646,
      -2.0661540031433105,
      -1.9515602588653564,
      -1.836966633796692,
      -1.7223730087280273,
      -1.6077792644500732,
      -1.4931855201721191,
      -1.3785918951034546,
      -1.26399827003479,
      -1.149404525756836,
      -1.0348107814788818,
      -0.9202171564102173,
      -0.805623471736908,
      -0.6910297870635986,
      -0.5764361023902893,
      -0.46184241771698,
      -0.34724873304367065,
      -0.23265504837036133,
      -0.118061363697052,
      -0.0034676790237426758,
      0.11112600564956665,
      0.22571969032287598,
      0.3403133749961853,
      0.45490705966949463,
      0.569500744342804,
      0.6840944290161133,
      0.7986881136894226,
      0.9132817983627319,
      1.0278754234313965,
      1.1424691677093506,
      1.2570629119873047,
      1.3716565370559692,
      1.4862501621246338,
      1.600844383239746,
      1.7154381275177002,
      1.8300317525863647,
      1.9446253776550293,
      2.0592191219329834,
      2.1738128662109375,
      2.2884063720703125,
      2.4030001163482666,
      2.5175938606262207,
      2.632187604904175,
      2.746781349182129,
      2.861374855041504,
      2.975968599319458,
      3.090562343597412,
      3.205155849456787,
      3.319749593734741,
      3.4343433380126953,
      3.5489370822906494,
      3.6635308265686035,
      3.7781243324279785,
      3.8927180767059326,
      4.007311820983887,
      4.121905326843262,
      4.236499309539795,
      4.35109281539917,
      4.465686321258545,
      4.580280303955078,
      4.694873809814453,
      4.809467315673828,
      4.924061298370361,
      5.038654804229736,
      5.1532487869262695,
      5.2678422927856445,
      5.3824357986450195,
      5.497029781341553,
      5.611623287200928,
      5.726217269897461,
      5.840810775756836,
      5.955404281616211,
      6.069998264312744,
      6.184591770172119,
      6.299185276031494,
      6.413779258728027,
      6.528372764587402,
      6.642966270446777,
      6.7575602531433105,
      6.8721537590026855,
      6.986747741699219,
      7.101341247558594,
      7.215934753417969,
      7.330528736114502,
      7.445122241973877,
      7.55971622467041,
      7.674309730529785,
      7.78890323638916,
      7.903497219085693,
      8.018091201782227,
      8.132684707641602,
      8.247278213500977,
      8.361871719360352,
      8.476465225219727,
      8.591058731079102,
      8.705653190612793,
      8.820246696472168,
      8.934840202331543
    ]
  }
}