{
  "module": "block.1.mlp.mlp2_lif",
  "state_shape": [
    64,
    1536,
    8,
    8
  ],
  "time_steps": 1,
  "numel_sampled": 196608,
  "mean": -0.1107734739780426,
  "std": 0.847216010093689,
  "min": -3.876337766647339,
  "max": 4.017196178436279,
  "quantiles": {
    "0.00": -3.876337766647339,
    "0.01": -1.974423885345459,
    "0.05": -1.329950213432312,
    "0.10": -1.048350214958191,
    "0.25": -0.6307508945465088,
    "0.50": -0.19075870513916016,
    "0.75": 0.29198381304740906,
    "0.90": 0.95488041639328,
    "0.95": 1.552215337753296,
    "0.99": 2.4162747859954834,
    "1.00": 4.017196178436279
  },
  "histogram": {
    "counts": [
      1,
      2,
      3,
      2,
      4,
      2,
      6,
      4,
      7,
      10,
      10,
      11,
      15,
      17,
      14,
      24,
      25,
      35,
      47,
      43,
      47,
      64,
      94,
      86,
      132,
      138,
      187,
      188,
      211,
      277,
      324,
      370,
      450,
      460,
      521,
      639,
      745,
      856,
      919,
      1125,
      1287,
      1599,
      1788,
      2103,
      2392,
      2808,
      3151,
      3467,
      4050,
      4265,
      4947,
      5606,
      5759,
      6149,
      6636,
      6722,
      7201,
      7312,
      7382,
      7300,
      7191,
      6973,
      6681,
      6526,
      6088,
      5729,
      5292,
      4852,
      4548,
      3987,
      3507,
      3113,
      2753,
      2350,
      2007,
      1769,
      1606,
      1466,
      1296,
      1218,
      1133,
      1048,
      1020,
      935,
      925,
      943,
      915,
      847,
      803,
      793,
      704,
      750,
      679,
      656,
      596,
      490,
      486,
      425,
      418,
      394,
      329,
      343,
      266,
      256,
      210,
      176,
      149,
      128,
      139,
      120,
      97,
      106,
      56,
      56,
      51,
      37,
      39,
      18,
      28,
      17,
      7,
      9,
      4,
      4,
      3,
      3,
      2,
      4
    ],
    "bin_edges": [
      -3.876337766647339,
      -3.814669609069824,
      -3.7530012130737305,
      -3.691333055496216,
      -3.629664897918701,
      -3.5679965019226074,
      -3.5063283443450928,
      -3.444660186767578,
      -3.3829917907714844,
      -3.3213236331939697,
      -3.259655475616455,
      -3.1979873180389404,
      -3.1363189220428467,
      -3.074650764465332,
      -3.0129826068878174,
      -2.9513142108917236,
      -2.889646053314209,
      -2.8279778957366943,
      -2.7663094997406006,
      -2.704641342163086,
      -2.6429731845855713,
      -2.5813047885894775,
      -2.519636631011963,
      -2.4579684734344482,
      -2.3963003158569336,
      -2.33463191986084,
      -2.272963762283325,
      -2.2112956047058105,
      -2.149627208709717,
      -2.087959051132202,
      -2.0262908935546875,
      -1.9646226167678833,
      -1.902954339981079,
      -1.841286063194275,
      -1.7796179056167603,
      -1.717949628829956,
      -1.6562814712524414,
      -1.5946131944656372,
      -1.532944917678833,
      -1.4712767601013184,
      -1.4096084833145142,
      -1.34794020652771,
      -1.2862720489501953,
      -1.2246037721633911,
      -1.162935495376587,
      -1.1012673377990723,
      -1.039599061012268,
      -0.9779308438301086,
      -0.9162626266479492,
      -0.8545944094657898,
      -0.7929261922836304,
      -0.7312579154968262,
      -0.6695896983146667,
      -0.6079214811325073,
      -0.5462532043457031,
      -0.4845849871635437,
      -0.4229167699813843,
      -0.36124855279922485,
      -0.29958030581474304,
      -0.23791207373142242,
      -0.1762438416481018,
      -0.11457560956478119,
      -0.05290737748146057,
      0.008760854601860046,
      0.07042932510375977,
      0.13209755718708038,
      0.193765789270401,
      0.2554340362548828,
      0.31710225343704224,
      0.37877047061920166,
      0.44043871760368347,
      0.5021069645881653,
      0.5637751817703247,
      0.6254433989524841,
      0.6871116161346436,
      0.7487798929214478,
      0.8104481101036072,
      0.8721163272857666,
      0.9337846040725708,
      0.9954528212547302,
      1.0571210384368896,
      1.1187893152236938,
      1.1804574728012085,
      1.2421257495880127,
      1.3037939071655273,
      1.3654621839523315,
      1.4271304607391357,
      1.4887986183166504,
      1.5504668951034546,
      1.6121351718902588,
      1.6738033294677734,
      1.7354716062545776,
      1.7971398830413818,
      1.8588080406188965,
      1.9204763174057007,
      1.9821444749832153,
      2.0438127517700195,
      2.105480909347534,
      2.167149305343628,
      2.2288174629211426,
      2.2904856204986572,
      2.352154016494751,
      2.4138221740722656,
      2.4754903316497803,
      2.537158489227295,
      2.5988268852233887,
      2.6604950428009033,
      2.722163200378418,
      2.7838315963745117,
      2.8454997539520264,
      2.907167911529541,
      2.9688363075256348,
      3.0305044651031494,
      3.092172622680664,
      3.153841018676758,
      3.2155091762542725,
      3.277177333831787,
      3.338845729827881,
      3.4005138874053955,
      3.46218204498291,
      3.523850440979004,
      3.5855185985565186,
      3.647186756134033,
      3.708854913711548,
      3.7705233097076416,
      3.8321914672851562,
      3.893859624862671,
      3.9555280208587646,
      4.017196178436279
    ]
  }
}