{
  "module": "block.1.attn.attn_lif",
  "state_shape": [
    64,
    384,
    64
  ],
  "time_steps": 1,
  "numel_sampled": 196608,
  "mean": 9.9492769241333,
  "std": 8.75100040435791,
  "min": 0.0,
  "max": 83.375,
  "quantiles": {
    "0.00": 0.0,
    "0.01": 0.0,
    "0.05": 0.625,
    "0.10": 1.25,
    "0.25": 3.375,
    "0.50": 7.5,
    "0.75": 14.125,
    "0.90": 21.875,
    "0.95": 27.375,
    "0.99": 39.25,
    "1.00": 83.375
  },
  "histogram": {
    "counts": [
      10318,
      9463,
      9292,
      9099,
      10422,
      8264,
      7886,
      7648,
      7344,
      8409,
      6555,
      6109,
      5762,
      5436,
      6280,
      4890,
      4627,
      4390,
      5095,
      3992,
      3729,
      3497,
      3258,
      3766,
      2916,
      2725,
      2486,
      2322,
      2649,
      2032,
      1825,
      1749,
      1716,
      1763,
      1411,
      1342,
      1224,
      1356,
      1042,
      915,
      889,
      877,
      885,
      713,
      652,
      579,
      498,
      551,
      472,
      440,
      401,
      410,
      413,
      303,
      275,
      253,
      321,
      212,
      227,
      223,
      171,
      176,
      166,
      153,
      118,
      124,
      118,
      93,
      91,
      70,
      66,
      87,
      40,
      43,
      41,
      57,
      38,
      40,
      34,
      19,
      30,
      22,
      11,
      12,
      15,
      23,
      21,
      15,
      9,
      10,
      11,
      9,
      6,
      8,
      10,
      8,
      3,
      5,
      3,
      5,
      0,
      5,
      2,
      3,
      3,
      3,
      2,
      3,
      2,
      1,
      0,
      2,
      0,
      0,
      0,
      0,
      0,
      1,
      0,
      1,
      0,
      0,
      0,
      0,
      0,
      0,
      0,
      1
    ],
    "bin_edges": [
      0.0,
      0.6513671875,
      1.302734375,
      1.9541015625,
      2.60546875,
      3.2568359375,
      3.908203125,
      4.5595703125,
      5.2109375,
      5.8623046875,
      6.513671875,
      7.1650390625,
      7.81640625,
      8.4677734375,
      9.119140625,
      9.7705078125,
      10.421875,
      11.0732421875,
      11.724609375,
      12.3759765625,
      13.02734375,
      13.6787109375,
      14.330078125,
      14.9814453125,
      15.6328125,
      16.2841796875,
      16.935546875,
      17.5869140625,
      18.23828125,
      18.8896484375,
      19.541015625,
      20.1923828125,
      20.84375,
      21.4951171875,
      22.146484375,
      22.7978515625,
      23.44921875,
      24.1005859375,
      24.751953125,
      25.4033203125,
      26.0546875,
      26.7060546875,
      27.357421875,
      28.0087890625,
      28.66015625,
      29.3115234375,
      29.962890625,
      30.6142578125,
      31.265625,
      31.9169921875,
      32.568359375,
      33.2197265625,
      33.87109375,
      34.5224609375,
      35.173828125,
      35.8251953125,
      36.4765625,
      37.1279296875,
      37.779296875,
      38.4306640625,
      39.08203125,
      39.7333984375,
      40.384765625,
      41.0361328125,
      41.6875,
      42.3388671875,
      42.990234375,
      43.6416015625,
      44.29296875,
      44.9443359375,
      45.595703125,
      46.2470703125,
      46.8984375,
      47.5498046875,
      48.201171875,
      48.8525390625,
      49.50390625,
      50.1552734375,
      50.806640625,
      51.4580078125,
      52.109375,
      52.7607421875,
      53.412109375,
      54.0634765625,
      54.71484375,
      55.3662109375,
      56.017578125,
      56.6689453125,
      57.3203125,
      57.9716796875,
      58.623046875,
      59.2744140625,
      59.92578125,
      60.5771484375,
      61.228515625,
      61.8798828125,
      62.53125,
      63.1826171875,
      63.833984375,
      64.4853515625,
      65.13671875,
      65.7880859375,
      66.439453125,
      67.0908203125,
      67.7421875,
      68.3935546875,
      69.044921875,
      69.6962890625,
      70.34765625,
      70.9990234375,
      71.650390625,
      72.3017578125,
      72.953125,
      73.6044921875,
      74.255859375,
      74.9072265625,
      75.55859375,
      76.2099609375,
      76.861328125,
      77.5126953125,
      78.1640625,
      78.8154296875,
      79.466796875,
      80.1181640625,
      80.76953125,
      81.4208984375,
      82.072265625,
      82.7236328125,
      83.375
    ]
  }
}