{
  "module": "block.0.attn.k_lif",
  "state_shape": [
    64,
    384,
    64
  ],
  "time_steps": 1,
  "numel_sampled": 196608,
  "mean": -0.2044140249490738,
  "std": 0.6374440789222717,
  "min": -3.05426025390625,
  "max": 3.2513835430145264,
  "quantiles": {
    "0.00": -3.05426025390625,
    "0.01": -1.6455435752868652,
    "0.05": -1.2293057441711426,
    "0.10": -1.0070370435714722,
    "0.25": -0.6361843347549438,
    "0.50": -0.21730247139930725,
    "0.75": 0.21438385546207428,
    "0.90": 0.6155016422271729,
    "0.95": 0.8575251698493958,
    "0.99": 1.3378318548202515,
    "1.00": 3.2513835430145264
  },
  "histogram": {
    "counts": [
      1,
      0,
      0,
      1,
      1,
      2,
      4,
      4,
      0,
      3,
      2,
      6,
      18,
      16,
      19,
      24,
      25,
      30,
      52,
      67,
      73,
      103,
      109,
      150,
      186,
      228,
      272,
      321,
      402,
      534,
      559,
      687,
      831,
      980,
      1146,
      1394,
      1502,
      1796,
      1908,
      2258,
      2469,
      2739,
      3149,
      3309,
      3698,
      3989,
      4132,
      4546,
      4977,
      5113,
      5360,
      5550,
      5794,
      5929,
      6043,
      6054,
      6116,
      6135,
      6080,
      6025,
      6028,
      5696,
      5637,
      5328,
      5194,
      5001,
      4585,
      4435,
      4195,
      3811,
      3651,
      3314,
      3094,
      2735,
      2619,
      2329,
      2131,
      1873,
      1610,
      1453,
      1256,
      1147,
      939,
      841,
      731,
      593,
      550,
      472,
      408,
      320,
      262,
      215,
      184,
      172,
      135,
      134,
      90,
      80,
      70,
      51,
      46,
      56,
      27,
      28,
      21,
      20,
      27,
      21,
      10,
      11,
      11,
      10,
      6,
      2,
      3,
      4,
      2,
      4,
      1,
      0,
      0,
      0,
      4,
      0,
      2,
      1,
      0,
      1
    ],
    "bin_edges": [
      -3.05426025390625,
      -3.004997491836548,
      -2.9557344913482666,
      -2.9064717292785645,
      -2.8572089672088623,
      -2.807945966720581,
      -2.758683204650879,
      -2.7094204425811768,
      -2.6601574420928955,
      -2.6108946800231934,
      -2.561631917953491,
      -2.51236891746521,
      -2.463106155395508,
      -2.4138433933258057,
      -2.3645803928375244,
      -2.3153176307678223,
      -2.266054630279541,
      -2.216791868209839,
      -2.1675291061401367,
      -2.1182661056518555,
      -2.0690033435821533,
      -2.019740581512451,
      -1.9704777002334595,
      -1.9212148189544678,
      -1.8719520568847656,
      -1.822689175605774,
      -1.7734262943267822,
      -1.7241634130477905,
      -1.6749006509780884,
      -1.6256377696990967,
      -1.576374888420105,
      -1.5271121263504028,
      -1.4778492450714111,
      -1.4285863637924194,
      -1.3793236017227173,
      -1.3300607204437256,
      -1.2807978391647339,
      -1.2315350770950317,
      -1.18227219581604,
      -1.1330093145370483,
      -1.0837464332580566,
      -1.0344836711883545,
      -0.9852207899093628,
      -0.9359579682350159,
      -0.886695146560669,
      -0.8374322652816772,
      -0.7881694436073303,
      -0.7389065623283386,
      -0.6896437406539917,
      -0.6403809189796448,
      -0.5911180377006531,
      -0.5418552160263062,
      -0.49259236454963684,
      -0.44332951307296753,
      -0.3940666913986206,
      -0.3448038399219513,
      -0.295540988445282,
      -0.24627813696861267,
      -0.19701530039310455,
      -0.14775246381759644,
      -0.09848961234092712,
      -0.04922676831483841,
      3.6075711250305176e-05,
      0.04929891973733902,
      0.09856152534484863,
      0.14782437682151794,
      0.19708721339702606,
      0.24635004997253418,
      0.2956129014492035,
      0.3448757529258728,
      0.3941385746002197,
      0.44340142607688904,
      0.49266427755355835,
      0.5419270992279053,
      0.591189980506897,
      0.6404528021812439,
      0.6897156238555908,
      0.7389785051345825,
      0.7882413268089294,
      0.8375042080879211,
      0.8867670297622681,
      0.936029851436615,
      0.9852927327156067,
      1.0345555543899536,
      1.0838184356689453,
      1.1330811977386475,
      1.1823440790176392,
      1.2316069602966309,
      1.280869722366333,
      1.3301326036453247,
      1.3793954849243164,
      1.428658366203308,
      1.4779211282730103,
      1.527184009552002,
      1.5764468908309937,
      1.6257096529006958,
      1.6749725341796875,
      1.7242354154586792,
      1.7734981775283813,
      1.822761058807373,
      1.8720239400863647,
      1.921286702156067,
      1.9705495834350586,
      2.0198123455047607,
      2.069075345993042,
      2.118338108062744,
      2.1676008701324463,
      2.2168638706207275,
      2.2661266326904297,
      2.315389394760132,
      2.364652395248413,
      2.4139151573181152,
      2.4631781578063965,
      2.5124409198760986,
      2.561703681945801,
      2.610966682434082,
      2.660229444503784,
      2.7094922065734863,
      2.7587552070617676,
      2.8080179691314697,
      2.857280731201172,
      2.906543731689453,
      2.9558064937591553,
      3.0050692558288574,
      3.0543322563171387,
      3.103595018386841,
      3.152857780456543,
      3.202120780944824,
      3.2513835430145264
    ]
  }
}