{
  "module": "block.2.attn.attn_lif",
  "state_shape": [
    64,
    384,
    64
  ],
  "time_steps": 1,
  "numel_sampled": 196608,
  "mean": 8.083462715148926,
  "std": 7.571022987365723,
  "min": 0.0,
  "max": 70.75,
  "quantiles": {
    "0.00": 0.0,
    "0.01": 0.0,
    "0.05": 0.375,
    "0.10": 1.0,
    "0.25": 2.625,
    "0.50": 5.875,
    "0.75": 11.25,
    "0.90": 18.375,
    "0.95": 23.5,
    "0.99": 34.5,
    "1.00": 70.75
  },
  "histogram": {
    "counts": [
      12859,
      8896,
      11322,
      9084,
      11050,
      8462,
      8054,
      9619,
      6855,
      8302,
      6217,
      7295,
      5383,
      5161,
      5977,
      4510,
      5295,
      3910,
      4536,
      3419,
      3127,
      3629,
      2698,
      3128,
      2364,
      2222,
      2619,
      1933,
      2199,
      1711,
      1887,
      1345,
      1402,
      1600,
      1179,
      1411,
      1034,
      1258,
      894,
      842,
      1006,
      713,
      831,
      613,
      600,
      694,
      510,
      615,
      469,
      509,
      407,
      352,
      455,
      274,
      351,
      253,
      276,
      207,
      176,
      221,
      179,
      192,
      139,
      152,
      154,
      109,
      144,
      110,
      116,
      103,
      77,
      101,
      74,
      69,
      54,
      55,
      51,
      48,
      50,
      34,
      30,
      39,
      32,
      25,
      24,
      26,
      15,
      26,
      9,
      24,
      13,
      9,
      12,
      7,
      10,
      4,
      8,
      11,
      5,
      7,
      8,
      3,
      4,
      2,
      1,
      0,
      5,
      0,
      5,
      3,
      1,
      2,
      0,
      0,
      2,
      0,
      0,
      1,
      1,
      0,
      1,
      0,
      0,
      0,
      0,
      1,
      0,
      1
    ],
    "bin_edges": [
      0.0,
      0.552734375,
      1.10546875,
      1.658203125,
      2.2109375,
      2.763671875,
      3.31640625,
      3.869140625,
      4.421875,
      4.974609375,
      5.52734375,
      6.080078125,
      6.6328125,
      7.185546875,
      7.73828125,
      8.291015625,
      8.84375,
      9.396484375,
      9.94921875,
      10.501953125,
      11.0546875,
      11.607421875,
      12.16015625,
      12.712890625,
      13.265625,
      13.818359375,
      14.37109375,
      14.923828125,
      15.4765625,
      16.029296875,
      16.58203125,
      17.134765625,
      17.6875,
      18.240234375,
      18.79296875,
      19.345703125,
      19.8984375,
      20.451171875,
      21.00390625,
      21.556640625,
      22.109375,
      22.662109375,
      23.21484375,
      23.767578125,
      24.3203125,
      24.873046875,
      25.42578125,
      25.978515625,
      26.53125,
      27.083984375,
      27.63671875,
      28.189453125,
      28.7421875,
      29.294921875,
      29.84765625,
      30.400390625,
      30.953125,
      31.505859375,
      32.05859375,
      32.611328125,
      33.1640625,
      33.716796875,
      34.26953125,
      34.822265625,
      35.375,
      35.927734375,
      36.48046875,
      37.033203125,
      37.5859375,
      38.138671875,
      38.69140625,
      39.244140625,
      39.796875,
      40.349609375,
      40.90234375,
      41.455078125,
      42.0078125,
      42.560546875,
      43.11328125,
      43.666015625,
      44.21875,
      44.771484375,
      45.32421875,
      45.876953125,
      46.4296875,
      46.982421875,
      47.53515625,
      48.087890625,
      48.640625,
      49.193359375,
      49.74609375,
      50.298828125,
      50.8515625,
      51.404296875,
      51.95703125,
      52.509765625,
      53.0625,
      53.615234375,
      54.16796875,
      54.720703125,
      55.2734375,
      55.826171875,
      56.37890625,
      56.931640625,
      57.484375,
      58.037109375,
      58.58984375,
      59.142578125,
      59.6953125,
      60.248046875,
      60.80078125,
      61.353515625,
      61.90625,
      62.458984375,
      63.01171875,
      63.564453125,
      64.1171875,
      64.669921875,
      65.22265625,
      65.775390625,
      66.328125,
      66.880859375,
      67.43359375,
      67.986328125,
      68.5390625,
      69.091796875,
      69.64453125,
      70.197265625,
      70.75
    ]
  }
}