{
  "module": "block.0.conv2.mlp1_lif",
  "state_shape": [
    64,
    384,
    8,
    8
  ],
  "time_steps": 1,
  "numel_sampled": 196608,
  "mean": -0.23033447563648224,
  "std": 0.9682808518409729,
  "min": -5.329011917114258,
  "max": 4.87178897857666,
  "quantiles": {
    "0.00": -5.329011917114258,
    "0.01": -2.55818247795105,
    "0.05": -1.8353441953659058,
    "0.10": -1.4687438011169434,
    "0.25": -0.8671438097953796,
    "0.50": -0.21929356455802917,
    "0.75": 0.4132051467895508,
    "0.90": 0.9886282086372375,
    "0.95": 1.340435266494751,
    "0.99": 2.0314252376556396,
    "1.00": 4.87178897857666
  },
  "histogram": {
    "counts": [
      1,
      1,
      0,
      0,
      0,
      0,
      0,
      0,
      1,
      0,
      2,
      4,
      6,
      7,
      3,
      6,
      6,
      11,
      11,
      15,
      17,
      20,
      32,
      37,
      38,
      72,
      75,
      94,
      130,
      146,
      168,
      236,
      263,
      308,
      331,
      399,
      514,
      608,
      747,
      858,
      957,
      1070,
      1350,
      1541,
      1744,
      1969,
      2196,
      2454,
      2726,
      3051,
      3351,
      3700,
      3958,
      4240,
      4761,
      4983,
      5319,
      5545,
      5808,
      6047,
      6112,
      6507,
      6523,
      6489,
      6454,
      6646,
      6560,
      6458,
      6230,
      5958,
      5884,
      5421,
      5112,
      4877,
      4404,
      4116,
      3793,
      3590,
      3104,
      2771,
      2480,
      2182,
      1956,
      1698,
      1518,
      1287,
      1073,
      925,
      738,
      667,
      539,
      479,
      426,
      310,
      244,
      236,
      161,
      130,
      134,
      89,
      70,
      66,
      48,
      35,
      37,
      22,
      13,
      24,
      20,
      8,
      7,
      5,
      5,
      4,
      3,
      6,
      8,
      0,
      1,
      2,
      1,
      2,
      0,
      0,
      1,
      1,
      0,
      1
    ],
    "bin_edges": [
      -5.329011917114258,
      -5.2493181228637695,
      -5.169624328613281,
      -5.089930534362793,
      -5.010236740112305,
      -4.930542945861816,
      -4.850849151611328,
      -4.771155834197998,
      -4.69146203994751,
      -4.6117682456970215,
      -4.532074451446533,
      -4.452380657196045,
      -4.372686862945557,
      -4.292993068695068,
      -4.21329927444458,
      -4.133605480194092,
      -4.0539116859436035,
      -3.9742181301116943,
      -3.894524335861206,
      -3.8148305416107178,
      -3.7351367473602295,
      -3.655442953109741,
      -3.575749158859253,
      -3.4960556030273438,
      -3.4163618087768555,
      -3.336668014526367,
      -3.256974220275879,
      -3.1772804260253906,
      -3.0975866317749023,
      -3.017893075942993,
      -2.938199281692505,
      -2.8585054874420166,
      -2.7788116931915283,
      -2.69911789894104,
      -2.6194241046905518,
      -2.5397303104400635,
      -2.4600367546081543,
      -2.380342960357666,
      -2.3006491661071777,
      -2.2209553718566895,
      -2.141261577606201,
      -2.061567783355713,
      -1.9818741083145142,
      -1.9021803140640259,
      -1.8224866390228271,
      -1.7427928447723389,
      -1.6630990505218506,
      -1.5834053754806519,
      -1.5037115812301636,
      -1.4240177869796753,
      -1.3443241119384766,
      -1.2646303176879883,
      -1.1849365234375,
      -1.1052428483963013,
      -1.025549054145813,
      -0.9458552598953247,
      -0.8661615252494812,
      -0.7864677906036377,
      -0.7067739963531494,
      -0.6270802617073059,
      -0.5473865270614624,
      -0.4676927328109741,
      -0.3879989981651306,
      -0.3083052337169647,
      -0.22861146926879883,
      -0.14891770482063293,
      -0.06922395527362823,
      0.010469801723957062,
      0.09016355872154236,
      0.16985732316970825,
      0.24955107271671295,
      0.32924482226371765,
      0.40893858671188354,
      0.48863235116004944,
      0.5683261156082153,
      0.6480198502540588,
      0.7277135848999023,
      0.8074073791503906,
      0.8871011137962341,
      0.9667949080467224,
      1.046488642692566,
      1.1261824369430542,
      1.205876111984253,
      1.2855699062347412,
      1.3652637004852295,
      1.4449573755264282,
      1.5246511697769165,
      1.6043449640274048,
      1.6840386390686035,
      1.7637324333190918,
      1.84342622756958,
      1.9231200218200684,
      2.0028138160705566,
      2.082507371902466,
      2.162201166152954,
      2.2418949604034424,
      2.3215887546539307,
      2.401282548904419,
      2.4809763431549072,
      2.5606701374053955,
      2.6403636932373047,
      2.720057487487793,
      2.7997512817382812,
      2.8794450759887695,
      2.959138870239258,
      3.038832664489746,
      3.1185262203216553,
      3.1982200145721436,
      3.277913808822632,
      3.35760760307312,
      3.4373013973236084,
      3.5169951915740967,
      3.596688747406006,
      3.676382541656494,
      3.7560763359069824,
      3.8357701301574707,
      3.915463924407959,
      3.9951577186584473,
      4.0748515129089355,
      4.154545307159424,
      4.234239101409912,
      4.3139328956604,
      4.3936262130737305,
      4.473320007324219,
      4.553013801574707,
      4.632707595825195,
      4.712401390075684,
      4.792095184326172,
      4.87178897857666
    ]
  }
}