{
  "module": "block.3.attn.attn_lif",
  "state_shape": [
    64,
    384,
    64
  ],
  "time_steps": 1,
  "numel_sampled": 196608,
  "mean": 5.678718090057373,
  "std": 6.265166759490967,
  "min": 0.0,
  "max": 67.0,
  "quantiles": {
    "0.00": 0.0,
    "0.01": 0.0,
    "0.05": 0.0,
    "0.10": 0.25,
    "0.25": 1.0,
    "0.50": 3.375,
    "0.75": 8.75,
    "0.90": 14.125,
    "0.95": 17.625,
    "0.99": 27.0,
    "1.00": 67.0
  },
  "histogram": {
    "counts": [
      35474,
      18231,
      14123,
      10341,
      8101,
      8956,
      6313,
      5636,
      5189,
      5089,
      5897,
      4424,
      4399,
      4113,
      4126,
      3766,
      4565,
      3534,
      3265,
      3180,
      2918,
      3599,
      2656,
      2460,
      2284,
      2091,
      2416,
      1806,
      1709,
      1487,
      1371,
      1190,
      1418,
      950,
      924,
      747,
      721,
      742,
      523,
      503,
      449,
      381,
      479,
      320,
      282,
      290,
      262,
      225,
      245,
      214,
      159,
      153,
      160,
      163,
      134,
      101,
      116,
      95,
      111,
      80,
      58,
      57,
      62,
      49,
      57,
      51,
      39,
      38,
      34,
      38,
      26,
      27,
      28,
      28,
      20,
      27,
      13,
      16,
      15,
      15,
      20,
      10,
      9,
      7,
      15,
      11,
      10,
      14,
      7,
      5,
      12,
      12,
      7,
      8,
      7,
      6,
      8,
      10,
      2,
      5,
      4,
      7,
      5,
      5,
      3,
      8,
      5,
      6,
      5,
      2,
      0,
      2,
      4,
      1,
      1,
      1,
      0,
      1,
      2,
      1,
      1,
      1,
      2,
      0,
      0,
      0,
      0,
      2
    ],
    "bin_edges": [
      0.0,
      0.5234375,
      1.046875,
      1.5703125,
      2.09375,
      2.6171875,
      3.140625,
      3.6640625,
      4.1875,
      4.7109375,
      5.234375,
      5.7578125,
      6.28125,
      6.8046875,
      7.328125,
      7.8515625,
      8.375,
      8.8984375,
      9.421875,
      9.9453125,
      10.46875,
      10.9921875,
      11.515625,
      12.0390625,
      12.5625,
      13.0859375,
      13.609375,
      14.1328125,
      14.65625,
      15.1796875,
      15.703125,
      16.2265625,
      16.75,
      17.2734375,
      17.796875,
      18.3203125,
      18.84375,
      19.3671875,
      19.890625,
      20.4140625,
      20.9375,
      21.4609375,
      21.984375,
      22.5078125,
      23.03125,
      23.5546875,
      24.078125,
      24.6015625,
      25.125,
      25.6484375,
      26.171875,
      26.6953125,
      27.21875,
      27.7421875,
      28.265625,
      28.7890625,
      29.3125,
      29.8359375,
      30.359375,
      30.8828125,
      31.40625,
      31.9296875,
      32.453125,
      32.9765625,
      33.5,
      34.0234375,
      34.546875,
      35.0703125,
      35.59375,
      36.1171875,
      36.640625,
      37.1640625,
      37.6875,
      38.2109375,
      38.734375,
      39.2578125,
      39.78125,
      40.3046875,
      40.828125,
      41.3515625,
      41.875,
      42.3984375,
      42.921875,
      43.4453125,
      43.96875,
      44.4921875,
      45.015625,
      45.5390625,
      46.0625,
      46.5859375,
      47.109375,
      47.6328125,
      48.15625,
      48.6796875,
      49.203125,
      49.7265625,
      50.25,
      50.7734375,
      51.296875,
      51.8203125,
      52.34375,
      52.8671875,
      53.390625,
      53.9140625,
      54.4375,
      54.9609375,
      55.484375,
      56.0078125,
      56.53125,
      57.0546875,
      57.578125,
      58.1015625,
      58.625,
      59.1484375,
      59.671875,
      60.1953125,
      60.71875,
      61.2421875,
      61.765625,
      62.2890625,
      62.8125,
      63.3359375,
      63.859375,
      64.3828125,
      64.90625,
      65.4296875,
      65.953125,
      66.4765625,
      67.0
    ]
  }
}