{
  "module": "block.3.attn.v_lif",
  "state_shape": [
    64,
    384,
    64
  ],
  "time_steps": 1,
  "numel_sampled": 196608,
  "mean": 0.05280711129307747,
  "std": 0.8324125409126282,
  "min": -3.1354267597198486,
  "max": 4.110954284667969,
  "quantiles": {
    "0.00": -3.1354267597198486,
    "0.01": -1.6603671312332153,
    "0.05": -1.1959760189056396,
    "0.10": -0.9561761021614075,
    "0.25": -0.5448168516159058,
    "0.50": -0.005831589922308922,
    "0.75": 0.5843283534049988,
    "0.90": 1.1694988012313843,
    "0.95": 1.5298302173614502,
    "0.99": 2.145273447036743,
    "1.00": 4.110954284667969
  },
  "histogram": {
    "counts": [
      1,
      3,
      4,
      5,
      7,
      4,
      9,
      15,
      8,
      6,
      16,
      18,
      18,
      28,
      27,
      54,
      47,
      62,
      73,
      99,
      106,
      158,
      230,
      262,
      320,
      370,
      457,
      580,
      675,
      818,
      947,
      1077,
      1340,
      1525,
      1821,
      2060,
      2317,
      2666,
      2969,
      3237,
      3609,
      4015,
      4244,
      4549,
      4610,
      4859,
      4889,
      5293,
      5202,
      5317,
      5133,
      5308,
      5192,
      5174,
      5075,
      5028,
      4875,
      4773,
      4920,
      4821,
      4867,
      4834,
      4698,
      4518,
      4254,
      4099,
      3934,
      3572,
      3337,
      3073,
      2816,
      2681,
      2379,
      2312,
      2157,
      2011,
      1913,
      1758,
      1632,
      1464,
      1387,
      1261,
      1166,
      1127,
      1013,
      884,
      833,
      728,
      658,
      568,
      489,
      454,
      352,
      344,
      235,
      186,
      183,
      166,
      121,
      120,
      92,
      76,
      71,
      63,
      63,
      56,
      42,
      28,
      46,
      34,
      22,
      23,
      12,
      10,
      14,
      10,
      4,
      3,
      2,
      5,
      3,
      3,
      5,
      5,
      3,
      2,
      0,
      2
    ],
    "bin_edges": [
      -3.1354267597198486,
      -3.0788145065307617,
      -3.0222020149230957,
      -2.965589761734009,
      -2.9089772701263428,
      -2.852365016937256,
      -2.795752763748169,
      -2.739140272140503,
      -2.682528018951416,
      -2.62591552734375,
      -2.569303274154663,
      -2.512691020965576,
      -2.45607852935791,
      -2.3994662761688232,
      -2.3428537845611572,
      -2.2862415313720703,
      -2.2296290397644043,
      -2.1730167865753174,
      -2.1164045333862305,
      -2.0597920417785645,
      -2.0031797885894775,
      -1.946567416191101,
      -1.8899550437927246,
      -1.8333426713943481,
      -1.7767302989959717,
      -1.7201180458068848,
      -1.6635056734085083,
      -1.6068933010101318,
      -1.5502809286117554,
      -1.493668556213379,
      -1.437056303024292,
      -1.3804439306259155,
      -1.323831558227539,
      -1.2672191858291626,
      -1.2106068134307861,
      -1.1539945602416992,
      -1.0973821878433228,
      -1.0407698154449463,
      -0.9841574430465698,
      -0.9275451302528381,
      -0.8709327578544617,
      -0.8143203854560852,
      -0.7577080726623535,
      -0.701095700263977,
      -0.6444833278656006,
      -0.5878710150718689,
      -0.5312586426734924,
      -0.47464630007743835,
      -0.4180339574813843,
      -0.3614216148853302,
      -0.3048092722892761,
      -0.24819689989089966,
      -0.19158455729484558,
      -0.1349722146987915,
      -0.07835985720157623,
      -0.02174750715494156,
      0.034864842891693115,
      0.09147719293832779,
      0.14808954298496246,
      0.20470190048217773,
      0.2613142430782318,
      0.3179265856742859,
      0.37453895807266235,
      0.43115130066871643,
      0.4877638816833496,
      0.5443762540817261,
      0.6009885668754578,
      0.6576009392738342,
      0.7142132520675659,
      0.7708256244659424,
      0.8274379968643188,
      0.8840503096580505,
      0.940662682056427,
      0.9972750544548035,
      1.0538873672485352,
      1.1104997396469116,
      1.167112112045288,
      1.2237244844436646,
      1.2803367376327515,
      1.336949110031128,
      1.3935614824295044,
      1.4501738548278809,
      1.5067862272262573,
      1.5633984804153442,
      1.6200108528137207,
      1.6766232252120972,
      1.7332355976104736,
      1.78984797000885,
      1.8464603424072266,
      1.9030725955963135,
      1.95968496799469,
      2.0162973403930664,
      2.0729095935821533,
      2.1295220851898193,
      2.1861343383789062,
      2.2427468299865723,
      2.299359083175659,
      2.355971336364746,
      2.412583827972412,
      2.469196081161499,
      2.525808572769165,
      2.582420825958252,
      2.639033079147339,
      2.695645570755005,
      2.752257823944092,
      2.808870315551758,
      2.8654825687408447,
      2.9220948219299316,
      2.9787073135375977,
      3.0353195667266846,
      3.0919320583343506,
      3.1485443115234375,
      3.2051568031311035,
      3.2617690563201904,
      3.3183813095092773,
      3.3749938011169434,
      3.4316060543060303,
      3.4882185459136963,
      3.544830799102783,
      3.60144305229187,
      3.658055543899536,
      3.714667797088623,
      3.771280288696289,
      3.827892541885376,
      3.884504795074463,
      3.941117286682129,
      3.997729539871216,
      4.054341793060303,
      4.110954284667969
    ]
  }
}