{
  "module": "block.0.attn.attn_lif",
  "state_shape": [
    64,
    384,
    64
  ],
  "time_steps": 1,
  "numel_sampled": 196608,
  "mean": 2.9413554668426514,
  "std": 3.439588785171509,
  "min": 0.0,
  "max": 38.375,
  "quantiles": {
    "0.00": 0.0,
    "0.01": 0.0,
    "0.05": 0.0,
    "0.10": 0.25,
    "0.25": 0.75,
    "0.50": 1.875,
    "0.75": 3.875,
    "0.90": 7.0,
    "0.95": 9.625,
    "0.99": 17.0,
    "1.00": 38.375
  },
  "histogram": {
    "counts": [
      26837,
      14041,
      19202,
      12074,
      10835,
      14554,
      8491,
      11207,
      6557,
      6015,
      7796,
      4740,
      6136,
      3639,
      3374,
      4451,
      2636,
      3591,
      2178,
      1975,
      2658,
      1604,
      2178,
      1343,
      1193,
      1649,
      983,
      1429,
      834,
      762,
      1028,
      591,
      871,
      510,
      489,
      693,
      410,
      573,
      359,
      300,
      455,
      284,
      381,
      241,
      227,
      303,
      224,
      283,
      179,
      161,
      241,
      162,
      182,
      142,
      115,
      189,
      127,
      162,
      94,
      100,
      137,
      85,
      107,
      63,
      69,
      101,
      74,
      93,
      52,
      53,
      75,
      35,
      53,
      37,
      38,
      54,
      30,
      45,
      31,
      20,
      30,
      29,
      30,
      12,
      10,
      24,
      12,
      13,
      8,
      12,
      21,
      6,
      16,
      11,
      7,
      13,
      4,
      6,
      6,
      2,
      2,
      5,
      4,
      0,
      5,
      3,
      3,
      3,
      1,
      1,
      2,
      1,
      1,
      0,
      1,
      1,
      2,
      2,
      2,
      1,
      0,
      1,
      1,
      1,
      1,
      1,
      0,
      1
    ],
    "bin_edges": [
      0.0,
      0.2998046875,
      0.599609375,
      0.8994140625,
      1.19921875,
      1.4990234375,
      1.798828125,
      2.0986328125,
      2.3984375,
      2.6982421875,
      2.998046875,
      3.2978515625,
      3.59765625,
      3.8974609375,
      4.197265625,
      4.4970703125,
      4.796875,
      5.0966796875,
      5.396484375,
      5.6962890625,
      5.99609375,
      6.2958984375,
      6.595703125,
      6.8955078125,
      7.1953125,
      7.4951171875,
      7.794921875,
      8.0947265625,
      8.39453125,
      8.6943359375,
      8.994140625,
      9.2939453125,
      9.59375,
      9.8935546875,
      10.193359375,
      10.4931640625,
      10.79296875,
      11.0927734375,
      11.392578125,
      11.6923828125,
      11.9921875,
      12.2919921875,
      12.591796875,
      12.8916015625,
      13.19140625,
      13.4912109375,
      13.791015625,
      14.0908203125,
      14.390625,
      14.6904296875,
      14.990234375,
      15.2900390625,
      15.58984375,
      15.8896484375,
      16.189453125,
      16.4892578125,
      16.7890625,
      17.0888671875,
      17.388671875,
      17.6884765625,
      17.98828125,
      18.2880859375,
      18.587890625,
      18.8876953125,
      19.1875,
      19.4873046875,
      19.787109375,
      20.0869140625,
      20.38671875,
      20.6865234375,
      20.986328125,
      21.2861328125,
      21.5859375,
      21.8857421875,
      22.185546875,
      22.4853515625,
      22.78515625,
      23.0849609375,
      23.384765625,
      23.6845703125,
      23.984375,
      24.2841796875,
      24.583984375,
      24.8837890625,
      25.18359375,
      25.4833984375,
      25.783203125,
      26.0830078125,
      26.3828125,
      26.6826171875,
      26.982421875,
      27.2822265625,
      27.58203125,
      27.8818359375,
      28.181640625,
      28.4814453125,
      28.78125,
      29.0810546875,
      29.380859375,
      29.6806640625,
      29.98046875,
      30.2802734375,
      30.580078125,
      30.8798828125,
      31.1796875,
      31.4794921875,
      31.779296875,
      32.0791015625,
      32.37890625,
      32.6787109375,
      32.978515625,
      33.2783203125,
      33.578125,
      33.8779296875,
      34.177734375,
      34.4775390625,
      34.77734375,
      35.0771484375,
      35.376953125,
      35.6767578125,
      35.9765625,
      36.2763671875,
      36.576171875,
      36.8759765625,
      37.17578125,
      37.4755859375,
      37.775390625,
      38.0751953125,
      38.375
    ]
  }
}