{
  "module": "block.1.attn.k_lif",
  "state_shape": [
    64,
    384,
    64
  ],
  "time_steps": 1,
  "numel_sampled": 196608,
  "mean": -0.11548954248428345,
  "std": 0.8917161226272583,
  "min": -4.916581153869629,
  "max": 4.390398025512695,
  "quantiles": {
    "0.00": -4.916581153869629,
    "0.01": -2.1454312801361084,
    "0.05": -1.4560712575912476,
    "0.10": -1.1553771495819092,
    "0.25": -0.6913805603981018,
    "0.50": -0.17563655972480774,
    "0.75": 0.400884747505188,
    "0.90": 1.029990553855896,
    "0.95": 1.4641779661178589,
    "0.99": 2.2985024452209473,
    "1.00": 4.390398025512695
  },
  "histogram": {
    "counts": [
      1,
      0,
      1,
      1,
      0,
      1,
      3,
      1,
      5,
      2,
      2,
      3,
      11,
      5,
      4,
      10,
      12,
      5,
      17,
      15,
      26,
      30,
      24,
      26,
      33,
      38,
      46,
      61,
      67,
      67,
      101,
      113,
      134,
      135,
      168,
      214,
      250,
      303,
      357,
      430,
      479,
      609,
      692,
      876,
      976,
      1158,
      1363,
      1740,
      1957,
      2198,
      2671,
      3098,
      3584,
      3963,
      4379,
      4933,
      5308,
      5764,
      6182,
      6474,
      6827,
      7057,
      7159,
      7345,
      7284,
      7170,
      7041,
      6709,
      6403,
      6227,
      5858,
      5504,
      5063,
      4695,
      4414,
      4060,
      3641,
      3326,
      2988,
      2754,
      2495,
      2257,
      2103,
      1839,
      1646,
      1517,
      1371,
      1197,
      1148,
      945,
      838,
      850,
      771,
      631,
      586,
      506,
      457,
      424,
      345,
      306,
      241,
      232,
      206,
      160,
      152,
      126,
      89,
      102,
      73,
      67,
      51,
      52,
      33,
      23,
      22,
      21,
      15,
      17,
      11,
      5,
      7,
      4,
      7,
      6,
      1,
      1,
      0,
      1
    ],
    "bin_edges": [
      -4.916581153869629,
      -4.843870162963867,
      -4.771159648895264,
      -4.698448657989502,
      -4.625738143920898,
      -4.553027153015137,
      -4.480316638946533,
      -4.4076056480407715,
      -4.334895133972168,
      -4.262184143066406,
      -4.189473628997803,
      -4.116762638092041,
      -4.044051647186279,
      -3.971341133117676,
      -3.898630380630493,
      -3.8259196281433105,
      -3.753208637237549,
      -3.680497884750366,
      -3.6077871322631836,
      -3.535076379776001,
      -3.4623656272888184,
      -3.3896548748016357,
      -3.316944122314453,
      -3.2442333698272705,
      -3.171522617340088,
      -3.0988118648529053,
      -3.0261011123657227,
      -2.953390121459961,
      -2.8806793689727783,
      -2.8079686164855957,
      -2.735257863998413,
      -2.6625471115112305,
      -2.589836359024048,
      -2.5171256065368652,
      -2.4444148540496826,
      -2.3717041015625,
      -2.2989933490753174,
      -2.2262825965881348,
      -2.153571605682373,
      -2.0808608531951904,
      -2.008150100708008,
      -1.9354393482208252,
      -1.8627285957336426,
      -1.79001784324646,
      -1.7173070907592773,
      -1.6445963382720947,
      -1.5718854665756226,
      -1.49917471408844,
      -1.4264639616012573,
      -1.3537532091140747,
      -1.281042456626892,
      -1.20833158493042,
      -1.1356208324432373,
      -1.0629100799560547,
      -0.9901993274688721,
      -0.9174885153770447,
      -0.8447777628898621,
      -0.7720670104026794,
      -0.699356198310852,
      -0.6266454458236694,
      -0.5539346933364868,
      -0.4812238812446594,
      -0.4085131287574768,
      -0.3358023464679718,
      -0.2630915641784668,
      -0.1903807818889618,
      -0.11767001450061798,
      -0.04495923966169357,
      0.027751535177230835,
      0.10046231001615524,
      0.17317308485507965,
      0.24588385224342346,
      0.31859463453292847,
      0.39130541682243347,
      0.4640161991119385,
      0.5367269515991211,
      0.6094377040863037,
      0.6821485161781311,
      0.7548592686653137,
      0.8275700807571411,
      0.9002808332443237,
      0.9729915857315063,
      1.045702338218689,
      1.1184132099151611,
      1.1911239624023438,
      1.2638347148895264,
      1.336545467376709,
      1.4092562198638916,
      1.4819669723510742,
      1.5546778440475464,
      1.627388596534729,
      1.7000993490219116,
      1.7728101015090942,
      1.8455208539962769,
      1.918231725692749,
      1.9909424781799316,
      2.0636532306671143,
      2.136363983154297,
      2.2090747356414795,
      2.281785488128662,
      2.3544962406158447,
      2.4272069931030273,
      2.499917984008789,
      2.5726287364959717,
      2.6453394889831543,
      2.718050241470337,
      2.7907609939575195,
      2.863471746444702,
      2.9361824989318848,
      3.0088932514190674,
      3.08160400390625,
      3.1543147563934326,
      3.2270255088806152,
      3.299736499786377,
      3.3724472522735596,
      3.445158004760742,
      3.517868757247925,
      3.5905795097351074,
      3.66329026222229,
      3.7360010147094727,
      3.8087117671966553,
      3.881422519683838,
      3.9541332721710205,
      4.026844024658203,
      4.099555015563965,
      4.172265529632568,
      4.24497652053833,
      4.317687034606934,
      4.390398025512695
    ]
  }
}