{
  "module": "block.1.attn.v_lif",
  "state_shape": [
    64,
    384,
    64
  ],
  "time_steps": 1,
  "numel_sampled": 196608,
  "mean": 0.09602183103561401,
  "std": 0.957452118396759,
  "min": -4.131625652313232,
  "max": 5.2727813720703125,
  "quantiles": {
    "0.00": -4.131625652313232,
    "0.01": -2.003021478652954,
    "0.05": -1.3920915126800537,
    "0.10": -1.0785149335861206,
    "0.25": -0.5566741228103638,
    "0.50": 0.046208806335926056,
    "0.75": 0.7073748111724854,
    "0.90": 1.3491380214691162,
    "0.95": 1.744767665863037,
    "0.99": 2.521348714828491,
    "1.00": 5.2727813720703125
  },
  "histogram": {
    "counts": [
      2,
      1,
      2,
      0,
      2,
      4,
      4,
      2,
      2,
      5,
      7,
      5,
      14,
      17,
      16,
      17,
      37,
      45,
      55,
      52,
      72,
      72,
      87,
      139,
      161,
      221,
      249,
      289,
      399,
      448,
      535,
      640,
      824,
      975,
      1092,
      1308,
      1561,
      1744,
      2058,
      2282,
      2632,
      2962,
      3344,
      3702,
      3989,
      4345,
      4453,
      4924,
      5161,
      5517,
      5684,
      5836,
      6160,
      6222,
      6254,
      6292,
      6259,
      6070,
      6006,
      5800,
      5739,
      5508,
      5294,
      5087,
      4775,
      4651,
      4227,
      4053,
      3711,
      3703,
      3282,
      2999,
      2806,
      2667,
      2323,
      2084,
      1983,
      1778,
      1610,
      1464,
      1242,
      1126,
      1023,
      856,
      824,
      664,
      619,
      509,
      421,
      354,
      353,
      267,
      252,
      219,
      176,
      170,
      132,
      106,
      85,
      65,
      70,
      62,
      34,
      34,
      31,
      20,
      17,
      12,
      21,
      7,
      10,
      5,
      10,
      2,
      5,
      1,
      1,
      0,
      0,
      1,
      0,
      0,
      0,
      0,
      0,
      0,
      0,
      1
    ],
    "bin_edges": [
      -4.131625652313232,
      -4.0581536293029785,
      -3.9846818447113037,
      -3.91120982170105,
      -3.837738037109375,
      -3.764266014099121,
      -3.690793991088867,
      -3.6173222064971924,
      -3.5438501834869385,
      -3.4703781604766846,
      -3.3969063758850098,
      -3.323434352874756,
      -3.249962329864502,
      -3.176490545272827,
      -3.1030185222625732,
      -3.0295467376708984,
      -2.9560747146606445,
      -2.8826026916503906,
      -2.809130907058716,
      -2.735658884048462,
      -2.662187099456787,
      -2.588715076446533,
      -2.5152430534362793,
      -2.4417712688446045,
      -2.3682992458343506,
      -2.2948272228240967,
      -2.221355438232422,
      -2.147883415222168,
      -2.074411392211914,
      -2.0009396076202393,
      -1.9274675846099854,
      -1.853995680809021,
      -1.7805237770080566,
      -1.7070518732070923,
      -1.633579969406128,
      -1.560107946395874,
      -1.4866360425949097,
      -1.4131641387939453,
      -1.3396921157836914,
      -1.266220211982727,
      -1.1927483081817627,
      -1.1192764043807983,
      -1.045804500579834,
      -0.9723324775695801,
      -0.8988605737686157,
      -0.8253886699676514,
      -0.7519167065620422,
      -0.6784447431564331,
      -0.6049728393554688,
      -0.5315009355545044,
      -0.45802897214889526,
      -0.3845570385456085,
      -0.3110851049423218,
      -0.23761317133903503,
      -0.1641412377357483,
      -0.09066930413246155,
      -0.017197370529174805,
      0.05627456307411194,
      0.12974649667739868,
      0.20321843028068542,
      0.27669036388397217,
      0.3501622974872589,
      0.42363423109054565,
      0.4971061646938324,
      0.5705776214599609,
      0.6440495252609253,
      0.7175214886665344,
      0.7909934520721436,
      0.8644653558731079,
      0.9379372596740723,
      1.0114092826843262,
      1.0848811864852905,
      1.1583530902862549,
      1.2318249940872192,
      1.3052968978881836,
      1.3787689208984375,
      1.4522408246994019,
      1.5257127285003662,
      1.5991847515106201,
      1.6726566553115845,
      1.7461285591125488,
      1.8196004629135132,
      1.8930723667144775,
      1.9665443897247314,
      2.0400161743164062,
      2.11348819732666,
      2.186960220336914,
      2.260432004928589,
      2.3339040279388428,
      2.4073760509490967,
      2.4808478355407715,
      2.5543198585510254,
      2.6277918815612793,
      2.701263666152954,
      2.774735689163208,
      2.848207473754883,
      2.9216794967651367,
      2.9951515197753906,
      3.0686233043670654,
      3.1420953273773193,
      3.215567111968994,
      3.289039134979248,
      3.362511157989502,
      3.4359829425811768,
      3.5094549655914307,
      3.5829269886016846,
      3.6563987731933594,
      3.7298707962036133,
      3.803342819213867,
      3.876814603805542,
      3.950286626815796,
      4.023758411407471,
      4.097230434417725,
      4.1707024574279785,
      4.244174480438232,
      4.317646026611328,
      4.391118049621582,
      4.464590072631836,
      4.53806209564209,
      4.611534118652344,
      4.685006141662598,
      4.758477687835693,
      4.831949710845947,
      4.905421733856201,
      4.978893756866455,
      5.052365779876709,
      5.125837326049805,
      5.199309349060059,
      5.2727813720703125
    ]
  }
}