{
  "module": "block.3.attn.k_lif",
  "state_shape": [
    64,
    384,
    64
  ],
  "time_steps": 1,
  "numel_sampled": 196608,
  "mean": -0.14724339544773102,
  "std": 0.7531296014785767,
  "min": -2.6386311054229736,
  "max": 3.271602153778076,
  "quantiles": {
    "0.00": -2.6386311054229736,
    "0.01": -1.4831023216247559,
    "0.05": -1.1502375602722168,
    "0.10": -0.9807009100914001,
    "0.25": -0.685265302658081,
    "0.50": -0.2878618538379669,
    "0.75": 0.2868066728115082,
    "0.90": 0.9206989407539368,
    "0.95": 1.3164511919021606,
    "0.99": 1.986217975616455,
    "1.00": 3.271602153778076
  },
  "histogram": {
    "counts": [
      2,
      1,
      0,
      1,
      1,
      4,
      5,
      3,
      5,
      6,
      7,
      8,
      10,
      19,
      24,
      35,
      52,
      74,
      124,
      134,
      177,
      234,
      251,
      345,
      432,
      509,
      680,
      855,
      995,
      1229,
      1435,
      1716,
      2046,
      2386,
      2869,
      3329,
      3551,
      4102,
      4463,
      4804,
      5060,
      5522,
      5588,
      5827,
      5852,
      5875,
      5919,
      5829,
      5668,
      5500,
      5213,
      4966,
      4950,
      4688,
      4296,
      4189,
      4048,
      3733,
      3619,
      3553,
      3273,
      3260,
      3041,
      3020,
      2916,
      2823,
      2476,
      2386,
      2297,
      2186,
      2120,
      1887,
      1851,
      1739,
      1644,
      1552,
      1541,
      1369,
      1338,
      1199,
      1144,
      1134,
      1078,
      1060,
      976,
      974,
      887,
      795,
      677,
      682,
      584,
      606,
      515,
      514,
      442,
      418,
      398,
      358,
      312,
      302,
      282,
      232,
      252,
      176,
      169,
      164,
      133,
      97,
      98,
      76,
      74,
      49,
      52,
      35,
      34,
      25,
      16,
      12,
      15,
      7,
      5,
      4,
      4,
      1,
      1,
      1,
      0,
      2
    ],
    "bin_edges": [
      -2.6386311054229736,
      -2.5924572944641113,
      -2.546283721923828,
      -2.500109910964966,
      -2.4539363384246826,
      -2.4077625274658203,
      -2.361588954925537,
      -2.315415143966675,
      -2.2692415714263916,
      -2.2230677604675293,
      -2.176894187927246,
      -2.130720376968384,
      -2.0845468044281006,
      -2.0383729934692383,
      -1.9921993017196655,
      -1.9460256099700928,
      -1.89985191822052,
      -1.8536782264709473,
      -1.8075045347213745,
      -1.7613308429718018,
      -1.715157151222229,
      -1.6689834594726562,
      -1.6228097677230835,
      -1.5766360759735107,
      -1.5304622650146484,
      -1.4842885732650757,
      -1.438114881515503,
      -1.3919411897659302,
      -1.3457674980163574,
      -1.2995938062667847,
      -1.253420114517212,
      -1.2072464227676392,
      -1.1610727310180664,
      -1.1148990392684937,
      -1.068725347518921,
      -1.0225516557693481,
      -0.9763779640197754,
      -0.9302042126655579,
      -0.8840305209159851,
      -0.8378568291664124,
      -0.7916831374168396,
      -0.7455094456672668,
      -0.6993357539176941,
      -0.6531620621681213,
      -0.6069883108139038,
      -0.560814619064331,
      -0.5146409273147583,
      -0.46846723556518555,
      -0.4222935438156128,
      -0.37611985206604004,
      -0.3299461603164673,
      -0.28377243876457214,
      -0.2375987470149994,
      -0.19142505526542664,
      -0.1452513486146927,
      -0.09907764941453934,
      -0.052903950214385986,
      -0.0067302510142326355,
      0.039443448185920715,
      0.08561714738607407,
      0.13179084658622742,
      0.17796453833580017,
      0.22413824498653412,
      0.27031195163726807,
      0.3164854049682617,
      0.3626590967178345,
      0.4088327884674072,
      0.45500651001930237,
      0.5011801719665527,
      0.5473539233207703,
      0.593527615070343,
      0.6397013068199158,
      0.6858749985694885,
      0.7320486903190613,
      0.778222382068634,
      0.8243960738182068,
      0.8705698251724243,
      0.9167435169219971,
      0.9629172086715698,
      1.0090909004211426,
      1.0552645921707153,
      1.101438283920288,
      1.1476119756698608,
      1.1937856674194336,
      1.2399593591690063,
      1.286133050918579,
      1.3323067426681519,
      1.3784804344177246,
      1.424654245376587,
      1.4708279371261597,
      1.5170016288757324,
      1.5631753206253052,
      1.609349012374878,
      1.6555227041244507,
      1.7016963958740234,
      1.7478700876235962,
      1.794043779373169,
      1.8402174711227417,
      1.8863911628723145,
      1.9325648546218872,
      1.97873854637146,
      2.0249123573303223,
      2.0710859298706055,
      2.1172597408294678,
      2.163433313369751,
      2.2096071243286133,
      2.2557806968688965,
      2.301954507827759,
      2.348128080368042,
      2.3943018913269043,
      2.4404754638671875,
      2.48664927482605,
      2.532823085784912,
      2.5789966583251953,
      2.6251704692840576,
      2.671344041824341,
      2.717517852783203,
      2.7636914253234863,
      2.8098652362823486,
      2.856038808822632,
      2.902212619781494,
      2.9483861923217773,
      2.9945600032806396,
      3.040733575820923,
      3.086907386779785,
      3.1330809593200684,
      3.1792547702789307,
      3.225428342819214,
      3.271602153778076
    ]
  }
}