{
  "module": "block.3.mlp.mlp2_lif",
  "state_shape": [
    64,
    1536,
    8,
    8
  ],
  "time_steps": 1,
  "numel_sampled": 196608,
  "mean": -0.20252537727355957,
  "std": 0.7870269417762756,
  "min": -3.0200579166412354,
  "max": 3.2949111461639404,
  "quantiles": {
    "0.00": -3.0200579166412354,
    "0.01": -1.8362427949905396,
    "0.05": -1.338010549545288,
    "0.10": -1.1276401281356812,
    "0.25": -0.7139554619789124,
    "0.50": -0.299824059009552,
    "0.75": 0.22020533680915833,
    "0.90": 0.9527450799942017,
    "0.95": 1.313374400138855,
    "0.99": 1.85865318775177,
    "1.00": 3.2949111461639404
  },
  "histogram": {
    "counts": [
      3,
      4,
      4,
      4,
      10,
      8,
      15,
      11,
      22,
      23,
      27,
      45,
      64,
      54,
      69,
      103,
      96,
      110,
      161,
      155,
      196,
      216,
      247,
      321,
      337,
      407,
      423,
      548,
      588,
      680,
      869,
      1039,
      1279,
      1517,
      1894,
      2210,
      2401,
      2603,
      2686,
      2934,
      3041,
      3217,
      3467,
      3580,
      3893,
      4216,
      4570,
      4772,
      5409,
      5701,
      5995,
      6211,
      6390,
      6285,
      6277,
      6318,
      5854,
      5618,
      5338,
      4921,
      4595,
      4223,
      3852,
      3701,
      3360,
      3274,
      3000,
      2720,
      2654,
      2560,
      2317,
      2097,
      1943,
      1771,
      1668,
      1609,
      1486,
      1412,
      1322,
      1267,
      1277,
      1243,
      1272,
      1405,
      1400,
      1397,
      1375,
      1333,
      1279,
      1035,
      979,
      866,
      781,
      617,
      540,
      495,
      394,
      361,
      339,
      305,
      239,
      201,
      200,
      163,
      133,
      135,
      114,
      86,
      78,
      68,
      51,
      24,
      28,
      29,
      21,
      10,
      9,
      15,
      3,
      8,
      5,
      2,
      1,
      2,
      1,
      0,
      1,
      1
    ],
    "bin_edges": [
      -3.0200579166412354,
      -2.970722198486328,
      -2.921386480331421,
      -2.8720507621765137,
      -2.8227150440216064,
      -2.773379325866699,
      -2.724043846130371,
      -2.674708127975464,
      -2.6253724098205566,
      -2.5760366916656494,
      -2.526700973510742,
      -2.477365255355835,
      -2.4280295372009277,
      -2.3786938190460205,
      -2.3293581008911133,
      -2.280022382736206,
      -2.230686664581299,
      -2.1813511848449707,
      -2.1320154666900635,
      -2.0826797485351562,
      -2.033344030380249,
      -1.9840083122253418,
      -1.9346725940704346,
      -1.8853368759155273,
      -1.8360011577606201,
      -1.7866655588150024,
      -1.7373298406600952,
      -1.687994122505188,
      -1.6386584043502808,
      -1.5893226861953735,
      -1.5399870872497559,
      -1.4906513690948486,
      -1.4413156509399414,
      -1.3919799327850342,
      -1.342644214630127,
      -1.2933086156845093,
      -1.243972897529602,
      -1.1946371793746948,
      -1.1453014612197876,
      -1.0959657430648804,
      -1.0466301441192627,
      -0.9972943663597107,
      -0.9479587078094482,
      -0.898622989654541,
      -0.8492872714996338,
      -0.7999516129493713,
      -0.7506158947944641,
      -0.7012802362442017,
      -0.6519445180892944,
      -0.6026087999343872,
      -0.5532731413841248,
      -0.5039374232292175,
      -0.4546017348766327,
      -0.40526604652404785,
      -0.3559303283691406,
      -0.3065946400165558,
      -0.25725895166397095,
      -0.2079232633113861,
      -0.15858756005764008,
      -0.10925186425447464,
      -0.059916168451309204,
      -0.010580472648143768,
      0.03875522315502167,
      0.0880909189581871,
      0.13742661476135254,
      0.18676230311393738,
      0.2360980063676834,
      0.28543370962142944,
      0.3347693979740143,
      0.3841050863265991,
      0.43344080448150635,
      0.4827764928340912,
      0.532112181186676,
      0.5814478993415833,
      0.6307835578918457,
      0.6801192760467529,
      0.7294549942016602,
      0.7787906527519226,
      0.8281263709068298,
      0.8774620294570923,
      0.9267977476119995,
      0.9761334657669067,
      1.025469183921814,
      1.0748047828674316,
      1.1241405010223389,
      1.173476219177246,
      1.2228119373321533,
      1.2721476554870605,
      1.3214833736419678,
      1.3708189725875854,
      1.4201546907424927,
      1.4694904088974,
      1.5188261270523071,
      1.5681618452072144,
      1.617497444152832,
      1.6668331623077393,
      1.7161688804626465,
      1.7655045986175537,
      1.814840316772461,
      1.8641759157180786,
      1.9135116338729858,
      1.962847352027893,
      2.0121829509735107,
      2.061518669128418,
      2.110854387283325,
      2.1601901054382324,
      2.2095258235931396,
      2.258861541748047,
      2.308197259902954,
      2.3575329780578613,
      2.4068686962127686,
      2.456204414367676,
      2.505539894104004,
      2.554875612258911,
      2.6042113304138184,
      2.6535470485687256,
      2.702882766723633,
      2.75221848487854,
      2.8015542030334473,
      2.8508899211883545,
      2.9002256393432617,
      2.949561357498169,
      2.998897075653076,
      3.0482325553894043,
      3.0975682735443115,
      3.1469039916992188,
      3.196239709854126,
      3.245575428009033,
      3.2949111461639404
    ]
  }
}