{
  "module": "block.2.conv2.mlp1_lif",
  "state_shape": [
    64,
    384,
    8,
    8
  ],
  "time_steps": 1,
  "numel_sampled": 196608,
  "mean": 0.10345318913459778,
  "std": 1.2251509428024292,
  "min": -4.128990173339844,
  "max": 4.530403137207031,
  "quantiles": {
    "0.00": -4.128990173339844,
    "0.01": -2.4269983768463135,
    "0.05": -1.8049300909042358,
    "0.10": -1.4561704397201538,
    "0.25": -0.8117143511772156,
    "0.50": 0.037938058376312256,
    "0.75": 1.004691481590271,
    "0.90": 1.7681530714035034,
    "0.95": 2.159721612930298,
    "0.99": 2.832390785217285,
    "1.00": 4.530403137207031
  },
  "histogram": {
    "counts": [
      1,
      1,
      0,
      0,
      1,
      1,
      2,
      5,
      10,
      8,
      21,
      16,
      22,
      32,
      42,
      54,
      65,
      93,
      111,
      145,
      149,
      209,
      248,
      312,
      356,
      412,
      457,
      632,
      623,
      772,
      912,
      1017,
      1229,
      1335,
      1536,
      1694,
      1841,
      2062,
      2075,
      2319,
      2458,
      2683,
      2922,
      2993,
      3105,
      3351,
      3518,
      3493,
      3672,
      3764,
      3893,
      3839,
      3943,
      3931,
      4090,
      4040,
      4018,
      3916,
      3915,
      3862,
      3830,
      3747,
      3811,
      3668,
      3579,
      3587,
      3543,
      3556,
      3428,
      3410,
      3345,
      3235,
      3222,
      3179,
      3307,
      3177,
      3104,
      2936,
      2968,
      2775,
      2729,
      2581,
      2561,
      2489,
      2337,
      2149,
      2116,
      1974,
      1895,
      1725,
      1714,
      1565,
      1371,
      1239,
      1121,
      1049,
      905,
      810,
      697,
      613,
      548,
      460,
      403,
      311,
      324,
      248,
      199,
      166,
      145,
      116,
      80,
      88,
      53,
      44,
      45,
      30,
      20,
      14,
      11,
      9,
      4,
      4,
      4,
      4,
      0,
      2,
      2,
      1
    ],
    "bin_edges": [
      -4.128990173339844,
      -4.061338424682617,
      -3.993687152862549,
      -3.9260356426239014,
      -3.858384132385254,
      -3.7907326221466064,
      -3.723081111907959,
      -3.6554296016693115,
      -3.587778091430664,
      -3.5201265811920166,
      -3.452475070953369,
      -3.3848235607147217,
      -3.317172050476074,
      -3.2495205402374268,
      -3.1818690299987793,
      -3.114217519760132,
      -3.0465660095214844,
      -2.978914499282837,
      -2.9112629890441895,
      -2.843611478805542,
      -2.7759599685668945,
      -2.708308458328247,
      -2.6406569480895996,
      -2.573005437850952,
      -2.5053539276123047,
      -2.4377024173736572,
      -2.3700509071350098,
      -2.3023993968963623,
      -2.234747886657715,
      -2.1670963764190674,
      -2.09944486618042,
      -2.0317933559417725,
      -1.964141845703125,
      -1.8964903354644775,
      -1.82883882522583,
      -1.7611873149871826,
      -1.6935358047485352,
      -1.6258842945098877,
      -1.5582327842712402,
      -1.4905812740325928,
      -1.4229297637939453,
      -1.3552782535552979,
      -1.2876267433166504,
      -1.219975233078003,
      -1.1523237228393555,
      -1.084672212600708,
      -1.0170207023620605,
      -0.9493691921234131,
      -0.8817176818847656,
      -0.8140661716461182,
      -0.7464146614074707,
      -0.6787631511688232,
      -0.6111116409301758,
      -0.5434601306915283,
      -0.47580862045288086,
      -0.4081571102142334,
      -0.34050559997558594,
      -0.2728540897369385,
      -0.20520257949829102,
      -0.13755106925964355,
      -0.0698995590209961,
      -0.002248048782348633,
      0.06540346145629883,
      0.1330549716949463,
      0.20070648193359375,
      0.2683579921722412,
      0.33600950241088867,
      0.40366101264953613,
      0.4713125228881836,
      0.538964033126831,
      0.6066155433654785,
      0.674267053604126,
      0.7419185638427734,
      0.8095700740814209,
      0.8772215843200684,
      0.9448730945587158,
      1.0125246047973633,
      1.0801761150360107,
      1.1478276252746582,
      1.2154791355133057,
      1.2831306457519531,
      1.3507821559906006,
      1.418433666229248,
      1.4860851764678955,
      1.553736686706543,
      1.6213881969451904,
      1.689039707183838,
      1.7566912174224854,
      1.8243427276611328,
      1.8919942378997803,
      1.9596457481384277,
      2.027297258377075,
      2.0949487686157227,
      2.16260027885437,
      2.2302517890930176,
      2.297903299331665,
      2.3655548095703125,
      2.43320631980896,
      2.5008578300476074,
      2.568509340286255,
      2.6361608505249023,
      2.70381236076355,
      2.7714638710021973,
      2.8391153812408447,
      2.906766891479492,
      2.9744184017181396,
      3.042069911956787,
      3.1097214221954346,
      3.177372932434082,
      3.2450244426727295,
      3.312675952911377,
      3.3803274631500244,
      3.447978973388672,
      3.5156304836273193,
      3.583281993865967,
      3.6509335041046143,
      3.7185850143432617,
      3.786236524581909,
      3.8538880348205566,
      3.921539545059204,
      3.9891910552978516,
      4.056842803955078,
      4.1244940757751465,
      4.192145347595215,
      4.259797096252441,
      4.327448844909668,
      4.395100116729736,
      4.462751388549805,
      4.530403137207031
    ]
  }
}