{
  "module": "block.3.attn.proj_lif",
  "state_shape": [
    64,
    384,
    8,
    8
  ],
  "time_steps": 1,
  "numel_sampled": 196608,
  "mean": -0.13490192592144012,
  "std": 0.8783244490623474,
  "min": -3.123337507247925,
  "max": 3.8631999492645264,
  "quantiles": {
    "0.00": -3.123337507247925,
    "0.01": -1.7524813413619995,
    "0.05": -1.357979416847229,
    "0.10": -1.1405479907989502,
    "0.25": -0.7558383941650391,
    "0.50": -0.29316583275794983,
    "0.75": 0.4003908038139343,
    "0.90": 1.1634689569473267,
    "0.95": 1.5319621562957764,
    "0.99": 2.132648468017578,
    "1.00": 3.8631999492645264
  },
  "histogram": {
    "counts": [
      1,
      0,
      1,
      1,
      2,
      1,
      2,
      1,
      1,
      4,
      4,
      14,
      7,
      18,
      22,
      40,
      61,
      73,
      98,
      134,
      176,
      220,
      256,
      337,
      438,
      542,
      645,
      800,
      991,
      1172,
      1493,
      1687,
      1829,
      2237,
      2492,
      2860,
      3117,
      3444,
      3751,
      4011,
      4456,
      4739,
      5059,
      5292,
      5627,
      5731,
      5972,
      5998,
      5920,
      6038,
      5801,
      5512,
      5253,
      5041,
      4693,
      4486,
      4251,
      3903,
      3744,
      3518,
      3248,
      3117,
      2889,
      2756,
      2541,
      2553,
      2446,
      2346,
      2232,
      2322,
      2159,
      2067,
      2131,
      1978,
      1956,
      1810,
      1759,
      1740,
      1624,
      1595,
      1531,
      1564,
      1429,
      1339,
      1281,
      1123,
      1081,
      1035,
      932,
      755,
      704,
      675,
      521,
      488,
      403,
      369,
      341,
      260,
      225,
      208,
      193,
      143,
      130,
      104,
      94,
      86,
      66,
      78,
      39,
      34,
      28,
      14,
      8,
      8,
      4,
      8,
      6,
      3,
      4,
      4,
      1,
      1,
      0,
      0,
      0,
      1,
      0,
      1
    ],
    "bin_edges": [
      -3.123337507247925,
      -3.0687551498413086,
      -3.0141727924346924,
      -2.959590435028076,
      -2.905008316040039,
      -2.850425958633423,
      -2.7958436012268066,
      -2.7412612438201904,
      -2.686678886413574,
      -2.632096529006958,
      -2.577514171600342,
      -2.5229320526123047,
      -2.4683496952056885,
      -2.4137673377990723,
      -2.359184980392456,
      -2.30460262298584,
      -2.2500202655792236,
      -2.1954379081726074,
      -2.1408557891845703,
      -2.086273431777954,
      -2.031691074371338,
      -1.9771087169647217,
      -1.9225263595581055,
      -1.8679440021514893,
      -1.8133617639541626,
      -1.7587794065475464,
      -1.7041970491409302,
      -1.6496148109436035,
      -1.5950324535369873,
      -1.540450096130371,
      -1.4858677387237549,
      -1.4312855005264282,
      -1.376703143119812,
      -1.3221207857131958,
      -1.2675385475158691,
      -1.212956190109253,
      -1.1583738327026367,
      -1.1037914752960205,
      -1.0492092370986938,
      -0.9946268796920776,
      -0.9400445222854614,
      -0.88546222448349,
      -0.8308799266815186,
      -0.7762975692749023,
      -0.7217152714729309,
      -0.6671329140663147,
      -0.6125506162643433,
      -0.557968258857727,
      -0.5033859610557556,
      -0.4488036334514618,
      -0.39422130584716797,
      -0.33963897824287415,
      -0.2850566506385803,
      -0.2304743379354477,
      -0.17589202523231506,
      -0.12130969762802124,
      -0.06672737002372742,
      -0.012145046144723892,
      0.04243727773427963,
      0.09701959788799286,
      0.15160192549228668,
      0.2061842530965805,
      0.26076656579971313,
      0.31534889340400696,
      0.3699312210083008,
      0.4245135486125946,
      0.4790958762168884,
      0.5336781740188599,
      0.5882605314254761,
      0.6428428292274475,
      0.6974251866340637,
      0.7520074844360352,
      0.8065898418426514,
      0.8611721396446228,
      0.9157544374465942,
      0.9703367948532104,
      1.0249191522598267,
      1.0795013904571533,
      1.1340837478637695,
      1.1886661052703857,
      1.243248462677002,
      1.2978307008743286,
      1.3524130582809448,
      1.406995415687561,
      1.4615776538848877,
      1.516160011291504,
      1.5707423686981201,
      1.6253247261047363,
      1.679906964302063,
      1.7344893217086792,
      1.7890716791152954,
      1.843653917312622,
      1.8982362747192383,
      1.9528186321258545,
      2.0074009895324707,
      2.061983346939087,
      2.116565704345703,
      2.1711478233337402,
      2.2257301807403564,
      2.2803125381469727,
      2.334894895553589,
      2.389477252960205,
      2.4440596103668213,
      2.4986419677734375,
      2.5532240867614746,
      2.607806444168091,
      2.662388801574707,
      2.7169711589813232,
      2.7715535163879395,
      2.8261358737945557,
      2.880718231201172,
      2.935300350189209,
      2.989882707595825,
      3.0444650650024414,
      3.0990474224090576,
      3.153629779815674,
      3.20821213722229,
      3.2627944946289062,
      3.3173766136169434,
      3.3719589710235596,
      3.426541328430176,
      3.481123685836792,
      3.535706043243408,
      3.5902884006500244,
      3.6448707580566406,
      3.6994528770446777,
      3.754035234451294,
      3.80861759185791,
      3.8631999492645264
    ]
  }
}