{
  "module": "block.2.attn.k_lif",
  "state_shape": [
    64,
    384,
    64
  ],
  "time_steps": 1,
  "numel_sampled": 196608,
  "mean": -0.027637923136353493,
  "std": 0.8354602456092834,
  "min": -3.4883811473846436,
  "max": 3.57564377784729,
  "quantiles": {
    "0.00": -3.4883811473846436,
    "0.01": -1.6983685493469238,
    "0.05": -1.2522724866867065,
    "0.10": -1.0205059051513672,
    "0.25": -0.6196027994155884,
    "0.50": -0.11411809921264648,
    "0.75": 0.4926486015319824,
    "0.90": 1.1250404119491577,
    "0.95": 1.4905281066894531,
    "0.99": 2.1366848945617676,
    "1.00": 3.57564377784729
  },
  "histogram": {
    "counts": [
      1,
      0,
      0,
      1,
      1,
      0,
      2,
      0,
      2,
      4,
      4,
      2,
      6,
      9,
      4,
      16,
      18,
      22,
      22,
      37,
      38,
      47,
      45,
      74,
      77,
      98,
      128,
      148,
      188,
      200,
      299,
      304,
      410,
      543,
      656,
      748,
      909,
      1089,
      1330,
      1511,
      1730,
      1977,
      2297,
      2622,
      2869,
      3209,
      3481,
      3839,
      4223,
      4423,
      4655,
      4920,
      5070,
      5183,
      5375,
      5530,
      5566,
      5390,
      5445,
      5402,
      5375,
      5313,
      5250,
      4891,
      4893,
      4739,
      4580,
      4390,
      4085,
      3892,
      3777,
      3630,
      3369,
      3269,
      3065,
      2862,
      2737,
      2669,
      2358,
      2321,
      2129,
      2068,
      1981,
      1869,
      1678,
      1715,
      1533,
      1371,
      1290,
      1237,
      1093,
      975,
      935,
      813,
      819,
      720,
      618,
      505,
      513,
      444,
      385,
      304,
      309,
      260,
      214,
      165,
      173,
      133,
      111,
      104,
      76,
      91,
      61,
      50,
      42,
      34,
      31,
      30,
      18,
      19,
      8,
      7,
      3,
      6,
      3,
      0,
      0,
      1
    ],
    "bin_edges": [
      -3.4883811473846436,
      -3.4331934452056885,
      -3.3780057430267334,
      -3.3228180408477783,
      -3.2676303386688232,
      -3.212442636489868,
      -3.157254934310913,
      -3.102067232131958,
      -3.046879529953003,
      -2.991691827774048,
      -2.9365041255950928,
      -2.8813164234161377,
      -2.8261287212371826,
      -2.7709410190582275,
      -2.7157533168792725,
      -2.6605656147003174,
      -2.6053781509399414,
      -2.5501904487609863,
      -2.4950027465820312,
      -2.439815044403076,
      -2.384627342224121,
      -2.329439640045166,
      -2.274251937866211,
      -2.219064235687256,
      -2.163876533508301,
      -2.1086888313293457,
      -2.0535011291503906,
      -1.9983134269714355,
      -1.9431257247924805,
      -1.8879380226135254,
      -1.8327503204345703,
      -1.7775626182556152,
      -1.7223749160766602,
      -1.667187213897705,
      -1.61199951171875,
      -1.556811809539795,
      -1.5016241073608398,
      -1.4464364051818848,
      -1.3912487030029297,
      -1.3360610008239746,
      -1.2808732986450195,
      -1.225685715675354,
      -1.170498013496399,
      -1.1153103113174438,
      -1.0601226091384888,
      -1.0049349069595337,
      -0.9497472047805786,
      -0.8945595026016235,
      -0.8393718004226685,
      -0.7841840982437134,
      -0.7289963960647583,
      -0.6738086938858032,
      -0.6186209917068481,
      -0.5634333491325378,
      -0.5082456469535828,
      -0.4530579447746277,
      -0.3978702425956726,
      -0.34268254041671753,
      -0.28749483823776245,
      -0.23230716586112976,
      -0.17711946368217468,
      -0.1219317689538002,
      -0.06674407422542572,
      -0.011556379497051239,
      0.04363131523132324,
      0.09881900995969772,
      0.1540067046880722,
      0.2091943919658661,
      0.26438209414482117,
      0.31956979632377625,
      0.37475746870040894,
      0.429945170879364,
      0.4851328730583191,
      0.5403205752372742,
      0.5955082774162292,
      0.6506959795951843,
      0.7058836221694946,
      0.7610713243484497,
      0.8162590265274048,
      0.8714467287063599,
      0.9266344308853149,
      0.98182213306427,
      1.037009835243225,
      1.0921975374221802,
      1.1473852396011353,
      1.2025729417800903,
      1.2577606439590454,
      1.3129483461380005,
      1.368135929107666,
      1.423323631286621,
      1.4785113334655762,
      1.5336990356445312,
      1.5888867378234863,
      1.6440744400024414,
      1.6992621421813965,
      1.7544498443603516,
      1.8096375465393066,
      1.8648252487182617,
      1.9200129508972168,
      1.9752006530761719,
      2.030388355255127,
      2.085576057434082,
      2.140763759613037,
      2.195951461791992,
      2.2511391639709473,
      2.3063268661499023,
      2.3615145683288574,
      2.4167022705078125,
      2.4718899726867676,
      2.5270776748657227,
      2.5822653770446777,
      2.637453079223633,
      2.692640781402588,
      2.747828245162964,
      2.803015947341919,
      2.858203649520874,
      2.913391351699829,
      2.968579053878784,
      3.0237667560577393,
      3.0789544582366943,
      3.1341421604156494,
      3.1893298625946045,
      3.2445175647735596,
      3.2997052669525146,
      3.3548929691314697,
      3.410080671310425,
      3.46526837348938,
      3.520456075668335,
      3.57564377784729
    ]
  }
}