{
  "module": "block.1.attn.proj_lif",
  "state_shape": [
    64,
    384,
    8,
    8
  ],
  "time_steps": 1,
  "numel_sampled": 196608,
  "mean": -0.06902294605970383,
  "std": 0.7821091413497925,
  "min": -3.516606330871582,
  "max": 3.859445095062256,
  "quantiles": {
    "0.00": -3.516606330871582,
    "0.01": -1.8191707134246826,
    "0.05": -1.3224036693572998,
    "0.10": -1.0562820434570312,
    "0.25": -0.6049983501434326,
    "0.50": -0.08948221802711487,
    "0.75": 0.45079919695854187,
    "0.90": 0.9463359713554382,
    "0.95": 1.2448962926864624,
    "0.99": 1.818434476852417,
    "1.00": 3.859445095062256
  },
  "histogram": {
    "counts": [
      1,
      0,
      1,
      0,
      1,
      1,
      1,
      4,
      2,
      2,
      5,
      5,
      7,
      10,
      12,
      12,
      23,
      23,
      35,
      47,
      59,
      68,
      108,
      110,
      165,
      203,
      245,
      277,
      362,
      415,
      532,
      598,
      686,
      824,
      976,
      1165,
      1265,
      1462,
      1730,
      1912,
      2143,
      2356,
      2592,
      3001,
      3132,
      3528,
      3709,
      3954,
      4276,
      4671,
      4705,
      5006,
      5211,
      5394,
      5610,
      5586,
      5752,
      5781,
      5895,
      5695,
      5768,
      5596,
      5452,
      5331,
      5284,
      5058,
      4920,
      4783,
      4605,
      4293,
      4055,
      3805,
      3719,
      3277,
      3008,
      2856,
      2669,
      2434,
      2210,
      1951,
      1844,
      1589,
      1450,
      1258,
      1103,
      959,
      869,
      762,
      667,
      606,
      480,
      408,
      355,
      312,
      273,
      215,
      163,
      133,
      149,
      109,
      81,
      89,
      77,
      44,
      38,
      31,
      16,
      25,
      17,
      18,
      12,
      9,
      6,
      2,
      1,
      2,
      3,
      2,
      1,
      2,
      0,
      1,
      0,
      0,
      1,
      0,
      0,
      1
    ],
    "bin_edges": [
      -3.516606330871582,
      -3.4589810371398926,
      -3.401355504989624,
      -3.3437302112579346,
      -3.286104679107666,
      -3.2284793853759766,
      -3.170853853225708,
      -3.1132285594940186,
      -3.05560302734375,
      -2.9979777336120605,
      -2.940352201461792,
      -2.8827269077301025,
      -2.825101613998413,
      -2.7674760818481445,
      -2.709850788116455,
      -2.6522252559661865,
      -2.594599962234497,
      -2.5369744300842285,
      -2.479349136352539,
      -2.4217236042022705,
      -2.364098310470581,
      -2.3064727783203125,
      -2.248847484588623,
      -2.1912221908569336,
      -2.133596658706665,
      -2.0759713649749756,
      -2.018345832824707,
      -1.9607205390930176,
      -1.9030951261520386,
      -1.8454697132110596,
      -1.7878443002700806,
      -1.7302188873291016,
      -1.6725934743881226,
      -1.6149680614471436,
      -1.5573426485061646,
      -1.4997172355651855,
      -1.4420918226242065,
      -1.3844664096832275,
      -1.326841115951538,
      -1.269215703010559,
      -1.21159029006958,
      -1.153964877128601,
      -1.096339464187622,
      -1.038714051246643,
      -0.9810886383056641,
      -0.9234632253646851,
      -0.8658378720283508,
      -0.8082124590873718,
      -0.7505870461463928,
      -0.6929616332054138,
      -0.6353362202644348,
      -0.5777108669281006,
      -0.5200854539871216,
      -0.4624600410461426,
      -0.4048346281051636,
      -0.34720924496650696,
      -0.28958383202552795,
      -0.23195843398571014,
      -0.17433303594589233,
      -0.11670762300491333,
      -0.05908222496509552,
      -0.0014568231999874115,
      0.0561685785651207,
      0.1137939840555191,
      0.17141938209533691,
      0.22904478013515472,
      0.28667017817497253,
      0.34429559111595154,
      0.40192097425460815,
      0.45954638719558716,
      0.5171718001365662,
      0.5747972130775452,
      0.6324225664138794,
      0.6900479793548584,
      0.7476733922958374,
      0.8052988052368164,
      0.8629242181777954,
      0.9205496311187744,
      0.9781749844551086,
      1.0358004570007324,
      1.0934257507324219,
      1.1510511636734009,
      1.2086765766143799,
      1.2663019895553589,
      1.323927402496338,
      1.381552815437317,
      1.439178228378296,
      1.496803641319275,
      1.554429054260254,
      1.612054467201233,
      1.669679880142212,
      1.7273051738739014,
      1.7849305868148804,
      1.8425559997558594,
      1.9001814126968384,
      1.9578068256378174,
      2.015432357788086,
      2.0730576515197754,
      2.130682945251465,
      2.1883084774017334,
      2.245933771133423,
      2.3035593032836914,
      2.361184597015381,
      2.4188101291656494,
      2.476435422897339,
      2.5340609550476074,
      2.591686248779297,
      2.6493115425109863,
      2.706937074661255,
      2.7645623683929443,
      2.822187900543213,
      2.8798131942749023,
      2.937438726425171,
      2.9950640201568604,
      3.052689552307129,
      3.1103148460388184,
      3.167940378189087,
      3.2255656719207764,
      3.283190965652466,
      3.3408164978027344,
      3.398441791534424,
      3.4560673236846924,
      3.513692617416382,
      3.5713181495666504,
      3.62894344329834,
      3.6865689754486084,
      3.744194269180298,
      3.8018198013305664,
      3.859445095062256
    ]
  }
}