{
  "module": "block.1.mlp.mlp1_lif",
  "state_shape": [
    64,
    384,
    8,
    8
  ],
  "time_steps": 1,
  "numel_sampled": 196608,
  "mean": 0.010822001844644547,
  "std": 0.9469411969184875,
  "min": -4.171205520629883,
  "max": 4.517743110656738,
  "quantiles": {
    "0.00": -4.171205520629883,
    "0.01": -2.105457067489624,
    "0.05": -1.495100736618042,
    "0.10": -1.1779364347457886,
    "0.25": -0.6461831331253052,
    "0.50": -0.013099007308483124,
    "0.75": 0.640745997428894,
    "0.90": 1.2449078559875488,
    "0.95": 1.606806993484497,
    "0.99": 2.3049943447113037,
    "1.00": 4.517743110656738
  },
  "histogram": {
    "counts": [
      1,
      0,
      0,
      1,
      2,
      3,
      0,
      3,
      1,
      3,
      3,
      6,
      6,
      12,
      9,
      16,
      19,
      38,
      26,
      42,
      51,
      75,
      92,
      112,
      133,
      160,
      198,
      232,
      261,
      306,
      399,
      455,
      547,
      666,
      787,
      879,
      1084,
      1249,
      1365,
      1474,
      1771,
      1989,
      2281,
      2633,
      2785,
      3124,
      3285,
      3590,
      4007,
      4202,
      4397,
      4694,
      4878,
      4966,
      4974,
      5272,
      5300,
      5459,
      5477,
      5495,
      5610,
      5585,
      5490,
      5608,
      5311,
      5176,
      5080,
      5017,
      4765,
      4604,
      4398,
      4240,
      3906,
      3846,
      3580,
      3154,
      3079,
      2800,
      2556,
      2311,
      2316,
      1970,
      1781,
      1651,
      1467,
      1318,
      1170,
      995,
      926,
      815,
      653,
      603,
      560,
      460,
      397,
      358,
      318,
      246,
      236,
      187,
      141,
      128,
      111,
      68,
      65,
      46,
      45,
      32,
      26,
      21,
      16,
      17,
      15,
      3,
      6,
      10,
      3,
      3,
      3,
      1,
      0,
      2,
      2,
      1,
      1,
      1,
      1,
      2
    ],
    "bin_edges": [
      -4.171205520629883,
      -4.103322982788086,
      -4.035440921783447,
      -3.9675583839416504,
      -3.8996758460998535,
      -3.8317935466766357,
      -3.763911008834839,
      -3.696028709411621,
      -3.628146171569824,
      -3.5602638721466064,
      -3.4923813343048096,
      -3.424499034881592,
      -3.356616497039795,
      -3.288734197616577,
      -3.2208516597747803,
      -3.1529693603515625,
      -3.0850868225097656,
      -3.017204523086548,
      -2.94932222366333,
      -2.881439685821533,
      -2.8135573863983154,
      -2.7456748485565186,
      -2.677792549133301,
      -2.609910011291504,
      -2.542027711868286,
      -2.4741451740264893,
      -2.4062628746032715,
      -2.3383803367614746,
      -2.270498037338257,
      -2.20261549949646,
      -2.134733200073242,
      -2.0668506622314453,
      -1.9989683628082275,
      -1.9310859441757202,
      -1.863203525543213,
      -1.7953211069107056,
      -1.7274386882781982,
      -1.659556269645691,
      -1.5916738510131836,
      -1.5237914323806763,
      -1.455909013748169,
      -1.3880267143249512,
      -1.3201442956924438,
      -1.2522618770599365,
      -1.1843794584274292,
      -1.1164970397949219,
      -1.0486146211624146,
      -0.9807322025299072,
      -0.9128497838973999,
      -0.8449673652648926,
      -0.7770849466323853,
      -0.7092025279998779,
      -0.6413201093673706,
      -0.5734377503395081,
      -0.5055553317070007,
      -0.4376729130744934,
      -0.3697904944419861,
      -0.30190807580947876,
      -0.23402567207813263,
      -0.1661432683467865,
      -0.09826084971427917,
      -0.030378438532352448,
      0.03750397264957428,
      0.10538638383150101,
      0.17326879501342773,
      0.24115121364593506,
      0.3090336322784424,
      0.3769160211086273,
      0.44479843974113464,
      0.5126808285713196,
      0.5805632472038269,
      0.6484456658363342,
      0.7163280844688416,
      0.7842105031013489,
      0.8520929217338562,
      0.9199753403663635,
      0.9878576993942261,
      1.0557401180267334,
      1.1236225366592407,
      1.191504955291748,
      1.2593873739242554,
      1.3272697925567627,
      1.39515221118927,
      1.4630346298217773,
      1.5309170484542847,
      1.598799467086792,
      1.6666818857192993,
      1.7345643043518066,
      1.8024466037750244,
      1.8703290224075317,
      1.938211441040039,
      2.006093978881836,
      2.0739762783050537,
      2.1418588161468506,
      2.2097411155700684,
      2.2776236534118652,
      2.345505952835083,
      2.413388252258301,
      2.4812707901000977,
      2.5491530895233154,
      2.6170356273651123,
      2.68491792678833,
      2.752800464630127,
      2.8206827640533447,
      2.8885653018951416,
      2.9564476013183594,
      3.0243301391601562,
      3.092212438583374,
      3.160094976425171,
      3.2279772758483887,
      3.2958598136901855,
      3.3637421131134033,
      3.431624412536621,
      3.499506950378418,
      3.5673892498016357,
      3.6352717876434326,
      3.7031540870666504,
      3.7710366249084473,
      3.838918924331665,
      3.906801462173462,
      3.9746837615966797,
      4.042566299438477,
      4.110448837280273,
      4.178330898284912,
      4.246213436126709,
      4.314095973968506,
      4.381978511810303,
      4.449860572814941,
      4.517743110656738
    ]
  }
}