{
  "module": "block.0.attn.v_lif",
  "state_shape": [
    64,
    384,
    64
  ],
  "time_steps": 1,
  "numel_sampled": 196608,
  "mean": 0.18685604631900787,
  "std": 0.9256296753883362,
  "min": -4.339111804962158,
  "max": 5.6472907066345215,
  "quantiles": {
    "0.00": -4.339111804962158,
    "0.01": -1.9241597652435303,
    "0.05": -1.2859135866165161,
    "0.10": -0.9658925533294678,
    "0.25": -0.4325752258300781,
    "0.50": 0.16674354672431946,
    "0.75": 0.7813888788223267,
    "0.90": 1.362589955329895,
    "0.95": 1.7429956197738647,
    "0.99": 2.4861907958984375,
    "1.00": 5.6472907066345215
  },
  "histogram": {
    "counts": [
      2,
      2,
      1,
      1,
      4,
      1,
      3,
      3,
      4,
      4,
      4,
      5,
      10,
      9,
      13,
      19,
      20,
      30,
      27,
      42,
      47,
      73,
      74,
      84,
      104,
      106,
      159,
      193,
      238,
      335,
      371,
      514,
      584,
      675,
      797,
      946,
      1135,
      1347,
      1624,
      1780,
      2236,
      2471,
      2850,
      3112,
      3544,
      3860,
      4150,
      4727,
      5011,
      5414,
      5747,
      6039,
      6201,
      6240,
      6653,
      6576,
      6882,
      6893,
      6804,
      6694,
      6548,
      6384,
      6176,
      5870,
      5627,
      5200,
      4884,
      4571,
      4330,
      3947,
      3587,
      3274,
      2851,
      2516,
      2275,
      1974,
      1714,
      1616,
      1380,
      1235,
      1041,
      947,
      848,
      665,
      576,
      522,
      405,
      364,
      322,
      247,
      184,
      171,
      160,
      100,
      119,
      79,
      61,
      77,
      60,
      39,
      30,
      25,
      20,
      18,
      11,
      19,
      10,
      12,
      2,
      5,
      2,
      5,
      0,
      2,
      1,
      2,
      0,
      1,
      0,
      1,
      0,
      1,
      0,
      0,
      0,
      0,
      0,
      1
    ],
    "bin_edges": [
      -4.339111804962158,
      -4.2610931396484375,
      -4.183074474334717,
      -4.105055332183838,
      -4.027036666870117,
      -3.9490180015563965,
      -3.8709990978240967,
      -3.792980432510376,
      -3.714961528778076,
      -3.6369428634643555,
      -3.5589241981506348,
      -3.480905294418335,
      -3.4028866291046143,
      -3.3248677253723145,
      -3.2468490600585938,
      -3.168830156326294,
      -3.0908114910125732,
      -3.0127928256988525,
      -2.9347739219665527,
      -2.856755256652832,
      -2.7787363529205322,
      -2.7007176876068115,
      -2.6226987838745117,
      -2.544680118560791,
      -2.4666614532470703,
      -2.3886425495147705,
      -2.31062388420105,
      -2.23260498046875,
      -2.1545863151550293,
      -2.0765674114227295,
      -1.9985487461090088,
      -1.9205299615859985,
      -1.8425111770629883,
      -1.764492392539978,
      -1.6864736080169678,
      -1.6084548234939575,
      -1.5304360389709473,
      -1.4524173736572266,
      -1.3743985891342163,
      -1.296379804611206,
      -1.2183610200881958,
      -1.1403422355651855,
      -1.0623234510421753,
      -0.9843047261238098,
      -0.9062859416007996,
      -0.8282671570777893,
      -0.7502484321594238,
      -0.6722296476364136,
      -0.5942108631134033,
      -0.5161920785903931,
      -0.4381733238697052,
      -0.36015456914901733,
      -0.2821357846260071,
      -0.20411701500415802,
      -0.12609824538230896,
      -0.0480794757604599,
      0.02993929386138916,
      0.10795806348323822,
      0.18597683310508728,
      0.26399558782577515,
      0.3420143723487854,
      0.42003315687179565,
      0.4980519115924835,
      0.5760706663131714,
      0.6540894508361816,
      0.7321082353591919,
      0.8101270198822021,
      0.8881457448005676,
      0.9661645293235779,
      1.0441832542419434,
      1.1222020387649536,
      1.2002208232879639,
      1.2782396078109741,
      1.3562583923339844,
      1.4342771768569946,
      1.5122959613800049,
      1.5903146266937256,
      1.6683334112167358,
      1.746352195739746,
      1.8243709802627563,
      1.9023897647857666,
      1.9804085493087769,
      2.058427333831787,
      2.136445999145508,
      2.2144649028778076,
      2.2924835681915283,
      2.370502471923828,
      2.448521137237549,
      2.5265398025512695,
      2.6045587062835693,
      2.68257737159729,
      2.76059627532959,
      2.8386149406433105,
      2.9166338443756104,
      2.994652509689331,
      3.072671413421631,
      3.1506900787353516,
      3.2287087440490723,
      3.306727647781372,
      3.3847463130950928,
      3.4627652168273926,
      3.5407838821411133,
      3.618802785873413,
      3.696821451187134,
      3.7748403549194336,
      3.8528590202331543,
      3.930877685546875,
      4.008896350860596,
      4.086915493011475,
      4.164934158325195,
      4.242952823638916,
      4.320971488952637,
      4.398990631103516,
      4.477009296417236,
      4.555027961730957,
      4.633046627044678,
      4.711065292358398,
      4.789084434509277,
      4.867103099822998,
      4.945121765136719,
      5.0231404304504395,
      5.10115909576416,
      5.179178237915039,
      5.25719690322876,
      5.3352155685424805,
      5.413234233856201,
      5.49125337600708,
      5.569272041320801,
      5.6472907066345215
    ]
  }
}