{
  "module": "block.1.attn.q_lif",
  "state_shape": [
    64,
    384,
    64
  ],
  "time_steps": 1,
  "numel_sampled": 196608,
  "mean": 0.19539274275302887,
  "std": 0.9083849191665649,
  "min": -4.839101314544678,
  "max": 5.312256813049316,
  "quantiles": {
    "0.00": -4.839101314544678,
    "0.01": -1.9219146966934204,
    "0.05": -1.2565170526504517,
    "0.10": -0.9340619444847107,
    "0.25": -0.40933459997177124,
    "0.50": 0.18182694911956787,
    "0.75": 0.7883253693580627,
    "0.90": 1.3519951105117798,
    "0.95": 1.6931260824203491,
    "0.99": 2.397552967071533,
    "1.00": 5.312256813049316
  },
  "histogram": {
    "counts": [
      1,
      0,
      1,
      2,
      1,
      3,
      1,
      1,
      1,
      9,
      4,
      5,
      3,
      4,
      8,
      6,
      4,
      11,
      23,
      14,
      18,
      21,
      19,
      37,
      40,
      43,
      50,
      72,
      87,
      97,
      92,
      133,
      141,
      181,
      257,
      290,
      363,
      482,
      507,
      666,
      807,
      941,
      1133,
      1367,
      1583,
      1803,
      2153,
      2491,
      2965,
      3166,
      3613,
      4040,
      4422,
      4822,
      5314,
      5651,
      5908,
      6340,
      6523,
      6675,
      6783,
      6899,
      7005,
      7009,
      6930,
      6875,
      6861,
      6378,
      6151,
      5842,
      5556,
      5340,
      4803,
      4487,
      4116,
      3859,
      3379,
      3065,
      2791,
      2526,
      2150,
      1885,
      1678,
      1441,
      1187,
      964,
      819,
      752,
      612,
      521,
      466,
      354,
      307,
      227,
      211,
      161,
      135,
      112,
      96,
      88,
      75,
      61,
      55,
      29,
      23,
      19,
      18,
      23,
      13,
      13,
      10,
      9,
      2,
      4,
      2,
      1,
      3,
      2,
      5,
      1,
      2,
      0,
      0,
      0,
      0,
      1,
      0,
      1
    ],
    "bin_edges": [
      -4.839101314544678,
      -4.759793758392334,
      -4.68048620223999,
      -4.6011786460876465,
      -4.521871566772461,
      -4.442564010620117,
      -4.363256454467773,
      -4.28394889831543,
      -4.204641342163086,
      -4.125333786010742,
      -4.046026706695557,
      -3.966718912124634,
      -3.887411594390869,
      -3.8081040382385254,
      -3.7287964820861816,
      -3.649489164352417,
      -3.5701816082000732,
      -3.4908740520477295,
      -3.411566734313965,
      -3.332259178161621,
      -3.2529516220092773,
      -3.1736443042755127,
      -3.094336748123169,
      -3.015029191970825,
      -2.9357218742370605,
      -2.856414318084717,
      -2.777106761932373,
      -2.6977992057800293,
      -2.6184918880462646,
      -2.539184331893921,
      -2.459876775741577,
      -2.3805694580078125,
      -2.3012619018554688,
      -2.221954345703125,
      -2.1426470279693604,
      -2.0633394718170166,
      -1.9840319156646729,
      -1.9047244787216187,
      -1.8254170417785645,
      -1.7461094856262207,
      -1.6668020486831665,
      -1.5874946117401123,
      -1.5081870555877686,
      -1.4288796186447144,
      -1.3495721817016602,
      -1.2702646255493164,
      -1.1909571886062622,
      -1.1116496324539185,
      -1.0323421955108643,
      -0.9530346989631653,
      -0.8737272024154663,
      -0.7944197654724121,
      -0.7151122689247131,
      -0.6358047723770142,
      -0.55649733543396,
      -0.477189838886261,
      -0.397882342338562,
      -0.31857484579086304,
      -0.23926737904548645,
      -0.15995989739894867,
      -0.08065241575241089,
      -0.001344934105873108,
      0.07796254754066467,
      0.15727002918720245,
      0.23657798767089844,
      0.3158854842185974,
      0.395192950963974,
      0.4745004177093506,
      0.5538079142570496,
      0.6331154108047485,
      0.7124228477478027,
      0.7917303442955017,
      0.8710378408432007,
      0.9503453373908997,
      1.0296528339385986,
      1.1089602708816528,
      1.188267707824707,
      1.2675752639770508,
      1.346882700920105,
      1.4261902570724487,
      1.505497694015503,
      1.5848051309585571,
      1.6641126871109009,
      1.743420124053955,
      1.8227276802062988,
      1.902035117149353,
      1.9813425540924072,
      2.060650110244751,
      2.1399574279785156,
      2.2192649841308594,
      2.298572540283203,
      2.377880096435547,
      2.4571874141693115,
      2.5364949703216553,
      2.615802526473999,
      2.6951098442077637,
      2.7744174003601074,
      2.853724956512451,
      2.933032274246216,
      3.0123398303985596,
      3.0916473865509033,
      3.170954704284668,
      3.2502622604370117,
      3.3295698165893555,
      3.408877372741699,
      3.488184690475464,
      3.5674922466278076,
      3.6467998027801514,
      3.726107120513916,
      3.8054146766662598,
      3.8847222328186035,
      3.964029550552368,
      4.043336868286133,
      4.122644424438477,
      4.20195198059082,
      4.281259536743164,
      4.360567092895508,
      4.439874649047852,
      4.519182205200195,
      4.598489284515381,
      4.677796840667725,
      4.757104396820068,
      4.836411952972412,
      4.915719509124756,
      4.9950270652771,
      5.074334144592285,
      5.153641700744629,
      5.232949256896973,
      5.312256813049316
    ]
  }
}