{
  "module": "block.0.attn.q_lif",
  "state_shape": [
    64,
    384,
    64
  ],
  "time_steps": 1,
  "numel_sampled": 196608,
  "mean": -0.013658600859344006,
  "std": 0.8134737610816956,
  "min": -3.7297987937927246,
  "max": 4.506429672241211,
  "quantiles": {
    "0.00": -3.7297987937927246,
    "0.01": -1.8731555938720703,
    "0.05": -1.320451259613037,
    "0.10": -1.032963752746582,
    "0.25": -0.559847891330719,
    "0.50": -0.031209539622068405,
    "0.75": 0.5159583687782288,
    "0.90": 1.033616065979004,
    "0.95": 1.3510329723358154,
    "0.99": 1.966115117073059,
    "1.00": 4.506429672241211
  },
  "histogram": {
    "counts": [
      1,
      2,
      1,
      2,
      2,
      1,
      2,
      2,
      7,
      4,
      8,
      9,
      15,
      13,
      17,
      15,
      24,
      33,
      51,
      69,
      78,
      93,
      99,
      142,
      179,
      213,
      250,
      322,
      379,
      427,
      527,
      633,
      766,
      931,
      1081,
      1310,
      1426,
      1661,
      1849,
      2113,
      2437,
      2728,
      3044,
      3395,
      3734,
      3936,
      4310,
      4599,
      4871,
      5191,
      5435,
      5736,
      5880,
      6178,
      6283,
      6381,
      6378,
      6337,
      6352,
      6130,
      6090,
      5953,
      5701,
      5401,
      5283,
      5009,
      4796,
      4318,
      4086,
      3828,
      3461,
      3243,
      2951,
      2665,
      2473,
      2184,
      1998,
      1745,
      1567,
      1371,
      1201,
      1036,
      945,
      775,
      704,
      615,
      516,
      435,
      352,
      290,
      256,
      218,
      170,
      153,
      155,
      115,
      92,
      64,
      61,
      46,
      41,
      28,
      14,
      18,
      13,
      16,
      13,
      7,
      8,
      7,
      2,
      8,
      8,
      2,
      2,
      0,
      1,
      1,
      1,
      0,
      1,
      1,
      1,
      0,
      0,
      0,
      0,
      1
    ],
    "bin_edges": [
      -3.7297987937927246,
      -3.6654531955718994,
      -3.601107597351074,
      -3.536762237548828,
      -3.472416639328003,
      -3.4080710411071777,
      -3.3437256813049316,
      -3.2793800830841064,
      -3.2150344848632812,
      -3.150688886642456,
      -3.086343288421631,
      -3.0219979286193848,
      -2.9576523303985596,
      -2.8933067321777344,
      -2.8289613723754883,
      -2.764615774154663,
      -2.700270175933838,
      -2.6359245777130127,
      -2.5715789794921875,
      -2.5072336196899414,
      -2.442888021469116,
      -2.378542423248291,
      -2.314197063446045,
      -2.2498514652252197,
      -2.1855058670043945,
      -2.1211602687835693,
      -2.056814670562744,
      -1.992469310760498,
      -1.9281237125396729,
      -1.8637781143188477,
      -1.799432635307312,
      -1.7350871562957764,
      -1.6707415580749512,
      -1.606395959854126,
      -1.5420504808425903,
      -1.4777050018310547,
      -1.4133594036102295,
      -1.3490138053894043,
      -1.2846683263778687,
      -1.220322847366333,
      -1.1559772491455078,
      -1.0916316509246826,
      -1.027286171913147,
      -0.9629406332969666,
      -0.8985950946807861,
      -0.8342495560646057,
      -0.7699040174484253,
      -0.7055584788322449,
      -0.6412129402160645,
      -0.576867401599884,
      -0.5125218629837036,
      -0.4481763243675232,
      -0.3838307857513428,
      -0.31948524713516235,
      -0.25513970851898193,
      -0.1907941699028015,
      -0.1264486312866211,
      -0.062103092670440674,
      0.002242445945739746,
      0.06658798456192017,
      0.13093352317810059,
      0.195279061794281,
      0.2596246004104614,
      0.32397013902664185,
      0.38831520080566406,
      0.4526607394218445,
      0.5170062780380249,
      0.5813518166542053,
      0.6456973552703857,
      0.7100428938865662,
      0.7743884325027466,
      0.838733971118927,
      0.9030795097351074,
      0.9674250483512878,
      1.0317705869674683,
      1.096116065979004,
      1.160461664199829,
      1.2248072624206543,
      1.28915274143219,
      1.3534982204437256,
      1.4178438186645508,
      1.482189416885376,
      1.5465348958969116,
      1.6108803749084473,
      1.6752259731292725,
      1.7395715713500977,
      1.8039170503616333,
      1.868262529373169,
      1.9326081275939941,
      1.9969537258148193,
      2.0612993240356445,
      2.1256446838378906,
      2.189990282058716,
      2.254335880279541,
      2.318681240081787,
      2.3830268383026123,
      2.4473724365234375,
      2.5117180347442627,
      2.576063632965088,
      2.640408992767334,
      2.704754590988159,
      2.7691001892089844,
      2.8334455490112305,
      2.8977911472320557,
      2.962136745452881,
      3.026482343673706,
      3.0908279418945312,
      3.1551733016967773,
      3.2195188999176025,
      3.2838644981384277,
      3.348209857940674,
      3.412555456161499,
      3.476901054382324,
      3.5412466526031494,
      3.6055922508239746,
      3.6699376106262207,
      3.734283208847046,
      3.798628807067871,
      3.862974166870117,
      3.9273197650909424,
      3.9916653633117676,
      4.056010723114014,
      4.120356559753418,
      4.184701919555664,
      4.24904727935791,
      4.3133931159973145,
      4.3777384757995605,
      4.442084312438965,
      4.506429672241211
    ]
  }
}