{
  "module": "block.2.attn.v_lif",
  "state_shape": [
    64,
    384,
    64
  ],
  "time_steps": 1,
  "numel_sampled": 196608,
  "mean": 0.07745839655399323,
  "std": 0.8656280636787415,
  "min": -3.5045876502990723,
  "max": 3.7231881618499756,
  "quantiles": {
    "0.00": -3.5045876502990723,
    "0.01": -1.730072021484375,
    "0.05": -1.2463767528533936,
    "0.10": -0.9884405732154846,
    "0.25": -0.5414427518844604,
    "0.50": 0.019200950860977173,
    "0.75": 0.6592024564743042,
    "0.90": 1.2379672527313232,
    "0.95": 1.5698530673980713,
    "0.99": 2.216919422149658,
    "1.00": 3.7231881618499756
  },
  "histogram": {
    "counts": [
      1,
      0,
      0,
      1,
      1,
      3,
      1,
      4,
      2,
      4,
      4,
      7,
      5,
      15,
      10,
      19,
      5,
      24,
      27,
      28,
      47,
      62,
      80,
      100,
      93,
      124,
      140,
      175,
      218,
      277,
      333,
      381,
      518,
      563,
      773,
      795,
      981,
      1107,
      1323,
      1592,
      1697,
      1963,
      2295,
      2416,
      2659,
      2931,
      3256,
      3656,
      3757,
      4029,
      4087,
      4381,
      4657,
      4601,
      4821,
      4987,
      4960,
      5104,
      5077,
      5085,
      4986,
      5041,
      4921,
      4936,
      4733,
      4722,
      4520,
      4570,
      4256,
      4149,
      4023,
      3948,
      3739,
      3607,
      3412,
      3326,
      3339,
      3053,
      3027,
      2843,
      2609,
      2462,
      2386,
      2101,
      2036,
      1853,
      1713,
      1562,
      1458,
      1343,
      1199,
      1027,
      911,
      822,
      726,
      689,
      547,
      494,
      439,
      408,
      332,
      326,
      254,
      215,
      205,
      169,
      148,
      129,
      129,
      95,
      85,
      78,
      56,
      43,
      41,
      32,
      16,
      13,
      9,
      10,
      10,
      5,
      4,
      1,
      1,
      1,
      1,
      2
    ],
    "bin_edges": [
      -3.5045876502990723,
      -3.448120594024658,
      -3.391653537750244,
      -3.335186719894409,
      -3.278719663619995,
      -3.222252607345581,
      -3.165785789489746,
      -3.109318733215332,
      -3.052851676940918,
      -2.996384620666504,
      -2.93991756439209,
      -2.883450746536255,
      -2.826983690261841,
      -2.7705166339874268,
      -2.714049816131592,
      -2.6575827598571777,
      -2.6011157035827637,
      -2.5446486473083496,
      -2.4881815910339355,
      -2.4317147731781006,
      -2.3752477169036865,
      -2.3187806606292725,
      -2.2623138427734375,
      -2.2058467864990234,
      -2.1493797302246094,
      -2.0929126739501953,
      -2.0364456176757812,
      -1.9799787998199463,
      -1.9235117435455322,
      -1.8670446872711182,
      -1.8105777502059937,
      -1.7541108131408691,
      -1.697643756866455,
      -1.641176700592041,
      -1.5847097635269165,
      -1.528242826461792,
      -1.471775770187378,
      -1.4153087139129639,
      -1.3588417768478394,
      -1.3023748397827148,
      -1.2459077835083008,
      -1.1894407272338867,
      -1.1329737901687622,
      -1.0765068531036377,
      -1.0200397968292236,
      -0.9635728001594543,
      -0.9071058034896851,
      -0.8506388068199158,
      -0.7941718101501465,
      -0.7377048134803772,
      -0.6812378168106079,
      -0.6247708201408386,
      -0.5683038234710693,
      -0.5118368268013,
      -0.45536983013153076,
      -0.3989028334617615,
      -0.3424358367919922,
      -0.2859688401222229,
      -0.2295018434524536,
      -0.17303484678268433,
      -0.11656785011291504,
      -0.06010085344314575,
      -0.003633856773376465,
      0.05283313989639282,
      0.10930037498474121,
      0.1657673716545105,
      0.22223436832427979,
      0.2787013649940491,
      0.33516836166381836,
      0.39163535833358765,
      0.44810235500335693,
      0.5045693516731262,
      0.5610363483428955,
      0.6175033450126648,
      0.6739703416824341,
      0.7304373383522034,
      0.7869043350219727,
      0.8433713316917419,
      0.8998383283615112,
      0.9563053250312805,
      1.0127723217010498,
      1.0692393779754639,
      1.1257063150405884,
      1.182173252105713,
      1.238640308380127,
      1.295107364654541,
      1.3515743017196655,
      1.40804123878479,
      1.464508295059204,
      1.5209753513336182,
      1.5774422883987427,
      1.6339092254638672,
      1.6903762817382812,
      1.7468433380126953,
      1.8033102750778198,
      1.8597772121429443,
      1.9162442684173584,
      1.9727113246917725,
      2.0291781425476074,
      2.0856451988220215,
      2.1421122550964355,
      2.1985793113708496,
      2.2550463676452637,
      2.3115131855010986,
      2.3679802417755127,
      2.4244472980499268,
      2.4809141159057617,
      2.537381172180176,
      2.59384822845459,
      2.650315284729004,
      2.706782341003418,
      2.763249158859253,
      2.819716215133667,
      2.876183271408081,
      2.932650089263916,
      2.98911714553833,
      3.045584201812744,
      3.102051258087158,
      3.1585183143615723,
      3.2149851322174072,
      3.2714521884918213,
      3.3279192447662354,
      3.3843860626220703,
      3.4408531188964844,
      3.4973201751708984,
      3.5537872314453125,
      3.6102542877197266,
      3.6667211055755615,
      3.7231881618499756
    ]
  }
}