{
  "module": "block.2.mlp.mlp1_lif",
  "state_shape": [
    64,
    384,
    8,
    8
  ],
  "time_steps": 1,
  "numel_sampled": 196608,
  "mean": 0.01119070965796709,
  "std": 0.925294816493988,
  "min": -3.493398427963257,
  "max": 3.409670352935791,
  "quantiles": {
    "0.00": -3.493398427963257,
    "0.01": -1.9328868389129639,
    "0.05": -1.4376872777938843,
    "0.10": -1.1617556810379028,
    "0.25": -0.6609694361686707,
    "0.50": -0.026145489886403084,
    "0.75": 0.6546289324760437,
    "0.90": 1.248068928718567,
    "0.95": 1.583511233329773,
    "0.99": 2.18137788772583,
    "1.00": 3.409670352935791
  },
  "histogram": {
    "counts": [
      1,
      0,
      2,
      1,
      1,
      1,
      1,
      4,
      3,
      6,
      9,
      10,
      9,
      21,
      23,
      28,
      18,
      38,
      46,
      50,
      79,
      116,
      122,
      133,
      184,
      184,
      251,
      285,
      367,
      400,
      514,
      674,
      721,
      794,
      917,
      1110,
      1199,
      1346,
      1487,
      1715,
      1884,
      2102,
      2253,
      2374,
      2566,
      2816,
      3070,
      3170,
      3311,
      3401,
      3667,
      3642,
      3896,
      3943,
      4085,
      4058,
      4208,
      4125,
      4165,
      4401,
      4317,
      4346,
      4327,
      4106,
      4275,
      4178,
      4093,
      4226,
      4036,
      4010,
      4016,
      3921,
      3721,
      3608,
      3590,
      3545,
      3431,
      3374,
      3120,
      3016,
      2979,
      2781,
      2714,
      2468,
      2485,
      2269,
      2071,
      2090,
      1835,
      1746,
      1708,
      1512,
      1428,
      1255,
      1150,
      1054,
      1002,
      842,
      774,
      701,
      605,
      522,
      527,
      404,
      383,
      297,
      271,
      264,
      221,
      191,
      161,
      120,
      104,
      78,
      74,
      60,
      53,
      32,
      26,
      26,
      22,
      12,
      10,
      4,
      3,
      3,
      0,
      8
    ],
    "bin_edges": [
      -3.493398427963257,
      -3.4394681453704834,
      -3.385538101196289,
      -3.3316078186035156,
      -3.277677536010742,
      -3.2237472534179688,
      -3.1698169708251953,
      -3.115886926651001,
      -3.0619566440582275,
      -3.008026361465454,
      -2.9540963172912598,
      -2.9001660346984863,
      -2.846235752105713,
      -2.7923054695129395,
      -2.738375186920166,
      -2.6844451427459717,
      -2.6305148601531982,
      -2.576584577560425,
      -2.5226545333862305,
      -2.468724250793457,
      -2.4147939682006836,
      -2.36086368560791,
      -2.3069334030151367,
      -2.2530033588409424,
      -2.199073076248169,
      -2.1451427936553955,
      -2.091212749481201,
      -2.0372824668884277,
      -1.9833521842956543,
      -1.9294219017028809,
      -1.875491738319397,
      -1.821561574935913,
      -1.7676312923431396,
      -1.7137010097503662,
      -1.6597708463668823,
      -1.6058406829833984,
      -1.551910400390625,
      -1.4979801177978516,
      -1.4440499544143677,
      -1.3901197910308838,
      -1.3361895084381104,
      -1.282259225845337,
      -1.228329062461853,
      -1.1743988990783691,
      -1.1204686164855957,
      -1.0665383338928223,
      -1.0126081705093384,
      -0.9586779475212097,
      -0.904747724533081,
      -0.8508175015449524,
      -0.7968872785568237,
      -0.7429570555686951,
      -0.6890268325805664,
      -0.6350966095924377,
      -0.5811663866043091,
      -0.5272361636161804,
      -0.47330594062805176,
      -0.4193757176399231,
      -0.36544549465179443,
      -0.31151527166366577,
      -0.2575850486755371,
      -0.20365482568740845,
      -0.14972460269927979,
      -0.09579437971115112,
      -0.04186391830444336,
      0.012066304683685303,
      0.06599652767181396,
      0.11992675065994263,
      0.1738569736480713,
      0.22778719663619995,
      0.2817174196243286,
      0.3356476426124573,
      0.38957786560058594,
      0.4435080885887146,
      0.49743831157684326,
      0.5513685345649719,
      0.6052987575531006,
      0.6592289805412292,
      0.7131592035293579,
      0.7670894265174866,
      0.8210196495056152,
      0.8749498724937439,
      0.9288800954818726,
      0.9828103184700012,
      1.0367405414581299,
      1.0906708240509033,
      1.1446009874343872,
      1.198531150817871,
      1.2524614334106445,
      1.306391716003418,
      1.3603218793869019,
      1.4142520427703857,
      1.4681823253631592,
      1.5221126079559326,
      1.5760427713394165,
      1.6299729347229004,
      1.6839032173156738,
      1.7378334999084473,
      1.7917636632919312,
      1.845693826675415,
      1.8996241092681885,
      1.953554391860962,
      2.0074844360351562,
      2.0614147186279297,
      2.115345001220703,
      2.1692752838134766,
      2.22320556640625,
      2.2771356105804443,
      2.3310658931732178,
      2.384996175765991,
      2.4389262199401855,
      2.492856502532959,
      2.5467867851257324,
      2.600717067718506,
      2.6546473503112793,
      2.7085773944854736,
      2.762507677078247,
      2.8164379596710205,
      2.870368003845215,
      2.9242982864379883,
      2.9782285690307617,
      3.032158851623535,
      3.0860891342163086,
      3.140019178390503,
      3.1939494609832764,
      3.24787974357605,
      3.301809787750244,
      3.3557400703430176,
      3.409670352935791
    ]
  }
}