{
  "module": "block.0.mlp.mlp2_lif",
  "state_shape": [
    64,
    1536,
    8,
    8
  ],
  "time_steps": 1,
  "numel_sampled": 196608,
  "mean": -0.5219810605049133,
  "std": 0.5087159872055054,
  "min": -3.177546739578247,
  "max": 2.218954086303711,
  "quantiles": {
    "0.00": -3.177546739578247,
    "0.01": -1.730758547782898,
    "0.05": -1.3611645698547363,
    "0.10": -1.1663439273834229,
    "0.25": -0.8553961515426636,
    "0.50": -0.5218059420585632,
    "0.75": -0.1852777898311615,
    "0.90": 0.12193416059017181,
    "0.95": 0.31253349781036377,
    "0.99": 0.6811416149139404,
    "1.00": 2.218954086303711
  },
  "histogram": {
    "counts": [
      1,
      0,
      0,
      0,
      0,
      1,
      2,
      0,
      2,
      1,
      0,
      0,
      4,
      1,
      5,
      7,
      6,
      10,
      18,
      19,
      14,
      33,
      37,
      36,
      61,
      48,
      88,
      111,
      127,
      148,
      192,
      268,
      271,
      335,
      438,
      534,
      612,
      729,
      809,
      955,
      1096,
      1297,
      1402,
      1658,
      1923,
      2145,
      2323,
      2714,
      3031,
      3327,
      3735,
      4052,
      4365,
      4731,
      5025,
      5333,
      5709,
      5937,
      6272,
      6521,
      6509,
      6584,
      6745,
      6790,
      6564,
      6421,
      6340,
      6165,
      6019,
      5596,
      5354,
      5045,
      4843,
      4454,
      4050,
      3843,
      3324,
      3057,
      2752,
      2448,
      2197,
      1899,
      1630,
      1469,
      1217,
      1100,
      959,
      767,
      719,
      552,
      497,
      404,
      307,
      275,
      229,
      195,
      153,
      124,
      91,
      81,
      58,
      65,
      41,
      33,
      22,
      21,
      17,
      11,
      14,
      8,
      6,
      6,
      8,
      1,
      5,
      1,
      0,
      3,
      0,
      0,
      0,
      0,
      0,
      0,
      0,
      0,
      0,
      1
    ],
    "bin_edges": [
      -3.177546739578247,
      -3.1353864669799805,
      -3.093226432800293,
      -3.0510661602020264,
      -3.008906126022339,
      -2.9667458534240723,
      -2.9245858192443848,
      -2.882425546646118,
      -2.8402655124664307,
      -2.798105239868164,
      -2.7559452056884766,
      -2.71378493309021,
      -2.6716248989105225,
      -2.629464626312256,
      -2.5873045921325684,
      -2.5451443195343018,
      -2.502984046936035,
      -2.4608240127563477,
      -2.418663740158081,
      -2.3765037059783936,
      -2.334343433380127,
      -2.2921833992004395,
      -2.250023126602173,
      -2.2078630924224854,
      -2.1657028198242188,
      -2.1235427856445312,
      -2.0813825130462646,
      -2.039222478866577,
      -1.9970622062683105,
      -1.9549020528793335,
      -1.9127418994903564,
      -1.8705817461013794,
      -1.8284215927124023,
      -1.7862614393234253,
      -1.7441012859344482,
      -1.7019411325454712,
      -1.6597809791564941,
      -1.617620825767517,
      -1.57546067237854,
      -1.533300518989563,
      -1.491140365600586,
      -1.4489800930023193,
      -1.4068199396133423,
      -1.3646597862243652,
      -1.3224996328353882,
      -1.2803394794464111,
      -1.238179326057434,
      -1.196019172668457,
      -1.15385901927948,
      -1.111698865890503,
      -1.0695387125015259,
      -1.0273785591125488,
      -0.9852184057235718,
      -0.94305819272995,
      -0.9008980393409729,
      -0.8587378859519958,
      -0.8165777325630188,
      -0.7744175791740417,
      -0.7322574257850647,
      -0.6900972723960876,
      -0.6479370594024658,
      -0.6057769060134888,
      -0.5636167526245117,
      -0.5214565992355347,
      -0.4792962074279785,
      -0.43713605403900146,
      -0.3949759006500244,
      -0.352815717458725,
      -0.3106555640697479,
      -0.2684954106807709,
      -0.22633524239063263,
      -0.18417507410049438,
      -0.14201492071151733,
      -0.09985475987195969,
      -0.05769459903240204,
      -0.015534438192844391,
      0.026625722646713257,
      0.0687858834862709,
      0.11094604432582855,
      0.1531062126159668,
      0.19526636600494385,
      0.2374265193939209,
      0.27958667278289795,
      0.3217468559741974,
      0.36390700936317444,
      0.4060671627521515,
      0.4482273459434509,
      0.490387499332428,
      0.532547652721405,
      0.5747078061103821,
      0.6168679594993591,
      0.6590281128883362,
      0.701188325881958,
      0.7433484792709351,
      0.7855086326599121,
      0.8276687860488892,
      0.8698289394378662,
      0.9119890928268433,
      0.9541492462158203,
      0.9963093996047974,
      1.0384695529937744,
      1.0806297063827515,
      1.1227898597717285,
      1.1649500131607056,
      1.2071101665496826,
      1.2492704391479492,
      1.2914305925369263,
      1.3335907459259033,
      1.3757508993148804,
      1.4179110527038574,
      1.4600712060928345,
      1.5022313594818115,
      1.5443915128707886,
      1.5865516662597656,
      1.6287118196487427,
      1.6708719730377197,
      1.7130321264266968,
      1.7551922798156738,
      1.7973524332046509,
      1.839512586593628,
      1.8816728591918945,
      1.9238330125808716,
      1.9659931659698486,
      2.008153200149536,
      2.0503134727478027,
      2.0924735069274902,
      2.134633779525757,
      2.1767938137054443,
      2.218954086303711
    ]
  }
}