{
  "module": "block.3.conv2.mlp1_lif",
  "state_shape": [
    64,
    384,
    8,
    8
  ],
  "time_steps": 1,
  "numel_sampled": 196608,
  "mean": -0.046456336975097656,
  "std": 1.2409416437149048,
  "min": -3.568301200866699,
  "max": 5.146078109741211,
  "quantiles": {
    "0.00": -3.568301200866699,
    "0.01": -2.3644585609436035,
    "0.05": -1.8129299879074097,
    "0.10": -1.5020490884780884,
    "0.25": -0.9712660312652588,
    "0.50": -0.3178175091743469,
    "0.75": 0.9830005168914795,
    "0.90": 1.730491280555725,
    "0.95": 2.0772182941436768,
    "0.99": 2.7457311153411865,
    "1.00": 5.146078109741211
  },
  "histogram": {
    "counts": [
      1,
      1,
      4,
      9,
      7,
      13,
      16,
      28,
      29,
      65,
      73,
      111,
      149,
      192,
      223,
      311,
      422,
      478,
      584,
      639,
      739,
      876,
      1075,
      1177,
      1385,
      1591,
      1712,
      2068,
      2250,
      2513,
      2701,
      3047,
      3207,
      3503,
      3830,
      4126,
      4513,
      4762,
      4904,
      5159,
      5276,
      5358,
      5376,
      5437,
      5118,
      5001,
      4765,
      4583,
      4186,
      3865,
      3387,
      3069,
      2875,
      2617,
      2519,
      2358,
      2242,
      2223,
      2056,
      1964,
      2014,
      2051,
      2049,
      2062,
      2194,
      2297,
      2340,
      2511,
      2601,
      2632,
      2746,
      2894,
      2833,
      2854,
      2796,
      2668,
      2606,
      2433,
      2269,
      2107,
      1920,
      1721,
      1515,
      1321,
      1144,
      1056,
      847,
      771,
      706,
      622,
      544,
      470,
      369,
      317,
      258,
      203,
      177,
      150,
      107,
      105,
      93,
      94,
      72,
      58,
      56,
      45,
      26,
      25,
      20,
      15,
      11,
      7,
      6,
      4,
      4,
      2,
      2,
      6,
      3,
      4,
      0,
      2,
      1,
      2,
      0,
      1,
      0,
      1
    ],
    "bin_edges": [
      -3.568301200866699,
      -3.5002200603485107,
      -3.4321389198303223,
      -3.364058017730713,
      -3.2959768772125244,
      -3.227895736694336,
      -3.1598145961761475,
      -3.091733694076538,
      -3.0236525535583496,
      -2.955571413040161,
      -2.8874902725219727,
      -2.819409132003784,
      -2.751328229904175,
      -2.6832470893859863,
      -2.615165948867798,
      -2.5470848083496094,
      -2.47900390625,
      -2.4109227657318115,
      -2.342841625213623,
      -2.2747604846954346,
      -2.206679344177246,
      -2.1385984420776367,
      -2.0705173015594482,
      -2.0024361610412598,
      -1.9343550205230713,
      -1.8662739992141724,
      -1.7981928586959839,
      -1.730111837387085,
      -1.6620306968688965,
      -1.5939496755599976,
      -1.525868535041809,
      -1.4577875137329102,
      -1.3897063732147217,
      -1.3216252326965332,
      -1.2535442113876343,
      -1.1854630708694458,
      -1.1173820495605469,
      -1.0493009090423584,
      -0.9812198281288147,
      -0.913138747215271,
      -0.8450576663017273,
      -0.7769765853881836,
      -0.7088955044746399,
      -0.6408144235610962,
      -0.5727332830429077,
      -0.504652202129364,
      -0.4365711212158203,
      -0.3684900403022766,
      -0.3004089593887329,
      -0.2323278784751892,
      -0.16424678266048431,
      -0.09616569429636002,
      -0.028084605932235718,
      0.03999648243188858,
      0.10807757079601288,
      0.17615866661071777,
      0.24423974752426147,
      0.3123208284378052,
      0.3804019093513489,
      0.44848302006721497,
      0.516564130783081,
      0.5846452116966248,
      0.6527262926101685,
      0.7208073735237122,
      0.7888884544372559,
      0.8569695353507996,
      0.9250506162643433,
      0.993131697177887,
      1.0612127780914307,
      1.1292939186096191,
      1.197374939918518,
      1.2654560804367065,
      1.3335371017456055,
      1.401618242263794,
      1.4696993827819824,
      1.5377804040908813,
      1.6058615446090698,
      1.6739425659179688,
      1.7420237064361572,
      1.8101047277450562,
      1.8781858682632446,
      1.946267008781433,
      2.014348030090332,
      2.0824291706085205,
      2.150510311126709,
      2.2185912132263184,
      2.286672353744507,
      2.3547534942626953,
      2.422834634780884,
      2.4909157752990723,
      2.5589966773986816,
      2.62707781791687,
      2.6951589584350586,
      2.763240098953247,
      2.8313210010528564,
      2.899402141571045,
      2.9674832820892334,
      3.035564422607422,
      3.1036455631256104,
      3.1717264652252197,
      3.239807605743408,
      3.3078887462615967,
      3.375969886779785,
      3.4440507888793945,
      3.512131929397583,
      3.5802130699157715,
      3.64829421043396,
      3.7163753509521484,
      3.784456253051758,
      3.8525373935699463,
      3.9206185340881348,
      3.9886996746063232,
      4.056780815124512,
      4.124861717224121,
      4.192943096160889,
      4.261023998260498,
      4.329104900360107,
      4.397186279296875,
      4.465267181396484,
      4.533348083496094,
      4.601429462432861,
      4.669510364532471,
      4.737591743469238,
      4.805672645568848,
      4.873753547668457,
      4.941834926605225,
      5.009915828704834,
      5.077997207641602,
      5.146078109741211
    ]
  }
}