{
  "module": "block.2.attn.q_lif",
  "state_shape": [
    64,
    384,
    64
  ],
  "time_steps": 1,
  "numel_sampled": 196608,
  "mean": 0.05733271315693855,
  "std": 0.8511728644371033,
  "min": -3.4592432975769043,
  "max": 3.7308895587921143,
  "quantiles": {
    "0.00": -3.4592432975769043,
    "0.01": -1.855705738067627,
    "0.05": -1.3153599500656128,
    "0.10": -1.0231672525405884,
    "0.25": -0.5301891565322876,
    "0.50": 0.03311146795749664,
    "0.75": 0.6440614461898804,
    "0.90": 1.1735919713974,
    "0.95": 1.4771660566329956,
    "0.99": 2.0273277759552,
    "1.00": 3.7308895587921143
  },
  "histogram": {
    "counts": [
      1,
      2,
      0,
      1,
      1,
      1,
      3,
      1,
      3,
      4,
      4,
      8,
      8,
      15,
      15,
      32,
      35,
      48,
      48,
      80,
      83,
      118,
      135,
      137,
      196,
      220,
      252,
      317,
      369,
      441,
      516,
      602,
      740,
      787,
      908,
      1025,
      1203,
      1266,
      1414,
      1658,
      1857,
      1990,
      2216,
      2393,
      2687,
      2819,
      3142,
      3328,
      3575,
      3680,
      4040,
      4158,
      4382,
      4620,
      4821,
      4916,
      4989,
      5058,
      4940,
      5046,
      5055,
      5038,
      4843,
      4946,
      4840,
      4784,
      4653,
      4612,
      4417,
      4332,
      4364,
      4055,
      3972,
      3794,
      3688,
      3547,
      3296,
      3126,
      3049,
      2782,
      2703,
      2505,
      2356,
      2070,
      1891,
      1821,
      1570,
      1485,
      1271,
      1084,
      1073,
      863,
      814,
      656,
      642,
      544,
      469,
      395,
      339,
      299,
      228,
      192,
      178,
      126,
      101,
      89,
      61,
      54,
      48,
      24,
      23,
      17,
      18,
      13,
      8,
      6,
      5,
      5,
      3,
      3,
      2,
      3,
      1,
      1,
      1,
      0,
      0,
      1
    ],
    "bin_edges": [
      -3.4592432975769043,
      -3.4030704498291016,
      -3.3468973636627197,
      -3.290724515914917,
      -3.2345516681671143,
      -3.1783788204193115,
      -3.1222057342529297,
      -3.066032886505127,
      -3.009860038757324,
      -2.9536869525909424,
      -2.8975141048431396,
      -2.841341257095337,
      -2.785168409347534,
      -2.7289953231811523,
      -2.6728224754333496,
      -2.616649627685547,
      -2.560476779937744,
      -2.5043036937713623,
      -2.4481308460235596,
      -2.391957998275757,
      -2.335784912109375,
      -2.2796120643615723,
      -2.2234392166137695,
      -2.167266368865967,
      -2.111093282699585,
      -2.0549204349517822,
      -1.99874746799469,
      -1.9425746202468872,
      -1.886401653289795,
      -1.8302288055419922,
      -1.7740558385849,
      -1.7178829908370972,
      -1.6617100238800049,
      -1.6055370569229126,
      -1.5493642091751099,
      -1.4931912422180176,
      -1.4370183944702148,
      -1.3808454275131226,
      -1.3246725797653198,
      -1.2684996128082275,
      -1.2123267650604248,
      -1.1561537981033325,
      -1.0999808311462402,
      -1.0438079833984375,
      -0.9876350164413452,
      -0.9314621090888977,
      -0.8752892017364502,
      -0.8191162943840027,
      -0.7629433870315552,
      -0.7067704796791077,
      -0.6505975723266602,
      -0.5944246649742126,
      -0.5382517576217651,
      -0.48207882046699524,
      -0.42590588331222534,
      -0.36973297595977783,
      -0.3135600686073303,
      -0.2573871612548828,
      -0.2012142390012741,
      -0.1450413167476654,
      -0.0888684093952179,
      -0.03269549459218979,
      0.023477420210838318,
      0.07965033501386642,
      0.13582301139831543,
      0.19199591875076294,
      0.24816884100437164,
      0.30434176325798035,
      0.36051467061042786,
      0.41668757796287537,
      0.47286051511764526,
      0.5290334224700928,
      0.5852063298225403,
      0.6413792371749878,
      0.6975521445274353,
      0.7537250518798828,
      0.8098980188369751,
      0.8660709261894226,
      0.9222438335418701,
      0.9784167408943176,
      1.0345896482467651,
      1.0907626152038574,
      1.1469354629516602,
      1.2031084299087524,
      1.2592812776565552,
      1.3154542446136475,
      1.3716270923614502,
      1.4278000593185425,
      1.4839730262756348,
      1.5401458740234375,
      1.5963188409805298,
      1.6524916887283325,
      1.7086646556854248,
      1.7648375034332275,
      1.8210104703903198,
      1.8771833181381226,
      1.9333562850952148,
      1.9895292520523071,
      2.0457022190093994,
      2.101875066757202,
      2.158047914505005,
      2.2142207622528076,
      2.2703938484191895,
      2.326566696166992,
      2.382739543914795,
      2.4389126300811768,
      2.4950854778289795,
      2.5512583255767822,
      2.607431173324585,
      2.663604259490967,
      2.7197771072387695,
      2.7759499549865723,
      2.832122802734375,
      2.888295888900757,
      2.9444687366485596,
      3.0006415843963623,
      3.056814670562744,
      3.112987518310547,
      3.1691603660583496,
      3.2253332138061523,
      3.281506299972534,
      3.337679147720337,
      3.3938519954681396,
      3.4500250816345215,
      3.506197929382324,
      3.562370777130127,
      3.6185436248779297,
      3.6747167110443115,
      3.7308895587921143
    ]
  }
}