{
  "module": "block.1.conv2.mlp1_lif",
  "state_shape": [
    64,
    384,
    8,
    8
  ],
  "time_steps": 1,
  "numel_sampled": 196608,
  "mean": -0.044997114688158035,
  "std": 1.1775437593460083,
  "min": -4.756523132324219,
  "max": 4.954237937927246,
  "quantiles": {
    "0.00": -4.756523132324219,
    "0.01": -2.5726897716522217,
    "0.05": -1.904359221458435,
    "0.10": -1.5438145399093628,
    "0.25": -0.891372799873352,
    "0.50": -0.07475720345973969,
    "0.75": 0.7611286044120789,
    "0.90": 1.496134638786316,
    "0.95": 1.941830039024353,
    "0.99": 2.7387137413024902,
    "1.00": 4.954237937927246
  },
  "histogram": {
    "counts": [
      1,
      1,
      0,
      2,
      2,
      3,
      4,
      3,
      2,
      7,
      7,
      8,
      14,
      10,
      12,
      19,
      36,
      45,
      36,
      65,
      69,
      74,
      126,
      159,
      167,
      230,
      260,
      305,
      393,
      476,
      581,
      647,
      748,
      852,
      1086,
      1156,
      1328,
      1565,
      1722,
      1936,
      2178,
      2460,
      2565,
      2742,
      3066,
      3239,
      3457,
      3664,
      3781,
      3874,
      4166,
      4205,
      4335,
      4456,
      4474,
      4587,
      4646,
      4643,
      4699,
      4693,
      4797,
      4776,
      4746,
      4760,
      4638,
      4615,
      4607,
      4421,
      4473,
      4232,
      4233,
      4134,
      4016,
      3725,
      3562,
      3405,
      3178,
      3075,
      2984,
      2679,
      2539,
      2363,
      2135,
      1948,
      1719,
      1687,
      1524,
      1354,
      1225,
      1140,
      1004,
      933,
      792,
      683,
      678,
      562,
      508,
      415,
      355,
      315,
      276,
      220,
      178,
      162,
      142,
      103,
      91,
      83,
      68,
      48,
      37,
      35,
      19,
      20,
      19,
      21,
      20,
      8,
      7,
      7,
      7,
      3,
      3,
      1,
      5,
      1,
      0,
      2
    ],
    "bin_edges": [
      -4.756523132324219,
      -4.680657863616943,
      -4.604792594909668,
      -4.528927326202393,
      -4.453062057495117,
      -4.377196311950684,
      -4.301331043243408,
      -4.225465774536133,
      -4.149600505828857,
      -4.073735237121582,
      -3.9978699684143066,
      -3.9220046997070312,
      -3.8461391925811768,
      -3.7702739238739014,
      -3.694408655166626,
      -3.6185433864593506,
      -3.542677879333496,
      -3.4668126106262207,
      -3.3909473419189453,
      -3.31508207321167,
      -3.2392168045043945,
      -3.16335129737854,
      -3.0874860286712646,
      -3.0116207599639893,
      -2.935755491256714,
      -2.8598902225494385,
      -2.784024715423584,
      -2.7081594467163086,
      -2.632294178009033,
      -2.556428909301758,
      -2.4805634021759033,
      -2.404698133468628,
      -2.3288328647613525,
      -2.252967596054077,
      -2.1771023273468018,
      -2.1012368202209473,
      -2.025371551513672,
      -1.9495062828063965,
      -1.8736408948898315,
      -1.7977756261825562,
      -1.7219102382659912,
      -1.6460449695587158,
      -1.5701797008514404,
      -1.4943143129348755,
      -1.4184490442276,
      -1.3425836563110352,
      -1.2667183876037598,
      -1.1908529996871948,
      -1.1149877309799194,
      -1.039122462272644,
      -0.9632570743560791,
      -0.8873917460441589,
      -0.8115264177322388,
      -0.7356611490249634,
      -0.6597958207130432,
      -0.583930492401123,
      -0.5080651640892029,
      -0.4321998357772827,
      -0.35633450746536255,
      -0.28046920895576477,
      -0.2046038806438446,
      -0.12873855233192444,
      -0.052873238921165466,
      0.022992081940174103,
      0.09885740280151367,
      0.17472273111343384,
      0.250588059425354,
      0.3264533579349518,
      0.40231868624687195,
      0.4781840145587921,
      0.5540493130683899,
      0.6299146413803101,
      0.7057799696922302,
      0.7816452980041504,
      0.8575106263160706,
      0.9333759546279907,
      1.0092412233352661,
      1.085106611251831,
      1.1609718799591064,
      1.2368372678756714,
      1.3127025365829468,
      1.3885678052902222,
      1.464433193206787,
      1.5402984619140625,
      1.6161638498306274,
      1.6920291185379028,
      1.7678945064544678,
      1.8437597751617432,
      1.9196250438690186,
      1.9954904317855835,
      2.0713558197021484,
      2.147221088409424,
      2.223086357116699,
      2.2989516258239746,
      2.374817132949829,
      2.4506824016571045,
      2.52654767036438,
      2.6024129390716553,
      2.6782782077789307,
      2.754143714904785,
      2.8300089836120605,
      2.905874252319336,
      2.9817395210266113,
      3.057605028152466,
      3.133470296859741,
      3.2093355655670166,
      3.285200834274292,
      3.3610661029815674,
      3.436931610107422,
      3.5127968788146973,
      3.5886621475219727,
      3.664527416229248,
      3.7403926849365234,
      3.816258192062378,
      3.8921234607696533,
      3.9679887294769287,
      4.043854236602783,
      4.119719505310059,
      4.195584774017334,
      4.271450042724609,
      4.347315311431885,
      4.42318058013916,
      4.4990458488464355,
      4.574911117553711,
      4.6507768630981445,
      4.72664213180542,
      4.802507400512695,
      4.878372669219971,
      4.954237937927246
    ]
  }
}