{
  "module": "block.3.attn.q_lif",
  "state_shape": [
    64,
    384,
    64
  ],
  "time_steps": 1,
  "numel_sampled": 196608,
  "mean": -0.02472771145403385,
  "std": 0.7931780219078064,
  "min": -2.288645029067993,
  "max": 3.493201971054077,
  "quantiles": {
    "0.00": -2.288645029067993,
    "0.01": -1.507239818572998,
    "0.05": -1.1701231002807617,
    "0.10": -0.9759153723716736,
    "0.25": -0.6265919208526611,
    "0.50": -0.13225388526916504,
    "0.75": 0.5414884090423584,
    "0.90": 1.0897756814956665,
    "0.95": 1.3814829587936401,
    "0.99": 1.879651427268982,
    "1.00": 3.493201971054077
  },
  "histogram": {
    "counts": [
      5,
      1,
      7,
      7,
      12,
      16,
      20,
      45,
      41,
      79,
      97,
      141,
      155,
      204,
      285,
      307,
      408,
      491,
      619,
      772,
      881,
      1112,
      1268,
      1534,
      1744,
      1920,
      2104,
      2512,
      2700,
      3029,
      3264,
      3381,
      3868,
      3946,
      4175,
      4391,
      4513,
      4640,
      4627,
      4701,
      4726,
      4779,
      4540,
      4578,
      4448,
      4188,
      4092,
      3980,
      3869,
      3703,
      3759,
      3493,
      3420,
      3361,
      3209,
      3152,
      3147,
      3051,
      3038,
      3056,
      2942,
      2928,
      2970,
      2914,
      2730,
      2690,
      2668,
      2674,
      2489,
      2350,
      2311,
      2203,
      2110,
      1907,
      1871,
      1719,
      1729,
      1566,
      1526,
      1369,
      1195,
      1142,
      1080,
      1011,
      906,
      836,
      735,
      602,
      543,
      436,
      412,
      373,
      309,
      268,
      240,
      213,
      160,
      140,
      113,
      104,
      85,
      58,
      41,
      32,
      27,
      19,
      19,
      17,
      26,
      34,
      16,
      19,
      18,
      17,
      8,
      9,
      6,
      9,
      9,
      5,
      5,
      7,
      8,
      5,
      5,
      5,
      3,
      1
    ],
    "bin_edges": [
      -2.288645029067993,
      -2.243474245071411,
      -2.198303699493408,
      -2.153132915496826,
      -2.1079623699188232,
      -2.062791585922241,
      -2.0176210403442383,
      -1.9724502563476562,
      -1.9272795915603638,
      -1.8821089267730713,
      -1.8369382619857788,
      -1.7917675971984863,
      -1.7465968132019043,
      -1.7014261484146118,
      -1.6562554836273193,
      -1.6110848188400269,
      -1.5659141540527344,
      -1.520743489265442,
      -1.4755728244781494,
      -1.430402159690857,
      -1.3852314949035645,
      -1.3400607109069824,
      -1.29489004611969,
      -1.2497193813323975,
      -1.204548716545105,
      -1.1593780517578125,
      -1.11420738697052,
      -1.0690367221832275,
      -1.0238659381866455,
      -0.9786953330039978,
      -0.9335246086120605,
      -0.8883539438247681,
      -0.8431832790374756,
      -0.7980126142501831,
      -0.7528419494628906,
      -0.7076712250709534,
      -0.6625005602836609,
      -0.6173298954963684,
      -0.5721591711044312,
      -0.5269885063171387,
      -0.4818178415298462,
      -0.4366471767425537,
      -0.39147648215293884,
      -0.346305787563324,
      -0.3011351227760315,
      -0.255964457988739,
      -0.21079376339912415,
      -0.16562308371067047,
      -0.1204524040222168,
      -0.07528172433376312,
      -0.030111044645309448,
      0.015059635043144226,
      0.0602303147315979,
      0.10540099442005157,
      0.15057167410850525,
      0.19574235379695892,
      0.2409130334854126,
      0.2860836982727051,
      0.33125439286231995,
      0.3764250874519348,
      0.4215957522392273,
      0.4667664170265198,
      0.511937141418457,
      0.5571078062057495,
      0.602278470993042,
      0.6474491357803345,
      0.692619800567627,
      0.7377905249595642,
      0.7829611897468567,
      0.8281318545341492,
      0.8733025789260864,
      0.9184732437133789,
      0.9636439085006714,
      1.0088145732879639,
      1.0539852380752563,
      1.0991559028625488,
      1.1443266868591309,
      1.1894973516464233,
      1.2346680164337158,
      1.2798386812210083,
      1.3250093460083008,
      1.3701800107955933,
      1.4153506755828857,
      1.4605213403701782,
      1.5056920051574707,
      1.5508627891540527,
      1.5960334539413452,
      1.6412041187286377,
      1.6863747835159302,
      1.7315454483032227,
      1.7767161130905151,
      1.8218867778778076,
      1.8670575618743896,
      1.9122282266616821,
      1.9573988914489746,
      2.0025694370269775,
      2.0477402210235596,
      2.0929110050201416,
      2.1380815505981445,
      2.1832523345947266,
      2.2284228801727295,
      2.2735936641693115,
      2.3187642097473145,
      2.3639349937438965,
      2.4091057777404785,
      2.4542763233184814,
      2.4994471073150635,
      2.5446176528930664,
      2.5897884368896484,
      2.6349589824676514,
      2.6801297664642334,
      2.7253003120422363,
      2.7704710960388184,
      2.8156418800354004,
      2.8608124256134033,
      2.9059832096099854,
      2.9511537551879883,
      2.9963245391845703,
      3.0414950847625732,
      3.0866658687591553,
      3.131836414337158,
      3.1770071983337402,
      3.2221779823303223,
      3.267348527908325,
      3.3125193119049072,
      3.35768985748291,
      3.402860641479492,
      3.448031187057495,
      3.493201971054077
    ]
  }
}