{
  "module": "block.0.conv1.mlp1_lif",
  "state_shape": [
    64,
    384,
    8,
    8
  ],
  "time_steps": 1,
  "numel_sampled": 196608,
  "mean": -0.14800208806991577,
  "std": 0.977952778339386,
  "min": -5.339223384857178,
  "max": 6.4645304679870605,
  "quantiles": {
    "0.00": -5.339223384857178,
    "0.01": -2.5801944732666016,
    "0.05": -1.7488291263580322,
    "0.10": -1.3574918508529663,
    "0.25": -0.7539709210395813,
    "0.50": -0.1362592875957489,
    "0.75": 0.4589710533618927,
    "0.90": 1.01321280002594,
    "0.95": 1.3955098390579224,
    "0.99": 2.3101859092712402,
    "1.00": 6.4645304679870605
  },
  "histogram": {
    "counts": [
      1,
      0,
      2,
      0,
      1,
      1,
      0,
      3,
      2,
      3,
      7,
      6,
      14,
      15,
      13,
      18,
      30,
      39,
      59,
      62,
      67,
      69,
      91,
      123,
      138,
      165,
      192,
      260,
      267,
      348,
      382,
      457,
      589,
      670,
      837,
      954,
      1145,
      1370,
      1539,
      1840,
      2146,
      2382,
      2809,
      3176,
      3660,
      3965,
      4430,
      4994,
      5597,
      5883,
      6373,
      6825,
      7275,
      7485,
      7906,
      8213,
      8068,
      8049,
      8031,
      7784,
      7556,
      7185,
      6685,
      6273,
      5675,
      5145,
      4580,
      4019,
      3372,
      2891,
      2524,
      2129,
      1858,
      1520,
      1311,
      1059,
      921,
      754,
      671,
      531,
      445,
      388,
      333,
      287,
      231,
      184,
      169,
      145,
      111,
      96,
      68,
      70,
      47,
      59,
      53,
      42,
      34,
      36,
      30,
      42,
      24,
      36,
      26,
      24,
      15,
      14,
      12,
      11,
      10,
      7,
      4,
      5,
      3,
      8,
      6,
      12,
      7,
      10,
      2,
      1,
      4,
      2,
      4,
      0,
      1,
      0,
      0,
      1
    ],
    "bin_edges": [
      -5.339223384857178,
      -5.247006416320801,
      -5.154789924621582,
      -5.062572956085205,
      -4.970355987548828,
      -4.878139019012451,
      -4.785922527313232,
      -4.6937055587768555,
      -4.6014885902404785,
      -4.50927209854126,
      -4.417055130004883,
      -4.324838161468506,
      -4.232621669769287,
      -4.14040470123291,
      -4.048187732696533,
      -3.9559710025787354,
      -3.8637542724609375,
      -3.7715373039245605,
      -3.6793205738067627,
      -3.5871036052703857,
      -3.494886875152588,
      -3.402669906616211,
      -3.310453176498413,
      -3.2182364463806152,
      -3.1260194778442383,
      -3.0338027477264404,
      -2.9415857791900635,
      -2.8493690490722656,
      -2.7571523189544678,
      -2.664935350418091,
      -2.572718620300293,
      -2.480501651763916,
      -2.388284921646118,
      -2.2960681915283203,
      -2.2038512229919434,
      -2.1116344928741455,
      -2.0194175243377686,
      -1.9272007942199707,
      -1.8349839448928833,
      -1.742767095565796,
      -1.650550365447998,
      -1.5583335161209106,
      -1.4661166667938232,
      -1.3738998174667358,
      -1.2816829681396484,
      -1.189466118812561,
      -1.0972493886947632,
      -1.0050325393676758,
      -0.9128156900405884,
      -0.820598840713501,
      -0.7283820509910583,
      -0.636165201663971,
      -0.5439484119415283,
      -0.4517315626144409,
      -0.3595147132873535,
      -0.2672978937625885,
      -0.1750810742378235,
      -0.08286424726247787,
      0.009352579712867737,
      0.10156940668821335,
      0.19378623366355896,
      0.286003053188324,
      0.3782199025154114,
      0.4704367220401764,
      0.5626535415649414,
      0.6548703908920288,
      0.7470871806144714,
      0.8393040299415588,
      0.9315208196640015,
      1.0237376689910889,
      1.1159545183181763,
      1.2081713676452637,
      1.3003880977630615,
      1.392604947090149,
      1.4848217964172363,
      1.5770386457443237,
      1.6692554950714111,
      1.7614723443984985,
      1.8536890745162964,
      1.9459059238433838,
      2.0381226539611816,
      2.1303396224975586,
      2.2225563526153564,
      2.3147733211517334,
      2.4069900512695312,
      2.499207019805908,
      2.591423749923706,
      2.683640480041504,
      2.775857448577881,
      2.8680741786956787,
      2.9602911472320557,
      3.0525078773498535,
      3.1447246074676514,
      3.2369415760040283,
      3.329158306121826,
      3.421375274658203,
      3.513592004776001,
      3.605808734893799,
      3.698025703430176,
      3.7902424335479736,
      3.8824594020843506,
      3.9746761322021484,
      4.066893100738525,
      4.159109592437744,
      4.251326560974121,
      4.343543529510498,
      4.435760498046875,
      4.527976989746094,
      4.620193958282471,
      4.712410926818848,
      4.804627418518066,
      4.896844387054443,
      4.98906135559082,
      5.081277847290039,
      5.173494815826416,
      5.265711784362793,
      5.35792875289917,
      5.450145244598389,
      5.542362213134766,
      5.634579181671143,
      5.726795673370361,
      5.819012641906738,
      5.911229610443115,
      6.003446102142334,
      6.095663070678711,
      6.187880039215088,
      6.280097007751465,
      6.372313499450684,
      6.4645304679870605
    ]
  }
}