{
  "module": "block.0.mlp.mlp1_lif",
  "state_shape": [
    64,
    384,
    8,
    8
  ],
  "time_steps": 1,
  "numel_sampled": 196608,
  "mean": -0.18551824986934662,
  "std": 0.614661693572998,
  "min": -3.540628433227539,
  "max": 2.7994484901428223,
  "quantiles": {
    "0.00": -3.540628433227539,
    "0.01": -1.6429067850112915,
    "0.05": -1.1956472396850586,
    "0.10": -0.968941330909729,
    "0.25": -0.59559166431427,
    "0.50": -0.1828998178243637,
    "0.75": 0.22720439732074738,
    "0.90": 0.5958521366119385,
    "0.95": 0.8174977898597717,
    "0.99": 1.2530860900878906,
    "1.00": 2.7994484901428223
  },
  "histogram": {
    "counts": [
      1,
      0,
      0,
      0,
      0,
      1,
      1,
      0,
      0,
      0,
      0,
      1,
      2,
      1,
      1,
      1,
      3,
      3,
      4,
      11,
      7,
      13,
      12,
      22,
      20,
      33,
      31,
      39,
      48,
      68,
      81,
      105,
      132,
      171,
      178,
      219,
      261,
      383,
      379,
      457,
      592,
      658,
      812,
      910,
      1061,
      1187,
      1381,
      1629,
      1851,
      2093,
      2372,
      2656,
      2903,
      3299,
      3502,
      3841,
      4204,
      4480,
      4810,
      5036,
      5342,
      5412,
      5734,
      6006,
      6129,
      6305,
      6426,
      6298,
      6525,
      6244,
      6105,
      6206,
      5958,
      5885,
      5458,
      5122,
      5014,
      4690,
      4411,
      4064,
      3729,
      3407,
      3065,
      2832,
      2539,
      2210,
      1970,
      1758,
      1487,
      1314,
      1108,
      999,
      835,
      695,
      584,
      475,
      422,
      336,
      311,
      232,
      206,
      180,
      119,
      93,
      89,
      56,
      42,
      39,
      43,
      27,
      28,
      21,
      16,
      4,
      6,
      7,
      7,
      3,
      3,
      4,
      1,
      1,
      1,
      0,
      0,
      3,
      0,
      1
    ],
    "bin_edges": [
      -3.540628433227539,
      -3.4910964965820312,
      -3.4415647983551025,
      -3.3920328617095947,
      -3.342500925064087,
      -3.292969226837158,
      -3.2434372901916504,
      -3.1939055919647217,
      -3.144373655319214,
      -3.094841718673706,
      -3.0453100204467773,
      -2.9957780838012695,
      -2.9462461471557617,
      -2.896714448928833,
      -2.847182512283325,
      -2.7976505756378174,
      -2.7481188774108887,
      -2.698586940765381,
      -2.649055004119873,
      -2.5995233058929443,
      -2.5499913692474365,
      -2.500459671020508,
      -2.450927734375,
      -2.401395797729492,
      -2.3518640995025635,
      -2.3023321628570557,
      -2.252800226211548,
      -2.203268527984619,
      -2.1537365913391113,
      -2.1042046546936035,
      -2.054672956466675,
      -2.005141019821167,
      -1.9556092023849487,
      -1.9060773849487305,
      -1.8565454483032227,
      -1.8070136308670044,
      -1.7574818134307861,
      -1.7079499959945679,
      -1.65841805934906,
      -1.6088862419128418,
      -1.5593544244766235,
      -1.5098224878311157,
      -1.4602906703948975,
      -1.4107588529586792,
      -1.361227035522461,
      -1.3116950988769531,
      -1.2621632814407349,
      -1.2126314640045166,
      -1.1630995273590088,
      -1.1135677099227905,
      -1.0640358924865723,
      -1.014504075050354,
      -0.964972198009491,
      -0.9154403209686279,
      -0.8659085035324097,
      -0.8163766264915466,
      -0.7668447494506836,
      -0.7173129320144653,
      -0.6677810549736023,
      -0.618249237537384,
      -0.568717360496521,
      -0.5191855430603027,
      -0.4696536660194397,
      -0.42012181878089905,
      -0.3705899715423584,
      -0.32105812430381775,
      -0.2715262770652771,
      -0.22199441492557526,
      -0.1724625676870346,
      -0.12293072044849396,
      -0.07339886575937271,
      -0.023867014795541763,
      0.025664836168289185,
      0.07519668340682983,
      0.12472853809595108,
      0.17426039278507233,
      0.22379224002361298,
      0.2733241021633148,
      0.32285594940185547,
      0.3723877966403961,
      0.42191964387893677,
      0.4714514911174774,
      0.5209833383560181,
      0.5705152153968811,
      0.6200470328330994,
      0.6695789098739624,
      0.7191107273101807,
      0.7686426043510437,
      0.8181744813919067,
      0.867706298828125,
      0.917238175868988,
      0.9667699933052063,
      1.0163018703460693,
      1.0658336877822876,
      1.1153655052185059,
      1.1648974418640137,
      1.214429259300232,
      1.2639610767364502,
      1.313493013381958,
      1.3630248308181763,
      1.4125566482543945,
      1.4620884656906128,
      1.5116204023361206,
      1.5611522197723389,
      1.6106840372085571,
      1.660215973854065,
      1.7097477912902832,
      1.7592796087265015,
      1.8088114261627197,
      1.8583433628082275,
      1.9078751802444458,
      1.957406997680664,
      2.006938934326172,
      2.0564706325531006,
      2.1060025691986084,
      2.155534505844116,
      2.205066204071045,
      2.2545981407165527,
      2.3041300773620605,
      2.3536617755889893,
      2.403193712234497,
      2.452725648880005,
      2.5022573471069336,
      2.5517892837524414,
      2.60132098197937,
      2.650852918624878,
      2.7003848552703857,
      2.7499165534973145,
      2.7994484901428223
    ]
  }
}