{
  "module": "block.2.mlp.mlp2_lif",
  "state_shape": [
    64,
    1536,
    8,
    8
  ],
  "time_steps": 1,
  "numel_sampled": 196608,
  "mean": 0.17752014100551605,
  "std": 0.9614786505699158,
  "min": -3.8029634952545166,
  "max": 2.997666120529175,
  "quantiles": {
    "0.00": -3.8029634952545166,
    "0.01": -1.8662735223770142,
    "0.05": -1.2828730344772339,
    "0.10": -0.9751550555229187,
    "0.25": -0.5183799266815186,
    "0.50": 0.04067017883062363,
    "0.75": 1.0223314762115479,
    "0.90": 1.4825620651245117,
    "0.95": 1.759161114692688,
    "0.99": 2.2254066467285156,
    "1.00": 2.997666120529175
  },
  "histogram": {
    "counts": [
      2,
      2,
      1,
      0,
      1,
      1,
      1,
      2,
      2,
      2,
      2,
      9,
      10,
      8,
      5,
      9,
      7,
      6,
      12,
      11,
      20,
      21,
      28,
      23,
      46,
      41,
      48,
      66,
      72,
      86,
      124,
      158,
      192,
      214,
      276,
      298,
      359,
      444,
      488,
      504,
      603,
      609,
      702,
      806,
      887,
      985,
      1101,
      1303,
      1351,
      1512,
      1688,
      1872,
      2115,
      2329,
      2508,
      2929,
      3104,
      3475,
      3717,
      3980,
      4308,
      4530,
      4777,
      4737,
      4790,
      4697,
      4699,
      4649,
      4671,
      4645,
      4488,
      4627,
      4487,
      4378,
      4071,
      3749,
      3534,
      3222,
      2801,
      2583,
      2366,
      2100,
      1993,
      1850,
      1786,
      1767,
      1826,
      1888,
      2029,
      2220,
      2486,
      2780,
      3089,
      3421,
      3813,
      3902,
      3880,
      3556,
      3232,
      2710,
      2417,
      1998,
      1696,
      1490,
      1195,
      1200,
      1049,
      993,
      959,
      886,
      794,
      715,
      647,
      576,
      455,
      375,
      269,
      203,
      132,
      93,
      57,
      37,
      21,
      18,
      11,
      1,
      6,
      1
    ],
    "bin_edges": [
      -3.8029634952545166,
      -3.749833583831787,
      -3.6967036724090576,
      -3.643573760986328,
      -3.5904438495635986,
      -3.537313938140869,
      -3.4841840267181396,
      -3.43105411529541,
      -3.3779242038726807,
      -3.324794292449951,
      -3.2716643810272217,
      -3.218534469604492,
      -3.1654045581817627,
      -3.112274646759033,
      -3.0591447353363037,
      -3.006014823913574,
      -2.9528846740722656,
      -2.899754762649536,
      -2.8466248512268066,
      -2.793494939804077,
      -2.7403650283813477,
      -2.687235116958618,
      -2.6341052055358887,
      -2.580975294113159,
      -2.5278453826904297,
      -2.4747154712677,
      -2.4215855598449707,
      -2.368455648422241,
      -2.3153257369995117,
      -2.2621958255767822,
      -2.2090659141540527,
      -2.1559360027313232,
      -2.1028060913085938,
      -2.0496761798858643,
      -1.9965462684631348,
      -1.9434163570404053,
      -1.8902864456176758,
      -1.8371565341949463,
      -1.7840266227722168,
      -1.7308967113494873,
      -1.6777667999267578,
      -1.6246367692947388,
      -1.5715068578720093,
      -1.5183769464492798,
      -1.4652470350265503,
      -1.4121171236038208,
      -1.3589872121810913,
      -1.3058573007583618,
      -1.2527273893356323,
      -1.1995974779129028,
      -1.1464675664901733,
      -1.0933376550674438,
      -1.0402077436447144,
      -0.9870777726173401,
      -0.9339478611946106,
      -0.8808179497718811,
      -0.8276880383491516,
      -0.7745581269264221,
      -0.7214282155036926,
      -0.6682983040809631,
      -0.6151683330535889,
      -0.5620384216308594,
      -0.5089085102081299,
      -0.4557785987854004,
      -0.4026486873626709,
      -0.3495187759399414,
      -0.2963888645172119,
      -0.24325892329216003,
      -0.19012901186943054,
      -0.13699910044670105,
      -0.08386917412281036,
      -0.030739255249500275,
      0.022390663623809814,
      0.0755205824971199,
      0.12865050137043,
      0.18178042769432068,
      0.23491033911705017,
      0.28804025053977966,
      0.34117019176483154,
      0.39430010318756104,
      0.4474300146102905,
      0.50055992603302,
      0.5536898374557495,
      0.606819748878479,
      0.6599496603012085,
      0.7130796313285828,
      0.7662095427513123,
      0.8193394541740417,
      0.8724693655967712,
      0.9255992770195007,
      0.9787291884422302,
      1.0318591594696045,
      1.084989070892334,
      1.1381189823150635,
      1.191248893737793,
      1.2443788051605225,
      1.297508716583252,
      1.3506386280059814,
      1.403768539428711,
      1.4568984508514404,
      1.51002836227417,
      1.5631582736968994,
      1.616288185119629,
      1.6694180965423584,
      1.722548007965088,
      1.775678038597107,
      1.8288079500198364,
      1.881937861442566,
      1.9350677728652954,
      1.988197684288025,
      2.041327476501465,
      2.0944573879241943,
      2.147587299346924,
      2.2007174491882324,
      2.253847360610962,
      2.3069772720336914,
      2.360107183456421,
      2.4132370948791504,
      2.46636700630188,
      2.5194969177246094,
      2.572626829147339,
      2.6257567405700684,
      2.678886651992798,
      2.7320165634155273,
      2.785146474838257,
      2.8382763862609863,
      2.891406297683716,
      2.9445362091064453,
      2.997666120529175
    ]
  }
}