{
  "module": "block.2.attn.proj_lif",
  "state_shape": [
    64,
    384,
    8,
    8
  ],
  "time_steps": 1,
  "numel_sampled": 196608,
  "mean": -0.09650089591741562,
  "std": 0.786841869354248,
  "min": -3.6580681800842285,
  "max": 4.226646900177002,
  "quantiles": {
    "0.00": -3.6580681800842285,
    "0.01": -1.7139219045639038,
    "0.05": -1.2817683219909668,
    "0.10": -1.0503442287445068,
    "0.25": -0.6548159122467041,
    "0.50": -0.1609991192817688,
    "0.75": 0.41361480951309204,
    "0.90": 0.9678112864494324,
    "0.95": 1.2917481660842896,
    "0.99": 1.8965117931365967,
    "1.00": 4.226646900177002
  },
  "histogram": {
    "counts": [
      1,
      1,
      0,
      0,
      0,
      1,
      0,
      1,
      0,
      1,
      0,
      4,
      2,
      3,
      6,
      4,
      10,
      10,
      15,
      21,
      22,
      41,
      42,
      67,
      75,
      106,
      124,
      179,
      230,
      294,
      439,
      512,
      614,
      837,
      888,
      1175,
      1395,
      1686,
      1920,
      2222,
      2651,
      3018,
      3361,
      3861,
      4290,
      4581,
      4974,
      5243,
      5674,
      5819,
      6139,
      6144,
      6287,
      6316,
      6292,
      6113,
      5996,
      5980,
      5769,
      5578,
      5662,
      5325,
      5068,
      4816,
      4683,
      4423,
      4138,
      4017,
      3665,
      3505,
      3316,
      3124,
      2878,
      2639,
      2416,
      2247,
      2158,
      1878,
      1710,
      1541,
      1408,
      1240,
      1118,
      1002,
      857,
      722,
      625,
      526,
      445,
      391,
      344,
      266,
      251,
      248,
      179,
      154,
      115,
      95,
      65,
      66,
      57,
      47,
      29,
      17,
      28,
      12,
      5,
      11,
      12,
      9,
      3,
      4,
      3,
      2,
      1,
      1,
      1,
      0,
      1,
      2,
      0,
      2,
      0,
      0,
      0,
      0,
      0,
      1
    ],
    "bin_edges": [
      -3.6580681800842285,
      -3.596468925476074,
      -3.534869432449341,
      -3.4732701778411865,
      -3.4116709232330322,
      -3.350071430206299,
      -3.2884721755981445,
      -3.2268729209899902,
      -3.165273427963257,
      -3.1036741733551025,
      -3.0420749187469482,
      -2.980475425720215,
      -2.9188761711120605,
      -2.8572769165039062,
      -2.795677423477173,
      -2.7340781688690186,
      -2.672478675842285,
      -2.610879421234131,
      -2.5492801666259766,
      -2.487680673599243,
      -2.426081418991089,
      -2.3644821643829346,
      -2.302882671356201,
      -2.241283416748047,
      -2.1796841621398926,
      -2.118084669113159,
      -2.056485414505005,
      -1.994886040687561,
      -1.9332867860794067,
      -1.871687412261963,
      -1.810088038444519,
      -1.7484887838363647,
      -1.686889410018921,
      -1.625290036201477,
      -1.5636907815933228,
      -1.502091407775879,
      -1.440492033958435,
      -1.3788927793502808,
      -1.317293405532837,
      -1.255694031715393,
      -1.1940946578979492,
      -1.132495403289795,
      -1.070896029472351,
      -1.0092966556549072,
      -0.9476974010467529,
      -0.8860980272293091,
      -0.82449871301651,
      -0.7628993391990662,
      -0.7013000249862671,
      -0.639700710773468,
      -0.5781013369560242,
      -0.5165020227432251,
      -0.45490267872810364,
      -0.3933033347129822,
      -0.3317040205001831,
      -0.27010467648506165,
      -0.20850533246994019,
      -0.14690598845481873,
      -0.08530665934085846,
      -0.023707322776317596,
      0.03789201378822327,
      0.09949135035276413,
      0.161090686917305,
      0.22269001603126526,
      0.2842893600463867,
      0.3458887040615082,
      0.40748804807662964,
      0.4690873622894287,
      0.5306867361068726,
      0.5922860503196716,
      0.6538853645324707,
      0.7154847383499146,
      0.7770840525627136,
      0.8386833667755127,
      0.9002827405929565,
      0.9618820548057556,
      1.0234813690185547,
      1.0850807428359985,
      1.1466801166534424,
      1.2082793712615967,
      1.2698787450790405,
      1.3314781188964844,
      1.3930773735046387,
      1.4546767473220825,
      1.5162761211395264,
      1.5778753757476807,
      1.6394747495651245,
      1.7010741233825684,
      1.7626733779907227,
      1.8242727518081665,
      1.8858721256256104,
      1.9474714994430542,
      2.009070873260498,
      2.0706701278686523,
      2.1322693824768066,
      2.19386887550354,
      2.2554681301116943,
      2.3170673847198486,
      2.378666877746582,
      2.4402661323547363,
      2.5018653869628906,
      2.563464879989624,
      2.6250641345977783,
      2.6866633892059326,
      2.748262882232666,
      2.8098621368408203,
      2.8714613914489746,
      2.933060884475708,
      2.9946601390838623,
      3.0562593936920166,
      3.11785888671875,
      3.1794581413269043,
      3.2410573959350586,
      3.302656888961792,
      3.3642561435699463,
      3.4258556365966797,
      3.487454891204834,
      3.5490541458129883,
      3.6106536388397217,
      3.672252893447876,
      3.7338521480560303,
      3.7954516410827637,
      3.857050895690918,
      3.9186501502990723,
      3.9802496433258057,
      4.041848659515381,
      4.103448390960693,
      4.165047645568848,
      4.226646900177002
    ]
  }
}