{
  "module": "block.1.conv1.mlp1_lif",
  "state_shape": [
    64,
    384,
    8,
    8
  ],
  "time_steps": 1,
  "numel_sampled": 196608,
  "mean": -0.05988144874572754,
  "std": 1.5405964851379395,
  "min": -6.842031955718994,
  "max": 7.269891262054443,
  "quantiles": {
    "0.00": -6.842031955718994,
    "0.01": -3.2342817783355713,
    "0.05": -1.8387620449066162,
    "0.10": -1.4837989807128906,
    "0.25": -0.9490803480148315,
    "0.50": -0.33400553464889526,
    "0.75": 0.40595996379852295,
    "0.90": 1.8086508512496948,
    "0.95": 3.6261227130889893,
    "0.99": 4.795316219329834,
    "1.00": 7.269891262054443
  },
  "histogram": {
    "counts": [
      4,
      3,
      5,
      8,
      8,
      9,
      11,
      6,
      17,
      19,
      22,
      26,
      46,
      46,
      49,
      37,
      45,
      50,
      71,
      63,
      62,
      63,
      99,
      77,
      86,
      91,
      107,
      128,
      124,
      147,
      158,
      163,
      173,
      188,
      210,
      222,
      275,
      298,
      315,
      407,
      553,
      715,
      960,
      1220,
      1697,
      2176,
      2710,
      3329,
      4094,
      4923,
      5588,
      6572,
      7204,
      7880,
      8389,
      8874,
      9058,
      9080,
      9070,
      8591,
      8338,
      7779,
      7301,
      6915,
      6282,
      5577,
      5071,
      4359,
      3636,
      3276,
      2628,
      2156,
      1757,
      1504,
      1161,
      964,
      737,
      632,
      518,
      463,
      437,
      429,
      419,
      418,
      447,
      433,
      517,
      582,
      635,
      687,
      754,
      812,
      785,
      899,
      894,
      874,
      953,
      887,
      853,
      791,
      751,
      704,
      616,
      608,
      546,
      413,
      367,
      323,
      272,
      204,
      146,
      101,
      106,
      67,
      56,
      39,
      24,
      22,
      16,
      12,
      9,
      10,
      5,
      1,
      4,
      1,
      2,
      2
    ],
    "bin_edges": [
      -6.842031955718994,
      -6.73178243637085,
      -6.621533393859863,
      -6.511283874511719,
      -6.401034355163574,
      -6.29078483581543,
      -6.180535316467285,
      -6.070286273956299,
      -5.960036754608154,
      -5.84978723526001,
      -5.739538192749023,
      -5.629288673400879,
      -5.519039154052734,
      -5.40878963470459,
      -5.298540115356445,
      -5.188291072845459,
      -5.0780415534973145,
      -4.96779203414917,
      -4.857542991638184,
      -4.747293472290039,
      -4.6370439529418945,
      -4.52679443359375,
      -4.4165449142456055,
      -4.306295871734619,
      -4.196046352386475,
      -4.08579683303833,
      -3.9755475521087646,
      -3.865298271179199,
      -3.7550487518310547,
      -3.64479923248291,
      -3.5345499515533447,
      -3.4243006706237793,
      -3.3140511512756348,
      -3.2038016319274902,
      -3.093552350997925,
      -2.9833030700683594,
      -2.873053550720215,
      -2.7628040313720703,
      -2.652554750442505,
      -2.5423054695129395,
      -2.432055950164795,
      -2.3218064308166504,
      -2.211557149887085,
      -2.1013078689575195,
      -1.991058349609375,
      -1.88080894947052,
      -1.770559549331665,
      -1.66031014919281,
      -1.550060749053955,
      -1.4398113489151,
      -1.3295619487762451,
      -1.2193125486373901,
      -1.1090631484985352,
      -0.9988137483596802,
      -0.8885643482208252,
      -0.7783149480819702,
      -0.6680655479431152,
      -0.5578161478042603,
      -0.4475667476654053,
      -0.3373173475265503,
      -0.2270679473876953,
      -0.11681854724884033,
      -0.0065691471099853516,
      0.10368025302886963,
      0.2139296531677246,
      0.3241790533065796,
      0.43442845344543457,
      0.5446778535842896,
      0.6549272537231445,
      0.7651766538619995,
      0.8754260540008545,
      0.9856754541397095,
      1.0959248542785645,
      1.2061742544174194,
      1.3164236545562744,
      1.4266730546951294,
      1.5369224548339844,
      1.6471718549728394,
      1.7574212551116943,
      1.8676706552505493,
      1.9779200553894043,
      2.088169574737549,
      2.1984188556671143,
      2.3086681365966797,
      2.418917655944824,
      2.5291671752929688,
      2.639416456222534,
      2.7496657371520996,
      2.859915256500244,
      2.9701647758483887,
      3.080414056777954,
      3.1906633377075195,
      3.300912857055664,
      3.4111623764038086,
      3.521411657333374,
      3.6316609382629395,
      3.741910457611084,
      3.8521599769592285,
      3.962409257888794,
      4.072658538818359,
      4.182908058166504,
      4.293157577514648,
      4.403407096862793,
      4.513656139373779,
      4.623905658721924,
      4.734155178070068,
      4.844404220581055,
      4.954653739929199,
      5.064903259277344,
      5.175152778625488,
      5.285402297973633,
      5.395651340484619,
      5.505900859832764,
      5.616150379180908,
      5.7263994216918945,
      5.836648941040039,
      5.946898460388184,
      6.057147979736328,
      6.167397499084473,
      6.277646541595459,
      6.3878960609436035,
      6.498145580291748,
      6.608394622802734,
      6.718644142150879,
      6.828893661499023,
      6.939143180847168,
      7.0493927001953125,
      7.159641742706299,
      7.269891262054443
    ]
  }
}