{
  "module": "block.0.attn.proj_lif",
  "state_shape": [
    64,
    384,
    8,
    8
  ],
  "time_steps": 1,
  "numel_sampled": 196608,
  "mean": -0.08086642622947693,
  "std": 0.8128729462623596,
  "min": -4.103799819946289,
  "max": 3.857844829559326,
  "quantiles": {
    "0.00": -4.103799819946289,
    "0.01": -2.0685861110687256,
    "0.05": -1.4420241117477417,
    "0.10": -1.1202465295791626,
    "0.25": -0.6066708564758301,
    "0.50": -0.06490179151296616,
    "0.75": 0.4580734968185425,
    "0.90": 0.9376944899559021,
    "0.95": 1.2339529991149902,
    "0.99": 1.8018977642059326,
    "1.00": 3.857844829559326
  },
  "histogram": {
    "counts": [
      1,
      1,
      0,
      0,
      1,
      1,
      1,
      3,
      5,
      3,
      2,
      5,
      6,
      3,
      7,
      14,
      18,
      27,
      22,
      33,
      35,
      54,
      62,
      63,
      75,
      95,
      117,
      148,
      168,
      211,
      256,
      262,
      364,
      394,
      468,
      541,
      628,
      695,
      747,
      953,
      1041,
      1209,
      1367,
      1495,
      1781,
      1952,
      2081,
      2342,
      2660,
      2778,
      3147,
      3391,
      3696,
      3947,
      4280,
      4456,
      4871,
      4977,
      5262,
      5622,
      5746,
      5806,
      6017,
      6116,
      6165,
      6432,
      6174,
      6405,
      6021,
      5797,
      5671,
      5441,
      5041,
      5011,
      4653,
      4358,
      4043,
      3698,
      3348,
      3246,
      2763,
      2487,
      2283,
      2067,
      1807,
      1624,
      1496,
      1197,
      1030,
      902,
      802,
      699,
      607,
      448,
      421,
      310,
      279,
      233,
      205,
      168,
      140,
      114,
      95,
      77,
      56,
      48,
      41,
      29,
      35,
      29,
      27,
      23,
      7,
      3,
      3,
      4,
      4,
      3,
      2,
      2,
      1,
      1,
      0,
      0,
      2,
      0,
      0,
      1
    ],
    "bin_edges": [
      -4.103799819946289,
      -4.041599273681641,
      -3.9793992042541504,
      -3.917198657989502,
      -3.8549983501434326,
      -3.7927980422973633,
      -3.730597734451294,
      -3.6683974266052246,
      -3.6061971187591553,
      -3.543996572494507,
      -3.4817962646484375,
      -3.419595956802368,
      -3.357395648956299,
      -3.2951953411102295,
      -3.23299503326416,
      -3.1707944869995117,
      -3.1085941791534424,
      -3.046393871307373,
      -2.9841935634613037,
      -2.9219932556152344,
      -2.859792947769165,
      -2.7975924015045166,
      -2.7353920936584473,
      -2.673191785812378,
      -2.6109914779663086,
      -2.5487911701202393,
      -2.48659086227417,
      -2.4243903160095215,
      -2.362190008163452,
      -2.299989700317383,
      -2.2377893924713135,
      -2.175589084625244,
      -2.1133885383605957,
      -2.0511882305145264,
      -1.988987922668457,
      -1.9267876148223877,
      -1.8645873069763184,
      -1.8023868799209595,
      -1.7401865720748901,
      -1.6779862642288208,
      -1.615785837173462,
      -1.5535855293273926,
      -1.4913852214813232,
      -1.4291847944259644,
      -1.366984486579895,
      -1.3047841787338257,
      -1.2425837516784668,
      -1.1803834438323975,
      -1.1181831359863281,
      -1.0559827089309692,
      -0.9937824010848999,
      -0.9315820336341858,
      -0.8693816661834717,
      -0.8071813583374023,
      -0.7449809908866882,
      -0.6827806234359741,
      -0.6205803155899048,
      -0.5583799481391907,
      -0.49617958068847656,
      -0.43397924304008484,
      -0.3717789053916931,
      -0.309578537940979,
      -0.24737820029258728,
      -0.18517784774303436,
      -0.12297749519348145,
      -0.060777146369218826,
      0.0014232024550437927,
      0.06362354755401611,
      0.12582390010356903,
      0.18802425265312195,
      0.25022459030151367,
      0.3124249577522278,
      0.3746252954006195,
      0.43682563304901123,
      0.49902600049972534,
      0.5612263679504395,
      0.6234266757965088,
      0.6856270432472229,
      0.747827410697937,
      0.8100277185440063,
      0.8722280859947205,
      0.9344284534454346,
      0.9966287612915039,
      1.0588291883468628,
      1.1210294961929321,
      1.1832298040390015,
      1.2454302310943604,
      1.3076305389404297,
      1.369830846786499,
      1.432031273841858,
      1.4942315816879272,
      1.5564318895339966,
      1.6186323165893555,
      1.6808326244354248,
      1.7430329322814941,
      1.805233359336853,
      1.8674336671829224,
      1.9296339750289917,
      1.9918344020843506,
      2.05403470993042,
      2.1162350177764893,
      2.1784353256225586,
      2.240635871887207,
      2.3028361797332764,
      2.3650364875793457,
      2.427236795425415,
      2.4894371032714844,
      2.5516374111175537,
      2.613837957382202,
      2.6760382652282715,
      2.738238573074341,
      2.80043888092041,
      2.8626391887664795,
      2.924839496612549,
      2.9870400428771973,
      3.0492403507232666,
      3.111440658569336,
      3.1736409664154053,
      3.2358412742614746,
      3.298041582107544,
      3.3602421283721924,
      3.4224424362182617,
      3.484642744064331,
      3.5468430519104004,
      3.6090433597564697,
      3.671243667602539,
      3.7334442138671875,
      3.795644521713257,
      3.857844829559326
    ]
  }
}