{
  "module": "block.3.mlp.mlp1_lif",
  "state_shape": [
    64,
    384,
    8,
    8
  ],
  "time_steps": 1,
  "numel_sampled": 196608,
  "mean": -0.08540186285972595,
  "std": 0.7994542717933655,
  "min": -2.969636917114258,
  "max": 3.6063315868377686,
  "quantiles": {
    "0.00": -2.969636917114258,
    "0.01": -1.6470195055007935,
    "0.05": -1.2598166465759277,
    "0.10": -1.0563626289367676,
    "0.25": -0.678904116153717,
    "0.50": -0.1665075719356537,
    "0.75": 0.46207961440086365,
    "0.90": 1.002808928489685,
    "0.95": 1.3216726779937744,
    "0.99": 1.9199079275131226,
    "1.00": 3.6063315868377686
  },
  "histogram": {
    "counts": [
      1,
      0,
      1,
      0,
      1,
      3,
      4,
      4,
      7,
      10,
      6,
      17,
      26,
      31,
      31,
      29,
      60,
      65,
      87,
      109,
      145,
      162,
      208,
      278,
      350,
      452,
      535,
      633,
      802,
      971,
      1230,
      1449,
      1628,
      1962,
      2307,
      2479,
      2850,
      3171,
      3294,
      3680,
      3864,
      4288,
      4444,
      4701,
      4745,
      4734,
      4946,
      5127,
      5028,
      5030,
      4945,
      4875,
      4938,
      4867,
      4718,
      4533,
      4469,
      4281,
      4288,
      4119,
      4040,
      3948,
      3809,
      3770,
      3530,
      3527,
      3469,
      3467,
      3234,
      3152,
      3043,
      2895,
      2778,
      2653,
      2478,
      2373,
      2152,
      1904,
      1832,
      1697,
      1688,
      1362,
      1294,
      1233,
      1175,
      981,
      909,
      836,
      740,
      575,
      537,
      461,
      409,
      316,
      309,
      264,
      247,
      237,
      200,
      183,
      157,
      142,
      95,
      93,
      71,
      52,
      46,
      34,
      40,
      23,
      11,
      14,
      15,
      20,
      13,
      13,
      7,
      8,
      5,
      3,
      4,
      6,
      3,
      1,
      2,
      3,
      1,
      1
    ],
    "bin_edges": [
      -2.969636917114258,
      -2.918262243270874,
      -2.866887331008911,
      -2.8155126571655273,
      -2.7641379833221436,
      -2.7127630710601807,
      -2.661388397216797,
      -2.610013723373413,
      -2.55863881111145,
      -2.5072641372680664,
      -2.4558894634246826,
      -2.4045145511627197,
      -2.353139877319336,
      -2.301765203475952,
      -2.2503902912139893,
      -2.1990156173706055,
      -2.1476407051086426,
      -2.096266031265259,
      -2.044891357421875,
      -1.9935165643692017,
      -1.9421417713165283,
      -1.8907670974731445,
      -1.8393923044204712,
      -1.7880175113677979,
      -1.736642837524414,
      -1.6852680444717407,
      -1.6338932514190674,
      -1.582518458366394,
      -1.5311437845230103,
      -1.479768991470337,
      -1.4283941984176636,
      -1.3770195245742798,
      -1.3256447315216064,
      -1.274269938468933,
      -1.2228952646255493,
      -1.171520471572876,
      -1.1201456785202026,
      -1.0687710046768188,
      -1.0173962116241455,
      -0.9660214185714722,
      -0.9146466851234436,
      -0.863271951675415,
      -0.8118971586227417,
      -0.7605224251747131,
      -0.7091476917266846,
      -0.6577728986740112,
      -0.6063981652259827,
      -0.5550233721733093,
      -0.5036486387252808,
      -0.4522738754749298,
      -0.40089911222457886,
      -0.3495243787765503,
      -0.29814961552619934,
      -0.2467748522758484,
      -0.19540010392665863,
      -0.14402535557746887,
      -0.09265059232711792,
      -0.041275836527347565,
      0.01009891927242279,
      0.061473675072193146,
      0.1128484308719635,
      0.16422319412231445,
      0.2155979424715042,
      0.26697269082069397,
      0.3183472156524658,
      0.3697219789028168,
      0.4210967421531677,
      0.4724714756011963,
      0.5238462686538696,
      0.5752210021018982,
      0.6265957355499268,
      0.6779705286026001,
      0.7293452620506287,
      0.7807199954986572,
      0.8320947885513306,
      0.8834695219993591,
      0.9348442554473877,
      0.986219048500061,
      1.0375938415527344,
      1.0889685153961182,
      1.1403433084487915,
      1.1917181015014648,
      1.2430927753448486,
      1.294467568397522,
      1.3458423614501953,
      1.397217035293579,
      1.4485918283462524,
      1.4999666213989258,
      1.5513412952423096,
      1.602716088294983,
      1.6540908813476562,
      1.7054656744003296,
      1.7568403482437134,
      1.8082151412963867,
      1.85958993434906,
      1.9109646081924438,
      1.9623394012451172,
      2.013714075088501,
      2.065088987350464,
      2.1164636611938477,
      2.1678383350372314,
      2.2192132472991943,
      2.270587921142578,
      2.321962594985962,
      2.373337507247925,
      2.4247121810913086,
      2.4760868549346924,
      2.5274617671966553,
      2.578836441040039,
      2.630211114883423,
      2.6815860271453857,
      2.7329607009887695,
      2.7843356132507324,
      2.835710287094116,
      2.8870849609375,
      2.938459873199463,
      2.9898345470428467,
      3.0412092208862305,
      3.0925841331481934,
      3.143958806991577,
      3.195333480834961,
      3.246708393096924,
      3.2980830669403076,
      3.3494577407836914,
      3.4008326530456543,
      3.452207326889038,
      3.503582000732422,
      3.5549569129943848,
      3.6063315868377686
    ]
  }
}