{
  "module": "block.3.conv1.mlp1_lif",
  "state_shape": [
    64,
    384,
    8,
    8
  ],
  "time_steps": 1,
  "numel_sampled": 196608,
  "mean": -0.10666489601135254,
  "std": 1.5151318311691284,
  "min": -8.041570663452148,
  "max": 7.80866813659668,
  "quantiles": {
    "0.00": -8.041570663452148,
    "0.01": -3.7440531253814697,
    "0.05": -2.2628633975982666,
    "0.10": -1.7354750633239746,
    "0.25": -1.0436067581176758,
    "0.50": -0.30181384086608887,
    "0.75": 0.7405792474746704,
    "0.90": 1.8989810943603516,
    "0.95": 2.5723581314086914,
    "0.99": 4.156229019165039,
    "1.00": 7.80866813659668
  },
  "histogram": {
    "counts": [
      1,
      2,
      1,
      2,
      1,
      3,
      4,
      2,
      2,
      5,
      5,
      2,
      10,
      3,
      5,
      7,
      4,
      5,
      10,
      11,
      18,
      20,
      28,
      48,
      63,
      66,
      102,
      130,
      137,
      169,
      199,
      229,
      218,
      262,
      268,
      298,
      351,
      390,
      419,
      474,
      536,
      634,
      740,
      794,
      1047,
      1172,
      1454,
      1747,
      2167,
      2561,
      3074,
      3742,
      4375,
      5016,
      5869,
      6578,
      7164,
      7875,
      8278,
      8519,
      8589,
      8373,
      8013,
      7454,
      7014,
      6332,
      5784,
      5315,
      4888,
      4563,
      4176,
      3903,
      3771,
      3524,
      3323,
      3245,
      2969,
      2809,
      2616,
      2339,
      2273,
      2146,
      1802,
      1751,
      1504,
      1353,
      1153,
      1015,
      842,
      732,
      677,
      542,
      528,
      451,
      448,
      368,
      309,
      282,
      287,
      210,
      179,
      176,
      167,
      120,
      100,
      99,
      86,
      75,
      99,
      76,
      67,
      67,
      53,
      44,
      36,
      30,
      24,
      28,
      19,
      23,
      15,
      9,
      11,
      8,
      4,
      1,
      2,
      1
    ],
    "bin_edges": [
      -8.041570663452148,
      -7.917740821838379,
      -7.793910503387451,
      -7.670080661773682,
      -7.546250820159912,
      -7.422420501708984,
      -7.298590660095215,
      -7.174760818481445,
      -7.050930976867676,
      -6.927100658416748,
      -6.8032708168029785,
      -6.679440975189209,
      -6.555610656738281,
      -6.431780815124512,
      -6.307950973510742,
      -6.1841206550598145,
      -6.060290813446045,
      -5.936460971832275,
      -5.812630653381348,
      -5.688800811767578,
      -5.564970970153809,
      -5.441140651702881,
      -5.317310810089111,
      -5.193480968475342,
      -5.069650650024414,
      -4.9458208084106445,
      -4.821990966796875,
      -4.6981611251831055,
      -4.574330806732178,
      -4.450500965118408,
      -4.326671123504639,
      -4.202840805053711,
      -4.079010963439941,
      -3.9551808834075928,
      -3.8313510417938232,
      -3.7075209617614746,
      -3.583691120147705,
      -3.4598610401153564,
      -3.336030960083008,
      -3.2122011184692383,
      -3.0883710384368896,
      -2.964540958404541,
      -2.8407111167907715,
      -2.716881036758423,
      -2.593050956726074,
      -2.4692211151123047,
      -2.345391035079956,
      -2.2215611934661865,
      -2.097731113433838,
      -1.9739011526107788,
      -1.8500711917877197,
      -1.726241111755371,
      -1.602411150932312,
      -1.478581190109253,
      -1.3547511100769043,
      -1.2309211492538452,
      -1.1070911884307861,
      -0.983261227607727,
      -0.8594312071800232,
      -0.7356011867523193,
      -0.6117712259292603,
      -0.4879412353038788,
      -0.3641112446784973,
      -0.24028125405311584,
      -0.11645126342773438,
      0.007378727197647095,
      0.13120871782302856,
      0.25503870844841003,
      0.3788686990737915,
      0.5026986598968506,
      0.6265286803245544,
      0.7503587007522583,
      0.8741886615753174,
      0.9980186223983765,
      1.1218485832214355,
      1.2456786632537842,
      1.3695086240768433,
      1.4933385848999023,
      1.617168664932251,
      1.74099862575531,
      1.8648285865783691,
      1.9886585474014282,
      2.1124885082244873,
      2.236318588256836,
      2.3601484298706055,
      2.483978509902954,
      2.6078085899353027,
      2.7316384315490723,
      2.855468511581421,
      2.9792985916137695,
      3.103128433227539,
      3.2269585132598877,
      3.3507885932922363,
      3.474618434906006,
      3.5984485149383545,
      3.722278356552124,
      3.8461084365844727,
      3.9699385166168213,
      4.09376859664917,
      4.2175984382629395,
      4.341428279876709,
      4.465258598327637,
      4.589088439941406,
      4.712918281555176,
      4.836748123168945,
      4.960578441619873,
      5.084408283233643,
      5.208238124847412,
      5.33206844329834,
      5.455898284912109,
      5.579728126525879,
      5.703558444976807,
      5.827388286590576,
      5.951218128204346,
      6.075048446655273,
      6.198878288269043,
      6.3227081298828125,
      6.44653844833374,
      6.57036828994751,
      6.694198131561279,
      6.818028450012207,
      6.941858291625977,
      7.065688133239746,
      7.189517974853516,
      7.313348293304443,
      7.437178134918213,
      7.561007976531982,
      7.68483829498291,
      7.80866813659668
    ]
  }
}