{
  "module": "patch_embed.block4_lif",
  "state_shape": [
    64,
    384,
    16,
    16
  ],
  "time_steps": 1,
  "numel_sampled": 196608,
  "mean": -0.1903899759054184,
  "std": 0.5642734169960022,
  "min": -3.8359360694885254,
  "max": 2.5177927017211914,
  "quantiles": {
    "0.00": -3.8359360694885254,
    "0.01": -1.530863881111145,
    "0.05": -1.1111197471618652,
    "0.10": -0.8992552757263184,
    "0.25": -0.5595309734344482,
    "0.50": -0.1930880844593048,
    "0.75": 0.17764803767204285,
    "0.90": 0.5242530107498169,
    "0.95": 0.7397940158843994,
    "0.99": 1.1655378341674805,
    "1.00": 2.5177927017211914
  },
  "histogram": {
    "counts": [
      1,
      0,
      0,
      0,
      0,
      0,
      0,
      0,
      0,
      0,
      0,
      0,
      0,
      1,
      2,
      1,
      1,
      2,
      2,
      2,
      0,
      1,
      2,
      7,
      5,
      6,
      11,
      14,
      13,
      9,
      20,
      15,
      25,
      21,
      40,
      58,
      52,
      62,
      61,
      110,
      109,
      134,
      187,
      214,
      265,
      323,
      433,
      493,
      564,
      684,
      852,
      1021,
      1204,
      1352,
      1616,
      1872,
      2079,
      2455,
      2773,
      3046,
      3634,
      3847,
      4301,
      4584,
      5010,
      5519,
      5849,
      6121,
      6546,
      6770,
      6979,
      6989,
      7059,
      7197,
      7163,
      6990,
      6910,
      6557,
      6331,
      6031,
      5639,
      5335,
      4916,
      4578,
      4177,
      3753,
      3437,
      2966,
      2717,
      2423,
      2132,
      1807,
      1609,
      1333,
      1149,
      1049,
      836,
      750,
      618,
      451,
      446,
      365,
      297,
      236,
      201,
      169,
      126,
      106,
      79,
      72,
      50,
      40,
      27,
      27,
      18,
      19,
      14,
      3,
      5,
      8,
      6,
      2,
      1,
      2,
      2,
      1,
      1,
      3
    ],
    "bin_edges": [
      -3.8359360694885254,
      -3.786297559738159,
      -3.736659049987793,
      -3.6870205402374268,
      -3.6373820304870605,
      -3.5877435207366943,
      -3.538105010986328,
      -3.488466501235962,
      -3.4388279914855957,
      -3.3891894817352295,
      -3.3395509719848633,
      -3.289912462234497,
      -3.240273952484131,
      -3.1906354427337646,
      -3.1409969329833984,
      -3.0913584232330322,
      -3.041719913482666,
      -2.9920814037323,
      -2.9424428939819336,
      -2.8928043842315674,
      -2.843165874481201,
      -2.793527364730835,
      -2.7438888549804688,
      -2.6942503452301025,
      -2.6446118354797363,
      -2.59497332572937,
      -2.545334815979004,
      -2.4956963062286377,
      -2.4460577964782715,
      -2.3964192867279053,
      -2.346780776977539,
      -2.297142267227173,
      -2.2475037574768066,
      -2.1978654861450195,
      -2.1482269763946533,
      -2.098588466644287,
      -2.048949956893921,
      -1.9993113279342651,
      -1.949672818183899,
      -1.9000343084335327,
      -1.8503957986831665,
      -1.8007572889328003,
      -1.751118779182434,
      -1.7014802694320679,
      -1.6518417596817017,
      -1.6022032499313354,
      -1.5525647401809692,
      -1.502926230430603,
      -1.4532878398895264,
      -1.4036493301391602,
      -1.354010820388794,
      -1.3043723106384277,
      -1.2547338008880615,
      -1.2050952911376953,
      -1.155456781387329,
      -1.105818271636963,
      -1.0561797618865967,
      -1.0065412521362305,
      -0.9569027423858643,
      -0.907264232635498,
      -0.8576257228851318,
      -0.8079872131347656,
      -0.7583487033843994,
      -0.7087101936340332,
      -0.659071683883667,
      -0.6094331741333008,
      -0.5597946643829346,
      -0.5101561546325684,
      -0.46051764488220215,
      -0.4108791649341583,
      -0.3612406551837921,
      -0.3116021454334259,
      -0.2619636356830597,
      -0.21232512593269348,
      -0.16268661618232727,
      -0.11304812133312225,
      -0.06340961158275604,
      -0.01377110555768013,
      0.03586740046739578,
      0.0855059027671814,
      0.1351444125175476,
      0.18478292226791382,
      0.23442143201828003,
      0.28405994176864624,
      0.33369845151901245,
      0.3833369314670563,
      0.4329754412174225,
      0.4826139509677887,
      0.5322524309158325,
      0.5818909406661987,
      0.6315294504165649,
      0.6811679601669312,
      0.7308064699172974,
      0.7804449796676636,
      0.8300834894180298,
      0.879721999168396,
      0.9293605089187622,
      0.9789990186691284,
      1.0286375284194946,
      1.0782760381698608,
      1.127914547920227,
      1.1775530576705933,
      1.2271915674209595,
      1.2768300771713257,
      1.326468586921692,
      1.376107096672058,
      1.4257456064224243,
      1.4753841161727905,
      1.5250226259231567,
      1.574661135673523,
      1.6242996454238892,
      1.6739381551742554,
      1.723576545715332,
      1.7732150554656982,
      1.8228535652160645,
      1.8724920749664307,
      1.9221305847167969,
      1.971769094467163,
      2.0214076042175293,
      2.0710461139678955,
      2.1206846237182617,
      2.170323133468628,
      2.219961643218994,
      2.2696001529693604,
      2.3192386627197266,
      2.3688771724700928,
      2.418515682220459,
      2.468154191970825,
      2.5177927017211914
    ]
  }
}