{
  "module": "patch_embed.block2_lif",
  "state_shape": [
    64,
    96,
    32,
    32
  ],
  "time_steps": 1,
  "numel_sampled": 196608,
  "mean": 0.13545776903629303,
  "std": 0.6722262501716614,
  "min": -4.111210346221924,
  "max": 3.8430795669555664,
  "quantiles": {
    "0.00": -4.111210346221924,
    "0.01": -1.6250107288360596,
    "0.05": -1.0194871425628662,
    "0.10": -0.717989981174469,
    "0.25": -0.2656097412109375,
    "0.50": 0.16948336362838745,
    "0.75": 0.5649455785751343,
    "0.90": 0.9301868081092834,
    "0.95": 1.173144817352295,
    "0.99": 1.716591715812683,
    "1.00": 3.8430795669555664
  },
  "histogram": {
    "counts": [
      1,
      0,
      1,
      0,
      0,
      0,
      2,
      1,
      3,
      2,
      4,
      1,
      2,
      2,
      6,
      4,
      4,
      7,
      8,
      7,
      17,
      11,
      20,
      20,
      28,
      28,
      41,
      42,
      59,
      56,
      68,
      75,
      111,
      96,
      124,
      154,
      184,
      213,
      271,
      291,
      361,
      465,
      518,
      586,
      708,
      791,
      1012,
      1102,
      1307,
      1381,
      1616,
      1871,
      2109,
      2294,
      2662,
      2963,
      3352,
      3695,
      4072,
      4613,
      4991,
      5391,
      5963,
      6345,
      6785,
      7142,
      7497,
      7794,
      7895,
      8184,
      7981,
      7883,
      7846,
      7541,
      7122,
      6597,
      5982,
      5381,
      4735,
      4333,
      3703,
      3115,
      2805,
      2333,
      1931,
      1640,
      1320,
      1176,
      1003,
      827,
      661,
      504,
      469,
      413,
      344,
      266,
      190,
      191,
      167,
      116,
      97,
      111,
      71,
      58,
      49,
      49,
      27,
      27,
      23,
      20,
      17,
      11,
      15,
      3,
      3,
      6,
      3,
      5,
      2,
      2,
      1,
      1,
      0,
      1,
      1,
      0,
      0,
      1
    ],
    "bin_edges": [
      -4.111210346221924,
      -4.049067497253418,
      -3.986924648284912,
      -3.924781560897827,
      -3.8626387119293213,
      -3.8004958629608154,
      -3.7383530139923096,
      -3.6762101650238037,
      -3.614067316055298,
      -3.551924228668213,
      -3.489781379699707,
      -3.427638530731201,
      -3.3654956817626953,
      -3.3033528327941895,
      -3.2412099838256836,
      -3.1790668964385986,
      -3.1169240474700928,
      -3.054781198501587,
      -2.992638349533081,
      -2.930495500564575,
      -2.8683526515960693,
      -2.8062095642089844,
      -2.7440667152404785,
      -2.6819238662719727,
      -2.619781017303467,
      -2.557638168334961,
      -2.495495319366455,
      -2.43335223197937,
      -2.3712093830108643,
      -2.3090665340423584,
      -2.2469236850738525,
      -2.1847808361053467,
      -2.1226377487182617,
      -2.060494899749756,
      -1.99835205078125,
      -1.9362092018127441,
      -1.8740663528442383,
      -1.8119233846664429,
      -1.749780535697937,
      -1.6876376867294312,
      -1.6254947185516357,
      -1.5633518695831299,
      -1.501209020614624,
      -1.4390660524368286,
      -1.3769232034683228,
      -1.314780354499817,
      -1.2526373863220215,
      -1.1904945373535156,
      -1.1283516883850098,
      -1.0662087202072144,
      -1.0040658712387085,
      -0.9419229626655579,
      -0.8797800540924072,
      -0.8176372051239014,
      -0.7554942965507507,
      -0.6933513879776001,
      -0.6312085390090942,
      -0.5690656304359436,
      -0.506922721862793,
      -0.4447798430919647,
      -0.3826369643211365,
      -0.32049405574798584,
      -0.2583511769771576,
      -0.19620828330516815,
      -0.1340653896331787,
      -0.07192249596118927,
      -0.009779609739780426,
      0.052363280206918716,
      0.11450617015361786,
      0.1766490638256073,
      0.23879194259643555,
      0.3009348511695862,
      0.36307772994041443,
      0.4252206087112427,
      0.4873635172843933,
      0.549506425857544,
      0.6116492748260498,
      0.6737921833992004,
      0.7359350919723511,
      0.7980779409408569,
      0.8602208495140076,
      0.9223637580871582,
      0.9845066070556641,
      1.0466495752334595,
      1.1087924242019653,
      1.1709352731704712,
      1.2330782413482666,
      1.2952210903167725,
      1.3573639392852783,
      1.4195069074630737,
      1.4816497564315796,
      1.5437926054000854,
      1.6059355735778809,
      1.6680784225463867,
      1.7302212715148926,
      1.792364239692688,
      1.8545070886611938,
      1.9166499376296997,
      1.9787929058074951,
      2.040935754776001,
      2.103078603744507,
      2.1652214527130127,
      2.2273645401000977,
      2.2895073890686035,
      2.3516502380371094,
      2.4137930870056152,
      2.475935935974121,
      2.538078784942627,
      2.600221872329712,
      2.6623647212982178,
      2.7245075702667236,
      2.7866504192352295,
      2.8487932682037354,
      2.910936117172241,
      2.973079204559326,
      3.035222053527832,
      3.097364902496338,
      3.1595077514648438,
      3.2216506004333496,
      3.2837934494018555,
      3.3459365367889404,
      3.4080793857574463,
      3.470222234725952,
      3.532365083694458,
      3.594507932662964,
      3.6566507816314697,
      3.7187938690185547,
      3.7809367179870605,
      3.8430795669555664
    ]
  }
}