{
  "module": "patch_embed.block1_lif",
  "state_shape": [
    64,
    48,
    32,
    32
  ],
  "time_steps": 1,
  "numel_sampled": 196608,
  "mean": 0.2947644293308258,
  "std": 0.7724727392196655,
  "min": -6.831253528594971,
  "max": 7.899299144744873,
  "quantiles": {
    "0.00": -6.831253528594971,
    "0.01": -1.7675187587738037,
    "0.05": -0.9391775727272034,
    "0.10": -0.5620129108428955,
    "0.25": -0.08765821903944016,
    "0.50": 0.30016833543777466,
    "0.75": 0.6703188419342041,
    "0.90": 1.1258273124694824,
    "0.95": 1.492444396018982,
    "0.99": 2.52500057220459,
    "1.00": 7.899299144744873
  },
  "histogram": {
    "counts": [
      1,
      0,
      0,
      0,
      0,
      2,
      1,
      0,
      0,
      1,
      0,
      3,
      1,
      0,
      2,
      2,
      4,
      2,
      5,
      4,
      1,
      8,
      11,
      11,
      8,
      13,
      15,
      24,
      22,
      35,
      41,
      29,
      39,
      55,
      53,
      85,
      87,
      88,
      128,
      170,
      172,
      230,
      259,
      354,
      473,
      650,
      892,
      943,
      1177,
      1529,
      1792,
      2159,
      2726,
      3451,
      4341,
      5280,
      6836,
      8694,
      10871,
      13835,
      15020,
      16186,
      16625,
      16092,
      13722,
      10766,
      8606,
      6590,
      5084,
      4168,
      3151,
      2474,
      1898,
      1461,
      1232,
      1035,
      803,
      628,
      505,
      512,
      374,
      292,
      291,
      226,
      205,
      143,
      130,
      92,
      82,
      60,
      82,
      54,
      43,
      44,
      45,
      68,
      43,
      32,
      34,
      16,
      13,
      10,
      12,
      6,
      6,
      6,
      6,
      1,
      3,
      4,
      0,
      3,
      0,
      3,
      0,
      0,
      1,
      1,
      1,
      0,
      0,
      0,
      0,
      0,
      1,
      0,
      0,
      2
    ],
    "bin_edges": [
      -6.831253528594971,
      -6.7161712646484375,
      -6.601088523864746,
      -6.486006259918213,
      -6.37092399597168,
      -6.255841255187988,
      -6.140758991241455,
      -6.025676250457764,
      -5.9105939865112305,
      -5.795511722564697,
      -5.680428981781006,
      -5.565346717834473,
      -5.450263977050781,
      -5.335181713104248,
      -5.220099449157715,
      -5.105016708374023,
      -4.98993444442749,
      -4.874852180480957,
      -4.759769439697266,
      -4.644687175750732,
      -4.529604911804199,
      -4.414522171020508,
      -4.299439907073975,
      -4.184357166290283,
      -4.06927490234375,
      -3.9541923999786377,
      -3.8391098976135254,
      -3.724027633666992,
      -3.60894513130188,
      -3.4938626289367676,
      -3.3787803649902344,
      -3.263697862625122,
      -3.1486153602600098,
      -3.0335328578948975,
      -2.918450355529785,
      -2.803368091583252,
      -2.6882855892181396,
      -2.5732030868530273,
      -2.458120822906494,
      -2.343038320541382,
      -2.2279558181762695,
      -2.1128733158111572,
      -1.9977909326553345,
      -1.8827085494995117,
      -1.7676260471343994,
      -1.652543544769287,
      -1.5374611616134644,
      -1.4223787784576416,
      -1.3072962760925293,
      -1.192213773727417,
      -1.0771313905715942,
      -0.9620489478111267,
      -0.8469665050506592,
      -0.7318840622901917,
      -0.6168016195297241,
      -0.5017191767692566,
      -0.38663673400878906,
      -0.27155429124832153,
      -0.156471848487854,
      -0.041389405727386475,
      0.07369303703308105,
      0.18877547979354858,
      0.3038579225540161,
      0.41894036531448364,
      0.5340228080749512,
      0.6491052508354187,
      0.7641876935958862,
      0.8792701363563538,
      0.9943525791168213,
      1.1094350814819336,
      1.2245174646377563,
      1.339599847793579,
      1.4546823501586914,
      1.5697648525238037,
      1.6848472356796265,
      1.7999296188354492,
      1.9150121212005615,
      2.030094623565674,
      2.145176887512207,
      2.2602593898773193,
      2.3753418922424316,
      2.490424394607544,
      2.6055068969726562,
      2.7205891609191895,
      2.8356716632843018,
      2.950754165649414,
      3.0658364295959473,
      3.1809189319610596,
      3.296001434326172,
      3.411083936691284,
      3.5261664390563965,
      3.6412487030029297,
      3.756331205368042,
      3.8714137077331543,
      3.9864959716796875,
      4.101578712463379,
      4.216660976409912,
      4.331743240356445,
      4.446825981140137,
      4.56190824508667,
      4.676990509033203,
      4.7920732498168945,
      4.907155513763428,
      5.022238254547119,
      5.137320518493652,
      5.2524027824401855,
      5.367485523223877,
      5.48256778717041,
      5.597650527954102,
      5.712732791900635,
      5.827815055847168,
      5.942897796630859,
      6.057980060577393,
      6.173062324523926,
      6.288145065307617,
      6.40322732925415,
      6.518309593200684,
      6.633392333984375,
      6.748474597930908,
      6.8635573387146,
      6.978639602661133,
      7.093721866607666,
      7.208804607391357,
      7.323886871337891,
      7.438969612121582,
      7.554051876068115,
      7.669134140014648,
      7.78421688079834,
      7.899299144744873
    ]
  }
}