{
  "module": "patch_embed.block3_lif",
  "state_shape": [
    64,
    192,
    32,
    32
  ],
  "time_steps": 1,
  "numel_sampled": 199729,
  "mean": -0.4812791645526886,
  "std": 0.5831488966941833,
  "min": -4.027369499206543,
  "max": 2.4360151290893555,
  "quantiles": {
    "0.00": -4.027369499206543,
    "0.01": -1.8752176761627197,
    "0.05": -1.4195278882980347,
    "0.10": -1.2011178731918335,
    "0.25": -0.857739269733429,
    "0.50": -0.489541620016098,
    "0.75": -0.11210670322179794,
    "0.90": 0.2529575526714325,
    "0.95": 0.4873094856739044,
    "0.99": 0.9665579795837402,
    "1.00": 2.4360151290893555
  },
  "histogram": {
    "counts": [
      1,
      0,
      0,
      0,
      0,
      1,
      0,
      0,
      1,
      0,
      1,
      2,
      1,
      0,
      4,
      2,
      6,
      2,
      7,
      3,
      7,
      9,
      13,
      15,
      12,
      17,
      12,
      22,
      30,
      31,
      27,
      56,
      49,
      70,
      83,
      96,
      112,
      147,
      190,
      209,
      237,
      315,
      357,
      409,
      474,
      617,
      698,
      872,
      1029,
      1302,
      1406,
      1615,
      1905,
      2239,
      2452,
      2885,
      3340,
      3582,
      3962,
      4533,
      4882,
      5211,
      5712,
      6168,
      6343,
      6754,
      7071,
      7277,
      7304,
      7220,
      7327,
      7282,
      7003,
      6940,
      6653,
      6236,
      5859,
      5609,
      5022,
      4826,
      4428,
      3999,
      3607,
      3244,
      3000,
      2667,
      2225,
      1998,
      1731,
      1504,
      1375,
      1132,
      996,
      905,
      732,
      627,
      553,
      467,
      403,
      343,
      275,
      254,
      193,
      147,
      155,
      101,
      97,
      86,
      75,
      52,
      37,
      30,
      19,
      21,
      24,
      13,
      19,
      12,
      2,
      2,
      6,
      2,
      1,
      0,
      1,
      0,
      1,
      2
    ],
    "bin_edges": [
      -4.027369499206543,
      -3.976874351501465,
      -3.9263792037963867,
      -3.8758838176727295,
      -3.8253886699676514,
      -3.7748935222625732,
      -3.724398374557495,
      -3.673903226852417,
      -3.6234078407287598,
      -3.5729126930236816,
      -3.5224175453186035,
      -3.4719223976135254,
      -3.4214272499084473,
      -3.370932102203369,
      -3.320436716079712,
      -3.269941568374634,
      -3.2194464206695557,
      -3.1689512729644775,
      -3.1184561252593994,
      -3.067960739135742,
      -3.017465591430664,
      -2.966970443725586,
      -2.916475296020508,
      -2.8659801483154297,
      -2.8154850006103516,
      -2.7649896144866943,
      -2.714494466781616,
      -2.663999319076538,
      -2.61350417137146,
      -2.563009023666382,
      -2.5125136375427246,
      -2.4620184898376465,
      -2.4115233421325684,
      -2.3610281944274902,
      -2.310533046722412,
      -2.260037660598755,
      -2.2095425128936768,
      -2.1590473651885986,
      -2.1085522174835205,
      -2.0580570697784424,
      -2.007561683654785,
      -1.9570666551589966,
      -1.906571388244629,
      -1.8560762405395508,
      -1.8055810928344727,
      -1.755085825920105,
      -1.7045906782150269,
      -1.6540954113006592,
      -1.603600263595581,
      -1.553105115890503,
      -1.5026098489761353,
      -1.4521147012710571,
      -1.4016194343566895,
      -1.3511242866516113,
      -1.3006291389465332,
      -1.2501338720321655,
      -1.1996387243270874,
      -1.1491435766220093,
      -1.0986483097076416,
      -1.0481531620025635,
      -0.9976579546928406,
      -0.9471627473831177,
      -0.8966675996780396,
      -0.8461723923683167,
      -0.7956771850585938,
      -0.7451819777488708,
      -0.694686770439148,
      -0.6441916227340698,
      -0.5936964154243469,
      -0.543201208114624,
      -0.4927060306072235,
      -0.442210853099823,
      -0.3917156457901001,
      -0.3412204384803772,
      -0.2907252609729767,
      -0.24023006856441498,
      -0.18973487615585327,
      -0.13923968374729156,
      -0.08874449133872986,
      -0.03824929893016815,
      0.012245893478393555,
      0.06274108588695526,
      0.11323627829551697,
      0.16373147070407867,
      0.21422666311264038,
      0.2647218704223633,
      0.3152170479297638,
      0.3657122254371643,
      0.4162074327468872,
      0.4667026400566101,
      0.517197847366333,
      0.5676929950714111,
      0.618188202381134,
      0.6686834096908569,
      0.7191785573959351,
      0.769673764705658,
      0.8201689720153809,
      0.8706641793251038,
      0.9211593866348267,
      0.9716545343399048,
      1.0221498012542725,
      1.0726449489593506,
      1.1231400966644287,
      1.1736353635787964,
      1.2241305112838745,
      1.2746256589889526,
      1.3251209259033203,
      1.3756160736083984,
      1.4261112213134766,
      1.4766064882278442,
      1.5271016359329224,
      1.57759690284729,
      1.6280920505523682,
      1.6785871982574463,
      1.729082465171814,
      1.779577612876892,
      1.8300728797912598,
      1.880568027496338,
      1.931063175201416,
      1.9815584421157837,
      2.0320534706115723,
      2.0825488567352295,
      2.1330440044403076,
      2.1835391521453857,
      2.234034299850464,
      2.284529447555542,
      2.335024833679199,
      2.3855199813842773,
      2.4360151290893555
    ]
  }
}