{
  "module": "block.1.attn.q_lif",
  "state_shape": [
    64,
    384,
    64
  ],
  "time_steps": 1,
  "numel_sampled": 196608,
  "mean": -0.018059244379401207,
  "std": 1.2129193544387817,
  "min": -4.325649738311768,
  "max": 4.6165008544921875,
  "quantiles": {
    "0.00": -4.325649738311768,
    "0.01": -2.3096840381622314,
    "0.05": -1.7712253332138062,
    "0.10": -1.4985144138336182,
    "0.25": -0.9763855934143066,
    "0.50": -0.19183677434921265,
    "0.75": 0.9889691472053528,
    "0.90": 1.664367914199829,
    "0.95": 1.9726594686508179,
    "0.99": 2.574443817138672,
    "1.00": 4.6165008544921875
  },
  "histogram": {
    "counts": [
      2,
      1,
      1,
      0,
      1,
      0,
      1,
      3,
      2,
      9,
      6,
      10,
      11,
      19,
      28,
      29,
      37,
      37,
      42,
      63,
      68,
      77,
      113,
      131,
      144,
      215,
      270,
      329,
      379,
      453,
      604,
      785,
      924,
      1087,
      1344,
      1566,
      1921,
      2271,
      2543,
      2796,
      3035,
      3396,
      3577,
      3838,
      4113,
      4217,
      4442,
      4475,
      4721,
      4752,
      4878,
      4723,
      4533,
      4539,
      4375,
      4109,
      3986,
      3939,
      3700,
      3533,
      3353,
      3087,
      2975,
      2963,
      2821,
      2752,
      2755,
      2792,
      2654,
      2717,
      2748,
      2709,
      2773,
      2789,
      2984,
      3153,
      3157,
      3055,
      3151,
      3156,
      3182,
      3118,
      3076,
      2979,
      2824,
      2726,
      2480,
      2371,
      2097,
      1902,
      1586,
      1367,
      1253,
      984,
      840,
      717,
      596,
      494,
      391,
      315,
      267,
      210,
      169,
      166,
      123,
      122,
      81,
      73,
      69,
      55,
      31,
      32,
      30,
      22,
      21,
      14,
      19,
      10,
      11,
      14,
      7,
      7,
      1,
      2,
      4,
      1,
      0,
      2
    ],
    "bin_edges": [
      -4.325649738311768,
      -4.255789279937744,
      -4.185928821563721,
      -4.116067886352539,
      -4.046207427978516,
      -3.976346969604492,
      -3.9064865112304688,
      -3.836625814437866,
      -3.7667653560638428,
      -3.6969048976898193,
      -3.627044200897217,
      -3.5571837425231934,
      -3.48732328414917,
      -3.4174625873565674,
      -3.347602128982544,
      -3.2777414321899414,
      -3.207880973815918,
      -3.1380205154418945,
      -3.068159818649292,
      -2.9982993602752686,
      -2.928438663482666,
      -2.8585782051086426,
      -2.788717746734619,
      -2.7188570499420166,
      -2.648996591567993,
      -2.5791361331939697,
      -2.509275436401367,
      -2.4394149780273438,
      -2.3695545196533203,
      -2.2996938228607178,
      -2.2298333644866943,
      -2.159972667694092,
      -2.0901122093200684,
      -2.020251750946045,
      -1.9503910541534424,
      -1.880530595779419,
      -1.810670018196106,
      -1.740809440612793,
      -1.6709489822387695,
      -1.6010884046554565,
      -1.5312278270721436,
      -1.4613672494888306,
      -1.3915066719055176,
      -1.3216462135314941,
      -1.2517856359481812,
      -1.1819250583648682,
      -1.1120645999908447,
      -1.0422040224075317,
      -0.9723434448242188,
      -0.9024828672409058,
      -0.8326223492622375,
      -0.7627618312835693,
      -0.6929012537002563,
      -0.6230406761169434,
      -0.5531801581382751,
      -0.48331961035728455,
      -0.41345906257629395,
      -0.34359851479530334,
      -0.27373796701431274,
      -0.20387741923332214,
      -0.13401687145233154,
      -0.06415632367134094,
      0.005704224109649658,
      0.07556477189064026,
      0.14542579650878906,
      0.21528634428977966,
      0.28514689207077026,
      0.35500743985176086,
      0.42486798763275146,
      0.49472853541374207,
      0.5645890831947327,
      0.6344496011734009,
      0.7043101787567139,
      0.7741707563400269,
      0.8440312743186951,
      0.9138917922973633,
      0.9837523698806763,
      1.0536129474639893,
      1.1234734058380127,
      1.1933339834213257,
      1.2631945610046387,
      1.3330551385879517,
      1.4029157161712646,
      1.472776174545288,
      1.542636752128601,
      1.612497329711914,
      1.6823577880859375,
      1.7522183656692505,
      1.8220789432525635,
      1.8919395208358765,
      1.9618000984191895,
      2.031660556793213,
      2.1015210151672363,
      2.171381711959839,
      2.2412421703338623,
      2.311102867126465,
      2.3809633255004883,
      2.4508237838745117,
      2.5206844806671143,
      2.5905449390411377,
      2.6604056358337402,
      2.7302660942077637,
      2.800126552581787,
      2.8699872493743896,
      2.939847707748413,
      3.0097081661224365,
      3.079568862915039,
      3.1494293212890625,
      3.219289779663086,
      3.2891504764556885,
      3.359010934829712,
      3.4288716316223145,
      3.498732089996338,
      3.5685925483703613,
      3.638453245162964,
      3.7083137035369873,
      3.77817440032959,
      3.8480348587036133,
      3.9178953170776367,
      3.9877560138702393,
      4.057616233825684,
      4.127477169036865,
      4.197337627410889,
      4.267198085784912,
      4.3370585441589355,
      4.406919002532959,
      4.476779937744141,
      4.546640396118164,
      4.6165008544921875
    ]
  }
}