{
  "module": "block.3.attn.v_lif",
  "state_shape": [
    64,
    384,
    64
  ],
  "time_steps": 1,
  "numel_sampled": 196608,
  "mean": -0.05921409651637077,
  "std": 0.7053268551826477,
  "min": -5.076517105102539,
  "max": 3.8891963958740234,
  "quantiles": {
    "0.00": -5.076517105102539,
    "0.01": -1.6239467859268188,
    "0.05": -1.1588324308395386,
    "0.10": -0.9228635430335999,
    "0.25": -0.5302315950393677,
    "0.50": -0.08737176656723022,
    "0.75": 0.3808635473251343,
    "0.90": 0.8446425795555115,
    "0.95": 1.1533478498458862,
    "0.99": 1.765854001045227,
    "1.00": 3.8891963958740234
  },
  "histogram": {
    "counts": [
      1,
      0,
      0,
      0,
      0,
      0,
      1,
      0,
      1,
      2,
      1,
      0,
      2,
      0,
      1,
      3,
      0,
      0,
      2,
      2,
      0,
      0,
      1,
      0,
      5,
      1,
      7,
      2,
      2,
      10,
      7,
      3,
      8,
      14,
      9,
      9,
      14,
      25,
      27,
      38,
      48,
      78,
      72,
      126,
      133,
      197,
      252,
      310,
      414,
      592,
      707,
      895,
      1056,
      1347,
      1641,
      1913,
      2453,
      2796,
      3365,
      3838,
      4431,
      4909,
      5417,
      6093,
      6499,
      7007,
      7513,
      7710,
      8134,
      8160,
      8152,
      8195,
      8002,
      7761,
      7487,
      7111,
      6711,
      6275,
      5765,
      5302,
      4787,
      4236,
      3866,
      3372,
      2962,
      2543,
      2294,
      1971,
      1782,
      1437,
      1296,
      1086,
      966,
      799,
      684,
      638,
      543,
      459,
      387,
      310,
      239,
      215,
      154,
      125,
      100,
      79,
      73,
      40,
      27,
      19,
      11,
      17,
      9,
      4,
      1,
      4,
      4,
      0,
      2,
      0,
      0,
      0,
      0,
      1,
      0,
      0,
      0,
      1
    ],
    "bin_edges": [
      -5.076517105102539,
      -5.006472587585449,
      -4.936428070068359,
      -4.866383075714111,
      -4.7963385581970215,
      -4.726294040679932,
      -4.656249046325684,
      -4.586204528808594,
      -4.516160011291504,
      -4.446115493774414,
      -4.376070976257324,
      -4.306025981903076,
      -4.235981464385986,
      -4.1659369468688965,
      -4.095891952514648,
      -4.025847434997559,
      -3.9558029174804688,
      -3.885758399963379,
      -3.81571364402771,
      -3.745668888092041,
      -3.675624370574951,
      -3.6055798530578613,
      -3.5355350971221924,
      -3.4654903411865234,
      -3.3954458236694336,
      -3.3254013061523438,
      -3.255356550216675,
      -3.185311794281006,
      -3.115267276763916,
      -3.045222759246826,
      -2.9751780033111572,
      -2.9051332473754883,
      -2.8350887298583984,
      -2.7650442123413086,
      -2.6949994564056396,
      -2.6249547004699707,
      -2.554910182952881,
      -2.484865665435791,
      -2.414820909500122,
      -2.344776153564453,
      -2.2747316360473633,
      -2.2046871185302734,
      -2.1346423625946045,
      -2.0645976066589355,
      -1.9945530891418457,
      -1.9245084524154663,
      -1.854463815689087,
      -1.7844191789627075,
      -1.7143745422363281,
      -1.6443299055099487,
      -1.5742852687835693,
      -1.50424063205719,
      -1.4341959953308105,
      -1.3641513586044312,
      -1.2941067218780518,
      -1.2240620851516724,
      -1.154017448425293,
      -1.0839728116989136,
      -1.0139281749725342,
      -0.9438835382461548,
      -0.8738389015197754,
      -0.803794264793396,
      -0.7337496280670166,
      -0.6637049913406372,
      -0.5936603546142578,
      -0.5236157178878784,
      -0.453571081161499,
      -0.38352644443511963,
      -0.31348180770874023,
      -0.24343717098236084,
      -0.17339253425598145,
      -0.10334789752960205,
      -0.033303260803222656,
      0.03674137592315674,
      0.10678601264953613,
      0.17683064937591553,
      0.24687528610229492,
      0.3169199228286743,
      0.3869645595550537,
      0.4570091962814331,
      0.5270538330078125,
      0.5970984697341919,
      0.6671431064605713,
      0.7371877431869507,
      0.8072323799133301,
      0.8772770166397095,
      0.9473216533660889,
      1.0173662900924683,
      1.0874109268188477,
      1.157455563545227,
      1.2275002002716064,
      1.2975448369979858,
      1.3675894737243652,
      1.4376341104507446,
      1.507678747177124,
      1.5777233839035034,
      1.6477680206298828,
      1.7178126573562622,
      1.7878572940826416,
      1.857901930809021,
      1.9279465675354004,
      1.9979912042617798,
      2.068035840988159,
      2.138080596923828,
      2.208125114440918,
      2.278169631958008,
      2.3482143878936768,
      2.4182591438293457,
      2.4883036613464355,
      2.5583481788635254,
      2.6283929347991943,
      2.6984376907348633,
      2.768482208251953,
      2.838526725769043,
      2.908571481704712,
      2.978616237640381,
      3.0486607551574707,
      3.1187052726745605,
      3.1887500286102295,
      3.2587947845458984,
      3.3288393020629883,
      3.398883819580078,
      3.468928575515747,
      3.538973331451416,
      3.609017848968506,
      3.6790623664855957,
      3.7491071224212646,
      3.8191518783569336,
      3.8891963958740234
    ]
  }
}