{
  "module": "block.0.attn.v_lif",
  "state_shape": [
    64,
    384,
    64
  ],
  "time_steps": 1,
  "numel_sampled": 196608,
  "mean": 0.186610147356987,
  "std": 1.1026846170425415,
  "min": -4.3210768699646,
  "max": 5.573293685913086,
  "quantiles": {
    "0.00": -4.3210768699646,
    "0.01": -2.394611358642578,
    "0.05": -1.583670973777771,
    "0.10": -1.183204174041748,
    "0.25": -0.5467290878295898,
    "0.50": 0.1599757969379425,
    "0.75": 0.9009056687355042,
    "0.90": 1.615403175354004,
    "0.95": 2.057593822479248,
    "0.99": 2.8448503017425537,
    "1.00": 5.573293685913086
  },
  "histogram": {
    "counts": [
      3,
      2,
      2,
      3,
      7,
      9,
      17,
      16,
      19,
      23,
      26,
      26,
      33,
      42,
      44,
      71,
      59,
      123,
      122,
      160,
      164,
      167,
      237,
      293,
      329,
      351,
      460,
      496,
      541,
      661,
      710,
      800,
      940,
      1038,
      1255,
      1414,
      1610,
      1710,
      1998,
      2292,
      2423,
      2690,
      3104,
      3268,
      3588,
      3837,
      3996,
      4204,
      4559,
      4793,
      4906,
      5217,
      5396,
      5355,
      5678,
      5710,
      5749,
      5734,
      5681,
      5636,
      5508,
      5462,
      5201,
      5167,
      4942,
      4531,
      4442,
      4322,
      4056,
      3773,
      3567,
      3351,
      3038,
      2884,
      2634,
      2470,
      2254,
      2030,
      1857,
      1755,
      1571,
      1441,
      1315,
      1149,
      1063,
      983,
      849,
      754,
      625,
      593,
      521,
      482,
      362,
      291,
      265,
      225,
      202,
      176,
      127,
      106,
      89,
      80,
      65,
      64,
      34,
      27,
      16,
      25,
      17,
      14,
      9,
      4,
      5,
      3,
      4,
      2,
      4,
      1,
      1,
      0,
      0,
      1,
      1,
      0,
      0,
      0,
      0,
      1
    ],
    "bin_edges": [
      -4.3210768699646,
      -4.243777275085449,
      -4.166477203369141,
      -4.08917760848999,
      -4.01187801361084,
      -3.9345779418945312,
      -3.857278347015381,
      -3.7799785137176514,
      -3.702678680419922,
      -3.6253788471221924,
      -3.548079013824463,
      -3.4707794189453125,
      -3.393479585647583,
      -3.3161797523498535,
      -3.238880157470703,
      -3.1615803241729736,
      -3.084280490875244,
      -3.0069806575775146,
      -2.929680824279785,
      -2.8523812294006348,
      -2.7750813961029053,
      -2.697781562805176,
      -2.6204819679260254,
      -2.543182134628296,
      -2.4658823013305664,
      -2.388582468032837,
      -2.3112826347351074,
      -2.233983039855957,
      -2.1566832065582275,
      -2.079383373260498,
      -2.0020837783813477,
      -1.9247839450836182,
      -1.8474841117858887,
      -1.7701842784881592,
      -1.6928845643997192,
      -1.6155848503112793,
      -1.5382850170135498,
      -1.4609851837158203,
      -1.3836854696273804,
      -1.3063857555389404,
      -1.229085922241211,
      -1.1517860889434814,
      -1.0744863748550415,
      -0.9971866011619568,
      -0.9198868274688721,
      -0.8425870537757874,
      -0.7652872800827026,
      -0.6879875063896179,
      -0.6106877326965332,
      -0.5333879590034485,
      -0.45608818531036377,
      -0.37878841161727905,
      -0.30148863792419434,
      -0.22418886423110962,
      -0.1468890905380249,
      -0.06958931684494019,
      0.007710456848144531,
      0.08501023054122925,
      0.16231000423431396,
      0.23960977792739868,
      0.3169095516204834,
      0.3942093253135681,
      0.47150909900665283,
      0.5488088726997375,
      0.6261081695556641,
      0.7034079432487488,
      0.7807077169418335,
      0.8580074906349182,
      0.9353072643280029,
      1.0126070976257324,
      1.0899068117141724,
      1.1672065258026123,
      1.2445063591003418,
      1.3218061923980713,
      1.3991059064865112,
      1.4764056205749512,
      1.5537054538726807,
      1.6310052871704102,
      1.70830500125885,
      1.78560471534729,
      1.8629045486450195,
      1.940204381942749,
      2.0175042152404785,
      2.094803810119629,
      2.1721036434173584,
      2.249403476715088,
      2.3267030715942383,
      2.4040029048919678,
      2.4813027381896973,
      2.5586025714874268,
      2.6359024047851562,
      2.7132019996643066,
      2.790501832962036,
      2.8678016662597656,
      2.945101261138916,
      3.0224010944366455,
      3.099700927734375,
      3.1770007610321045,
      3.254300594329834,
      3.3316001892089844,
      3.408900022506714,
      3.4861998558044434,
      3.5634994506835938,
      3.6407992839813232,
      3.7180991172790527,
      3.7953989505767822,
      3.8726987838745117,
      3.949998378753662,
      4.0272979736328125,
      4.104598045349121,
      4.1818976402282715,
      4.25919771194458,
      4.3364973068237305,
      4.413796901702881,
      4.4910969734191895,
      4.56839656829834,
      4.645696640014648,
      4.722996234893799,
      4.800295829772949,
      4.877595901489258,
      4.954895496368408,
      5.032195091247559,
      5.109495162963867,
      5.186794757843018,
      5.264094352722168,
      5.341394424438477,
      5.418694019317627,
      5.4959940910339355,
      5.573293685913086
    ]
  }
}