{
  "module": "block.3.mlp.mlp2_lif",
  "state_shape": [
    64,
    1536,
    8,
    8
  ],
  "time_steps": 1,
  "numel_sampled": 196608,
  "mean": -0.43703582882881165,
  "std": 0.8366385102272034,
  "min": -5.3722004890441895,
  "max": 4.671092987060547,
  "quantiles": {
    "0.00": -5.3722004890441895,
    "0.01": -2.1867611408233643,
    "0.05": -1.6577965021133423,
    "0.10": -1.3999359607696533,
    "0.25": -0.9881758689880371,
    "0.50": -0.5131481885910034,
    "0.75": 0.02415173500776291,
    "0.90": 0.6324846744537354,
    "0.95": 1.0891594886779785,
    "0.99": 1.9898630380630493,
    "1.00": 4.671092987060547
  },
  "histogram": {
    "counts": [
      1,
      1,
      0,
      1,
      1,
      1,
      0,
      0,
      0,
      0,
      1,
      0,
      0,
      1,
      1,
      1,
      2,
      0,
      2,
      0,
      3,
      5,
      2,
      9,
      9,
      13,
      17,
      20,
      25,
      36,
      46,
      51,
      65,
      70,
      92,
      138,
      161,
      219,
      295,
      403,
      449,
      597,
      747,
      997,
      1234,
      1532,
      1855,
      2257,
      2765,
      3216,
      3889,
      4548,
      5128,
      5754,
      6412,
      6981,
      7426,
      7860,
      8173,
      8497,
      8511,
      8382,
      8228,
      8152,
      7799,
      7205,
      6638,
      6087,
      5659,
      5250,
      4684,
      4354,
      3735,
      3302,
      3051,
      2677,
      2338,
      2110,
      1831,
      1622,
      1463,
      1275,
      1144,
      1050,
      957,
      875,
      741,
      726,
      606,
      560,
      496,
      435,
      406,
      337,
      311,
      263,
      206,
      191,
      148,
      159,
      114,
      90,
      81,
      64,
      61,
      35,
      39,
      33,
      22,
      19,
      14,
      17,
      10,
      10,
      4,
      6,
      2,
      2,
      1,
      3,
      0,
      0,
      1,
      1,
      1,
      3,
      0,
      2
    ],
    "bin_edges": [
      -5.3722004890441895,
      -5.293737411499023,
      -5.215273857116699,
      -5.136810779571533,
      -5.058347702026367,
      -4.979884147644043,
      -4.901421070098877,
      -4.822957992553711,
      -4.744494438171387,
      -4.666031360626221,
      -4.587568283081055,
      -4.509105205535889,
      -4.4306416511535645,
      -4.352178573608398,
      -4.273715496063232,
      -4.195251941680908,
      -4.116788864135742,
      -4.038325786590576,
      -3.959862470626831,
      -3.881399154663086,
      -3.80293607711792,
      -3.724472761154175,
      -3.6460094451904297,
      -3.5675463676452637,
      -3.4890830516815186,
      -3.4106197357177734,
      -3.3321566581726074,
      -3.2536933422088623,
      -3.175230026245117,
      -3.096766948699951,
      -3.018303632736206,
      -2.93984055519104,
      -2.861377239227295,
      -2.78291392326355,
      -2.704450845718384,
      -2.6259875297546387,
      -2.5475244522094727,
      -2.4690611362457275,
      -2.3905978202819824,
      -2.3121347427368164,
      -2.2336714267730713,
      -2.155208110809326,
      -2.07674503326416,
      -1.998281717300415,
      -1.9198185205459595,
      -1.841355323791504,
      -1.7628920078277588,
      -1.6844288110733032,
      -1.6059656143188477,
      -1.527502417564392,
      -1.4490392208099365,
      -1.3705759048461914,
      -1.2921127080917358,
      -1.2136495113372803,
      -1.1351861953735352,
      -1.0567229986190796,
      -0.978259801864624,
      -0.8997966051101685,
      -0.8213333487510681,
      -0.7428700923919678,
      -0.6644068956375122,
      -0.5859436988830566,
      -0.5074804425239563,
      -0.42901721596717834,
      -0.3505535125732422,
      -0.27209028601646423,
      -0.19362705945968628,
      -0.11516383290290833,
      -0.03670060634613037,
      0.04176262021064758,
      0.12022584676742554,
      0.1986890733242035,
      0.27715229988098145,
      0.3556155264377594,
      0.43407875299453735,
      0.5125420093536377,
      0.5910052061080933,
      0.6694684028625488,
      0.7479316592216492,
      0.8263949155807495,
      0.9048581123352051,
      0.9833213090896606,
      1.0617845058441162,
      1.1402478218078613,
      1.218711018562317,
      1.2971742153167725,
      1.3756375312805176,
      1.4541007280349731,
      1.5325639247894287,
      1.6110271215438843,
      1.6894903182983398,
      1.767953634262085,
      1.8464168310165405,
      1.924880027770996,
      2.003343343734741,
      2.0818064212799072,
      2.1602697372436523,
      2.2387330532073975,
      2.3171961307525635,
      2.3956594467163086,
      2.4741225242614746,
      2.5525858402252197,
      2.631049156188965,
      2.709512233734131,
      2.787975549697876,
      2.866438865661621,
      2.944901943206787,
      3.0233652591705322,
      3.1018285751342773,
      3.1802916526794434,
      3.2587549686431885,
      3.3372180461883545,
      3.4156813621520996,
      3.4941446781158447,
      3.5726077556610107,
      3.651071071624756,
      3.729534149169922,
      3.807997465133667,
      3.886460781097412,
      3.964923858642578,
      4.043387413024902,
      4.121850490570068,
      4.200313568115234,
      4.2787766456604,
      4.357240200042725,
      4.435703277587891,
      4.514166355133057,
      4.592629909515381,
      4.671092987060547
    ]
  }
}