{
  "module": "block.3.attn.k_lif",
  "state_shape": [
    64,
    384,
    64
  ],
  "time_steps": 1,
  "numel_sampled": 196608,
  "mean": -0.48123493790626526,
  "std": 0.5526760816574097,
  "min": -2.6199944019317627,
  "max": 2.271721601486206,
  "quantiles": {
    "0.00": -2.6199944019317627,
    "0.01": -1.6376307010650635,
    "0.05": -1.3279306888580322,
    "0.10": -1.158612608909607,
    "0.25": -0.8676047325134277,
    "0.50": -0.5181843042373657,
    "0.75": -0.12954384088516235,
    "0.90": 0.2539862394332886,
    "0.95": 0.489199161529541,
    "0.99": 0.9334913492202759,
    "1.00": 2.271721601486206
  },
  "histogram": {
    "counts": [
      2,
      0,
      1,
      0,
      4,
      3,
      5,
      1,
      2,
      3,
      9,
      9,
      13,
      19,
      31,
      27,
      50,
      71,
      77,
      118,
      137,
      177,
      248,
      290,
      382,
      415,
      500,
      660,
      747,
      880,
      1068,
      1199,
      1430,
      1579,
      1818,
      2105,
      2290,
      2627,
      2849,
      3142,
      3436,
      3789,
      4097,
      4322,
      4481,
      4771,
      4996,
      5099,
      5242,
      5338,
      5463,
      5518,
      5544,
      5671,
      5558,
      5475,
      5331,
      5354,
      5071,
      4957,
      4745,
      4806,
      4468,
      4156,
      4118,
      3888,
      3719,
      3456,
      3259,
      3064,
      2815,
      2676,
      2436,
      2309,
      2141,
      1989,
      1871,
      1663,
      1554,
      1432,
      1258,
      1190,
      1067,
      960,
      805,
      796,
      727,
      591,
      549,
      494,
      443,
      396,
      307,
      243,
      251,
      220,
      206,
      161,
      140,
      115,
      98,
      76,
      74,
      68,
      54,
      37,
      47,
      32,
      28,
      15,
      16,
      19,
      6,
      7,
      16,
      5,
      9,
      3,
      1,
      3,
      2,
      2,
      1,
      1,
      2,
      0,
      0,
      1
    ],
    "bin_edges": [
      -2.6199944019317627,
      -2.581777811050415,
      -2.5435614585876465,
      -2.505344867706299,
      -2.467128276824951,
      -2.4289116859436035,
      -2.390695095062256,
      -2.3524787425994873,
      -2.3142621517181396,
      -2.276045560836792,
      -2.2378292083740234,
      -2.199612617492676,
      -2.161396026611328,
      -2.1231794357299805,
      -2.084962844848633,
      -2.0467464923858643,
      -2.0085299015045166,
      -1.970313310623169,
      -1.9320968389511108,
      -1.8938803672790527,
      -1.855663776397705,
      -1.8174471855163574,
      -1.7792307138442993,
      -1.7410142421722412,
      -1.7027976512908936,
      -1.664581060409546,
      -1.6263645887374878,
      -1.5881481170654297,
      -1.549931526184082,
      -1.5117149353027344,
      -1.4734984636306763,
      -1.4352819919586182,
      -1.3970654010772705,
      -1.3588488101959229,
      -1.3206323385238647,
      -1.2824158668518066,
      -1.244199275970459,
      -1.2059826850891113,
      -1.1677662134170532,
      -1.1295497417449951,
      -1.0913331508636475,
      -1.0531165599822998,
      -1.0149000883102417,
      -0.9766835570335388,
      -0.9384670257568359,
      -0.9002504944801331,
      -0.8620339632034302,
      -0.8238174319267273,
      -0.7856009006500244,
      -0.7473843693733215,
      -0.7091678380966187,
      -0.6709513068199158,
      -0.6327347755432129,
      -0.59451824426651,
      -0.5563017129898071,
      -0.5180851817131042,
      -0.47986865043640137,
      -0.4416521191596985,
      -0.4034355878829956,
      -0.3652190566062927,
      -0.32700252532958984,
      -0.28878599405288696,
      -0.2505694627761841,
      -0.2123529314994812,
      -0.17413640022277832,
      -0.13591986894607544,
      -0.09770333766937256,
      -0.05948680639266968,
      -0.021270275115966797,
      0.016946256160736084,
      0.055162787437438965,
      0.09337931871414185,
      0.13159584999084473,
      0.1698123812675476,
      0.2080289125442505,
      0.24624544382095337,
      0.28446197509765625,
      0.32267850637435913,
      0.360895037651062,
      0.3991115689277649,
      0.4373281002044678,
      0.47554463148117065,
      0.5137611627578735,
      0.5519776940345764,
      0.5901942253112793,
      0.6284107565879822,
      0.6666272878646851,
      0.7048438191413879,
      0.7430603504180908,
      0.7812768816947937,
      0.8194934129714966,
      0.8577099442481995,
      0.8959264755249023,
      0.9341430068016052,
      0.9723595380783081,
      1.0105760097503662,
      1.0487926006317139,
      1.0870091915130615,
      1.1252256631851196,
      1.1634421348571777,
      1.2016587257385254,
      1.239875316619873,
      1.2780917882919312,
      1.3163082599639893,
      1.354524850845337,
      1.3927414417266846,
      1.4309579133987427,
      1.4691743850708008,
      1.5073909759521484,
      1.545607566833496,
      1.5838240385055542,
      1.6220405101776123,
      1.66025710105896,
      1.6984736919403076,
      1.7366901636123657,
      1.7749066352844238,
      1.8131232261657715,
      1.8513398170471191,
      1.8895562887191772,
      1.9277727603912354,
      1.965989351272583,
      2.0042059421539307,
      2.042422294616699,
      2.080638885498047,
      2.1188554763793945,
      2.157072067260742,
      2.19528865814209,
      2.2335050106048584,
      2.271721601486206
    ]
  }
}