{
  "module": "block.2.attn.v_lif",
  "state_shape": [
    64,
    384,
    64
  ],
  "time_steps": 1,
  "numel_sampled": 196608,
  "mean": -0.14370150864124298,
  "std": 0.7648960947990417,
  "min": -3.2957284450531006,
  "max": 3.6560518741607666,
  "quantiles": {
    "0.00": -3.2957284450531006,
    "0.01": -1.7805367708206177,
    "0.05": -1.3270970582962036,
    "0.10": -1.086276650428772,
    "0.25": -0.6693944931030273,
    "0.50": -0.18073467910289764,
    "0.75": 0.34170296788215637,
    "0.90": 0.8400142788887024,
    "0.95": 1.1581894159317017,
    "0.99": 1.850569248199463,
    "1.00": 3.6560518741607666
  },
  "histogram": {
    "counts": [
      2,
      2,
      1,
      1,
      0,
      5,
      1,
      6,
      5,
      4,
      9,
      10,
      15,
      14,
      14,
      32,
      37,
      42,
      52,
      77,
      89,
      108,
      154,
      157,
      226,
      244,
      331,
      373,
      441,
      522,
      669,
      817,
      952,
      1177,
      1360,
      1498,
      1735,
      1981,
      2162,
      2489,
      2800,
      3042,
      3294,
      3623,
      3769,
      4062,
      4413,
      4632,
      4838,
      5150,
      5241,
      5450,
      5488,
      5708,
      5641,
      5633,
      5702,
      5591,
      5535,
      5567,
      5460,
      5310,
      5130,
      4851,
      4791,
      4648,
      4376,
      4132,
      3864,
      3691,
      3501,
      3248,
      2898,
      2781,
      2518,
      2425,
      2177,
      1962,
      1763,
      1555,
      1449,
      1246,
      1082,
      1016,
      893,
      817,
      722,
      647,
      557,
      449,
      463,
      382,
      337,
      299,
      266,
      230,
      214,
      181,
      156,
      130,
      117,
      100,
      97,
      88,
      82,
      67,
      60,
      49,
      48,
      36,
      48,
      31,
      27,
      30,
      22,
      20,
      18,
      13,
      5,
      14,
      5,
      6,
      3,
      4,
      3,
      2,
      1,
      2
    ],
    "bin_edges": [
      -3.2957284450531006,
      -3.241417646408081,
      -3.1871068477630615,
      -3.132796049118042,
      -3.0784852504730225,
      -3.024174451828003,
      -2.9698636531829834,
      -2.915552854537964,
      -2.8612422943115234,
      -2.806931495666504,
      -2.7526206970214844,
      -2.698309898376465,
      -2.6439990997314453,
      -2.589688301086426,
      -2.5353775024414062,
      -2.4810667037963867,
      -2.426755905151367,
      -2.3724451065063477,
      -2.318134307861328,
      -2.2638235092163086,
      -2.209512710571289,
      -2.1552019119262695,
      -2.10089111328125,
      -2.0465803146362305,
      -1.9922696352005005,
      -1.937958836555481,
      -1.8836480379104614,
      -1.829337239265442,
      -1.775026559829712,
      -1.7207157611846924,
      -1.6664049625396729,
      -1.6120941638946533,
      -1.5577833652496338,
      -1.5034725666046143,
      -1.4491617679595947,
      -1.3948509693145752,
      -1.3405401706695557,
      -1.2862294912338257,
      -1.2319186925888062,
      -1.1776078939437866,
      -1.123297095298767,
      -1.0689862966537476,
      -1.014675498008728,
      -0.9603647589683533,
      -0.9060539603233337,
      -0.8517431616783142,
      -0.7974324226379395,
      -0.7431216239929199,
      -0.6888108253479004,
      -0.6345000267028809,
      -0.5801892280578613,
      -0.5258784890174866,
      -0.47156769037246704,
      -0.4172568917274475,
      -0.36294612288475037,
      -0.3086353540420532,
      -0.2543245553970337,
      -0.20001377165317535,
      -0.14570298790931702,
      -0.09139220416545868,
      -0.03708142042160034,
      0.017229363322257996,
      0.07154014706611633,
      0.12585093080997467,
      0.180161714553833,
      0.23447249829769135,
      0.2887832820415497,
      0.3430940508842468,
      0.39740484952926636,
      0.4517156481742859,
      0.5060263872146606,
      0.5603371858596802,
      0.6146479845046997,
      0.6689587831497192,
      0.7232695817947388,
      0.7775803208351135,
      0.8318911194801331,
      0.8862019181251526,
      0.9405126571655273,
      0.9948234558105469,
      1.0491342544555664,
      1.103445053100586,
      1.1577558517456055,
      1.212066650390625,
      1.2663774490356445,
      1.3206881284713745,
      1.374998927116394,
      1.4293097257614136,
      1.483620524406433,
      1.5379313230514526,
      1.5922421216964722,
      1.6465529203414917,
      1.7008635997772217,
      1.7551743984222412,
      1.8094851970672607,
      1.8637959957122803,
      1.9181067943572998,
      1.9724175930023193,
      2.026728391647339,
      2.0810391902923584,
      2.135349988937378,
      2.1896607875823975,
      2.243971586227417,
      2.2982823848724365,
      2.352592945098877,
      2.4069037437438965,
      2.461214542388916,
      2.5155253410339355,
      2.569836139678955,
      2.6241469383239746,
      2.678457736968994,
      2.7327685356140137,
      2.787079334259033,
      2.8413901329040527,
      2.8957009315490723,
      2.950011730194092,
      3.0043225288391113,
      3.058633327484131,
      3.1129441261291504,
      3.16725492477417,
      3.2215657234191895,
      3.27587628364563,
      3.3301870822906494,
      3.384497880935669,
      3.4388086795806885,
      3.493119478225708,
      3.5474302768707275,
      3.601741075515747,
      3.6560518741607666
    ]
  }
}