{
  "module": "block.3.attn.q_lif",
  "state_shape": [
    64,
    384,
    64
  ],
  "time_steps": 1,
  "numel_sampled": 196608,
  "mean": -0.11726903170347214,
  "std": 0.6908437013626099,
  "min": -3.254850149154663,
  "max": 3.236072540283203,
  "quantiles": {
    "0.00": -3.254850149154663,
    "0.01": -1.6793441772460938,
    "0.05": -1.252121925354004,
    "0.10": -1.0150712728500366,
    "0.25": -0.5925825238227844,
    "0.50": -0.11286337673664093,
    "0.75": 0.354780375957489,
    "0.90": 0.7628059387207031,
    "0.95": 1.0059146881103516,
    "0.99": 1.4892945289611816,
    "1.00": 3.236072540283203
  },
  "histogram": {
    "counts": [
      1,
      0,
      1,
      1,
      0,
      1,
      0,
      1,
      4,
      0,
      3,
      4,
      5,
      9,
      4,
      11,
      7,
      15,
      27,
      39,
      36,
      37,
      70,
      87,
      79,
      129,
      190,
      204,
      258,
      317,
      399,
      467,
      581,
      712,
      816,
      931,
      1039,
      1187,
      1414,
      1587,
      1843,
      2020,
      2115,
      2540,
      2712,
      2874,
      3104,
      3370,
      3591,
      3868,
      3979,
      4191,
      4513,
      4687,
      4852,
      5012,
      5286,
      5282,
      5350,
      5523,
      5504,
      5642,
      5517,
      5702,
      5590,
      5508,
      5454,
      5234,
      5157,
      4978,
      4900,
      4581,
      4363,
      4002,
      3945,
      3633,
      3368,
      3093,
      2800,
      2611,
      2346,
      2056,
      1776,
      1600,
      1433,
      1241,
      1042,
      888,
      829,
      741,
      589,
      479,
      435,
      369,
      306,
      264,
      207,
      150,
      165,
      131,
      106,
      90,
      63,
      65,
      44,
      31,
      47,
      26,
      20,
      20,
      6,
      14,
      7,
      9,
      12,
      6,
      4,
      5,
      4,
      4,
      2,
      3,
      1,
      2,
      0,
      0,
      1,
      2
    ],
    "bin_edges": [
      -3.254850149154663,
      -3.2041397094726562,
      -3.1534295082092285,
      -3.1027190685272217,
      -3.052008867263794,
      -3.001298427581787,
      -2.9505882263183594,
      -2.8998777866363525,
      -2.8491673469543457,
      -2.798457145690918,
      -2.747746706008911,
      -2.6970365047454834,
      -2.6463260650634766,
      -2.595615863800049,
      -2.544905424118042,
      -2.4941952228546143,
      -2.4434847831726074,
      -2.3927743434906006,
      -2.342064142227173,
      -2.291353702545166,
      -2.2406435012817383,
      -2.1899330615997314,
      -2.1392228603363037,
      -2.088512420654297,
      -2.037802219390869,
      -1.9870917797088623,
      -1.936381459236145,
      -1.8856711387634277,
      -1.834960699081421,
      -1.7842503786087036,
      -1.7335400581359863,
      -1.682829737663269,
      -1.6321194171905518,
      -1.5814090967178345,
      -1.5306987762451172,
      -1.4799884557724,
      -1.4292781352996826,
      -1.3785676956176758,
      -1.3278573751449585,
      -1.2771470546722412,
      -1.226436734199524,
      -1.1757264137268066,
      -1.1250160932540894,
      -1.074305772781372,
      -1.0235953330993652,
      -0.9728850722312927,
      -0.9221746921539307,
      -0.8714643716812134,
      -0.8207540512084961,
      -0.7700437307357788,
      -0.7193334102630615,
      -0.6686230301856995,
      -0.6179127097129822,
      -0.5672023892402649,
      -0.5164920091629028,
      -0.46578168869018555,
      -0.41507136821746826,
      -0.364361047744751,
      -0.3136506974697113,
      -0.26294034719467163,
      -0.21223002672195435,
      -0.16151969134807587,
      -0.11080935597419739,
      -0.06009902060031891,
      -0.009388923645019531,
      0.04132141172885895,
      0.09203174710273743,
      0.1427420824766159,
      0.19345241785049438,
      0.24416275322437286,
      0.29487308859825134,
      0.345583438873291,
      0.3962937593460083,
      0.4470040798187256,
      0.49771443009376526,
      0.5484247803688049,
      0.5991351008415222,
      0.6498454213142395,
      0.7005558013916016,
      0.7512661218643188,
      0.8019764423370361,
      0.8526867628097534,
      0.9033970832824707,
      0.9541074633598328,
      1.0048177242279053,
      1.055528163909912,
      1.1062384843826294,
      1.1569488048553467,
      1.207659125328064,
      1.2583694458007812,
      1.3090797662734985,
      1.3597900867462158,
      1.4105005264282227,
      1.46121084690094,
      1.5119211673736572,
      1.5626314878463745,
      1.6133418083190918,
      1.664052128791809,
      1.7147624492645264,
      1.7654727697372437,
      1.816183090209961,
      1.8668935298919678,
      1.917603850364685,
      1.9683141708374023,
      2.01902437210083,
      2.069734811782837,
      2.1204452514648438,
      2.1711554527282715,
      2.2218658924102783,
      2.272576093673706,
      2.323286533355713,
      2.3739967346191406,
      2.4247071743011475,
      2.4754176139831543,
      2.526127815246582,
      2.576838254928589,
      2.6275484561920166,
      2.6782588958740234,
      2.728969097137451,
      2.779679536819458,
      2.830389976501465,
      2.8811001777648926,
      2.9318106174468994,
      2.982520818710327,
      3.033231258392334,
      3.0839414596557617,
      3.1346518993377686,
      3.1853621006011963,
      3.236072540283203
    ]
  }
}