{
  "module": "block.1.attn.v_lif",
  "state_shape": [
    64,
    384,
    64
  ],
  "time_steps": 1,
  "numel_sampled": 196608,
  "mean": 0.14328902959823608,
  "std": 0.8373663425445557,
  "min": -4.698071002960205,
  "max": 5.443417549133301,
  "quantiles": {
    "0.00": -4.698071002960205,
    "0.01": -1.8220950365066528,
    "0.05": -1.1241517066955566,
    "0.10": -0.8187495470046997,
    "0.25": -0.36817681789398193,
    "0.50": 0.09334217756986618,
    "0.75": 0.5961120128631592,
    "0.90": 1.1750047206878662,
    "0.95": 1.6054404973983765,
    "0.99": 2.541128396987915,
    "1.00": 5.443417549133301
  },
  "histogram": {
    "counts": [
      1,
      0,
      0,
      0,
      0,
      0,
      0,
      0,
      0,
      1,
      1,
      2,
      0,
      2,
      7,
      6,
      8,
      12,
      12,
      26,
      23,
      28,
      22,
      27,
      33,
      46,
      60,
      81,
      76,
      112,
      132,
      153,
      182,
      210,
      266,
      310,
      391,
      458,
      536,
      692,
      779,
      935,
      1108,
      1323,
      1594,
      1873,
      2271,
      2809,
      3174,
      3724,
      4328,
      4869,
      5598,
      6355,
      6920,
      7766,
      8149,
      8631,
      8939,
      8954,
      9061,
      8693,
      8215,
      8025,
      7480,
      6799,
      6282,
      5585,
      4958,
      4464,
      3826,
      3466,
      3072,
      2700,
      2403,
      2068,
      1845,
      1649,
      1412,
      1316,
      1161,
      987,
      904,
      733,
      718,
      597,
      553,
      482,
      437,
      335,
      297,
      268,
      225,
      231,
      191,
      144,
      140,
      113,
      102,
      97,
      87,
      78,
      68,
      44,
      55,
      44,
      36,
      32,
      23,
      15,
      11,
      16,
      14,
      3,
      7,
      3,
      1,
      7,
      4,
      4,
      1,
      1,
      2,
      0,
      0,
      0,
      2,
      1
    ],
    "bin_edges": [
      -4.698071002960205,
      -4.61884069442749,
      -4.539610385894775,
      -4.4603800773620605,
      -4.3811492919921875,
      -4.301918983459473,
      -4.222688674926758,
      -4.143458366394043,
      -4.064228057861328,
      -3.984997510910034,
      -3.9057672023773193,
      -3.8265368938446045,
      -3.7473063468933105,
      -3.6680760383605957,
      -3.588845729827881,
      -3.509615182876587,
      -3.430384874343872,
      -3.3511545658111572,
      -3.2719240188598633,
      -3.1926937103271484,
      -3.1134634017944336,
      -3.0342328548431396,
      -2.955002546310425,
      -2.87577223777771,
      -2.796541690826416,
      -2.717311382293701,
      -2.6380810737609863,
      -2.5588507652282715,
      -2.4796202182769775,
      -2.4003899097442627,
      -2.321159601211548,
      -2.241929054260254,
      -2.162698745727539,
      -2.083468437194824,
      -2.0042378902435303,
      -1.9250075817108154,
      -1.8457772731781006,
      -1.7665468454360962,
      -1.6873164176940918,
      -1.608086109161377,
      -1.5288556814193726,
      -1.4496252536773682,
      -1.3703949451446533,
      -1.291164517402649,
      -1.2119340896606445,
      -1.1327037811279297,
      -1.0534733533859253,
      -0.9742429852485657,
      -0.895012617111206,
      -0.8157822489738464,
      -0.7365518808364868,
      -0.6573214530944824,
      -0.5780910849571228,
      -0.4988607168197632,
      -0.4196303188800812,
      -0.34039992094039917,
      -0.26116955280303955,
      -0.18193916976451874,
      -0.10270878672599792,
      -0.023478403687477112,
      0.0557519793510437,
      0.13498236238956451,
      0.21421274542808533,
      0.29344314336776733,
      0.37267303466796875,
      0.45190340280532837,
      0.531133770942688,
      0.6103641986846924,
      0.689594566822052,
      0.7688249349594116,
      0.848055362701416,
      0.9272857308387756,
      1.0065160989761353,
      1.0857465267181396,
      1.1649768352508545,
      1.2442072629928589,
      1.3234376907348633,
      1.4026679992675781,
      1.4818984270095825,
      1.5611287355422974,
      1.6403591632843018,
      1.7195895910263062,
      1.798819899559021,
      1.8780503273010254,
      1.9572806358337402,
      2.036511182785034,
      2.115741491317749,
      2.194971799850464,
      2.274202346801758,
      2.3534326553344727,
      2.4326629638671875,
      2.5118932723999023,
      2.5911238193511963,
      2.670354127883911,
      2.749584436416626,
      2.82881498336792,
      2.9080452919006348,
      2.9872756004333496,
      3.0665061473846436,
      3.1457364559173584,
      3.2249667644500732,
      3.304197311401367,
      3.383427619934082,
      3.462657928466797,
      3.5418882369995117,
      3.6211187839508057,
      3.7003490924835205,
      3.7795794010162354,
      3.8588099479675293,
      3.938040256500244,
      4.017270565032959,
      4.096500873565674,
      4.175731658935547,
      4.254961967468262,
      4.334192276000977,
      4.413422584533691,
      4.492652893066406,
      4.571883201599121,
      4.651113510131836,
      4.730344295501709,
      4.809574604034424,
      4.888804912567139,
      4.9680352210998535,
      5.047265529632568,
      5.126495838165283,
      5.205726623535156,
      5.284956932067871,
      5.364187240600586,
      5.443417549133301
    ]
  }
}