{
  "module": "block.0.mlp.mlp2_lif",
  "state_shape": [
    64,
    1536,
    8,
    8
  ],
  "time_steps": 1,
  "numel_sampled": 196608,
  "mean": 0.14738549292087555,
  "std": 1.2310113906860352,
  "min": -4.566769599914551,
  "max": 4.280154228210449,
  "quantiles": {
    "0.00": -4.566769599914551,
    "0.01": -2.8585150241851807,
    "0.05": -1.9690682888031006,
    "0.10": -1.427060842514038,
    "0.25": -0.6633104085922241,
    "0.50": 0.15656167268753052,
    "0.75": 1.0044676065444946,
    "0.90": 1.7721178531646729,
    "0.95": 2.1371407508850098,
    "0.99": 2.745574951171875,
    "1.00": 4.280154228210449
  },
  "histogram": {
    "counts": [
      5,
      2,
      3,
      2,
      2,
      6,
      9,
      11,
      19,
      24,
      18,
      38,
      45,
      49,
      45,
      80,
      89,
      111,
      119,
      142,
      194,
      232,
      252,
      254,
      309,
      362,
      409,
      408,
      474,
      526,
      561,
      654,
      669,
      722,
      779,
      797,
      844,
      952,
      930,
      1035,
      1143,
      1291,
      1352,
      1435,
      1535,
      1723,
      1885,
      2013,
      2248,
      2392,
      2586,
      2685,
      2923,
      3149,
      3415,
      3452,
      3663,
      3927,
      3946,
      4082,
      3989,
      4234,
      4212,
      4230,
      4308,
      4328,
      4222,
      4328,
      4233,
      4415,
      4206,
      4270,
      4263,
      4191,
      4022,
      4022,
      3906,
      3795,
      3661,
      3505,
      3356,
      3235,
      3069,
      2866,
      2779,
      2663,
      2554,
      2475,
      2390,
      2323,
      2296,
      2211,
      2176,
      2013,
      1790,
      1689,
      1533,
      1366,
      1268,
      1135,
      984,
      860,
      728,
      647,
      528,
      429,
      402,
      354,
      242,
      218,
      178,
      145,
      94,
      78,
      49,
      45,
      23,
      18,
      10,
      8,
      8,
      0,
      4,
      0,
      0,
      0,
      1,
      1
    ],
    "bin_edges": [
      -4.566769599914551,
      -4.497653007507324,
      -4.428536415100098,
      -4.359419822692871,
      -4.2903032302856445,
      -4.221186637878418,
      -4.152070045471191,
      -4.082953453063965,
      -4.013836860656738,
      -3.9447202682495117,
      -3.875603675842285,
      -3.8064870834350586,
      -3.737370491027832,
      -3.6682538986206055,
      -3.599137306213379,
      -3.5300207138061523,
      -3.460904121398926,
      -3.391787528991699,
      -3.3226709365844727,
      -3.253554344177246,
      -3.1844377517700195,
      -3.115321159362793,
      -3.0462045669555664,
      -2.97708797454834,
      -2.9079713821411133,
      -2.8388547897338867,
      -2.76973819732666,
      -2.7006216049194336,
      -2.631505012512207,
      -2.5623884201049805,
      -2.493271827697754,
      -2.4241552352905273,
      -2.355038642883301,
      -2.285922050476074,
      -2.2168054580688477,
      -2.147688865661621,
      -2.0785722732543945,
      -2.009455680847168,
      -1.9403390884399414,
      -1.8712224960327148,
      -1.8021059036254883,
      -1.7329893112182617,
      -1.6638727188110352,
      -1.5947561264038086,
      -1.525639533996582,
      -1.4565229415893555,
      -1.387406349182129,
      -1.3182897567749023,
      -1.2491731643676758,
      -1.1800565719604492,
      -1.1109399795532227,
      -1.041823387145996,
      -0.9727067947387695,
      -0.903590202331543,
      -0.8344736099243164,
      -0.7653570175170898,
      -0.6962404251098633,
      -0.6271238327026367,
      -0.5580072402954102,
      -0.4888906478881836,
      -0.41977405548095703,
      -0.35065746307373047,
      -0.2815408706665039,
      -0.21242427825927734,
      -0.14330768585205078,
      -0.07419109344482422,
      -0.005074501037597656,
      0.0640420913696289,
      0.13315868377685547,
      0.20227527618408203,
      0.2713918685913086,
      0.34050846099853516,
      0.4096250534057617,
      0.4787416458129883,
      0.5478582382202148,
      0.6169748306274414,
      0.686091423034668,
      0.7552080154418945,
      0.8243246078491211,
      0.8934412002563477,
      0.9625577926635742,
      1.0316743850708008,
      1.1007909774780273,
      1.169907569885254,
      1.2390241622924805,
      1.308140754699707,
      1.3772573471069336,
      1.4463739395141602,
      1.5154905319213867,
      1.5846071243286133,
      1.6537237167358398,
      1.7228403091430664,
      1.791956901550293,
      1.8610734939575195,
      1.930190086364746,
      1.9993066787719727,
      2.068423271179199,
      2.137539863586426,
      2.2066564559936523,
      2.275773048400879,
      2.3448896408081055,
      2.414006233215332,
      2.4831228256225586,
      2.552239418029785,
      2.6213560104370117,
      2.6904726028442383,
      2.759589195251465,
      2.8287057876586914,
      2.897822380065918,
      2.9669389724731445,
      3.036055564880371,
      3.1051721572875977,
      3.174288749694824,
      3.243405342102051,
      3.3125219345092773,
      3.381638526916504,
      3.4507551193237305,
      3.519871711730957,
      3.5889883041381836,
      3.65810489654541,
      3.7272214889526367,
      3.7963380813598633,
      3.86545467376709,
      3.9345712661743164,
      4.003687858581543,
      4.0728044509887695,
      4.141921043395996,
      4.211037635803223,
      4.280154228210449
    ]
  }
}