{
  "module": "block.3.attn.attn_lif",
  "state_shape": [
    64,
    384,
    64
  ],
  "time_steps": 1,
  "numel_sampled": 196608,
  "mean": 1.5451856851577759,
  "std": 1.7442032098770142,
  "min": 0.0,
  "max": 18.875,
  "quantiles": {
    "0.00": 0.0,
    "0.01": 0.0,
    "0.05": 0.0,
    "0.10": 0.0,
    "0.25": 0.25,
    "0.50": 1.0,
    "0.75": 2.125,
    "0.90": 3.875,
    "0.95": 5.125,
    "0.99": 8.0,
    "1.00": 18.875
  },
  "histogram": {
    "counts": [
      36616,
      12760,
      11305,
      10413,
      9322,
      16175,
      7186,
      6609,
      6092,
      5531,
      5161,
      9310,
      4074,
      3721,
      3453,
      3336,
      5860,
      2617,
      2475,
      2327,
      2229,
      1996,
      3572,
      1535,
      1432,
      1475,
      1386,
      2401,
      1142,
      1008,
      966,
      884,
      808,
      1475,
      641,
      641,
      627,
      551,
      1013,
      450,
      444,
      349,
      379,
      334,
      586,
      278,
      228,
      207,
      218,
      213,
      369,
      155,
      155,
      150,
      131,
      260,
      112,
      97,
      99,
      117,
      76,
      165,
      79,
      54,
      56,
      47,
      73,
      42,
      30,
      41,
      33,
      33,
      65,
      25,
      16,
      31,
      21,
      30,
      15,
      10,
      22,
      19,
      18,
      17,
      6,
      11,
      7,
      15,
      5,
      9,
      5,
      2,
      6,
      2,
      4,
      7,
      0,
      2,
      4,
      4,
      8,
      2,
      1,
      3,
      0,
      10,
      2,
      0,
      4,
      0,
      3,
      2,
      2,
      0,
      1,
      0,
      1,
      0,
      0,
      1,
      3,
      0,
      0,
      0,
      0,
      0,
      0,
      2
    ],
    "bin_edges": [
      0.0,
      0.1474609375,
      0.294921875,
      0.4423828125,
      0.58984375,
      0.7373046875,
      0.884765625,
      1.0322265625,
      1.1796875,
      1.3271484375,
      1.474609375,
      1.6220703125,
      1.76953125,
      1.9169921875,
      2.064453125,
      2.2119140625,
      2.359375,
      2.5068359375,
      2.654296875,
      2.8017578125,
      2.94921875,
      3.0966796875,
      3.244140625,
      3.3916015625,
      3.5390625,
      3.6865234375,
      3.833984375,
      3.9814453125,
      4.12890625,
      4.2763671875,
      4.423828125,
      4.5712890625,
      4.71875,
      4.8662109375,
      5.013671875,
      5.1611328125,
      5.30859375,
      5.4560546875,
      5.603515625,
      5.7509765625,
      5.8984375,
      6.0458984375,
      6.193359375,
      6.3408203125,
      6.48828125,
      6.6357421875,
      6.783203125,
      6.9306640625,
      7.078125,
      7.2255859375,
      7.373046875,
      7.5205078125,
      7.66796875,
      7.8154296875,
      7.962890625,
      8.1103515625,
      8.2578125,
      8.4052734375,
      8.552734375,
      8.7001953125,
      8.84765625,
      8.9951171875,
      9.142578125,
      9.2900390625,
      9.4375,
      9.5849609375,
      9.732421875,
      9.8798828125,
      10.02734375,
      10.1748046875,
      10.322265625,
      10.4697265625,
      10.6171875,
      10.7646484375,
      10.912109375,
      11.0595703125,
      11.20703125,
      11.3544921875,
      11.501953125,
      11.6494140625,
      11.796875,
      11.9443359375,
      12.091796875,
      12.2392578125,
      12.38671875,
      12.5341796875,
      12.681640625,
      12.8291015625,
      12.9765625,
      13.1240234375,
      13.271484375,
      13.4189453125,
      13.56640625,
      13.7138671875,
      13.861328125,
      14.0087890625,
      14.15625,
      14.3037109375,
      14.451171875,
      14.5986328125,
      14.74609375,
      14.8935546875,
      15.041015625,
      15.1884765625,
      15.3359375,
      15.4833984375,
      15.630859375,
      15.7783203125,
      15.92578125,
      16.0732421875,
      16.220703125,
      16.3681640625,
      16.515625,
      16.6630859375,
      16.810546875,
      16.9580078125,
      17.10546875,
      17.2529296875,
      17.400390625,
      17.5478515625,
      17.6953125,
      17.8427734375,
      17.990234375,
      18.1376953125,
      18.28515625,
      18.4326171875,
      18.580078125,
      18.7275390625,
      18.875
    ]
  }
}