{
  "module": "block.0.attn.k_lif",
  "state_shape": [
    64,
    384,
    64
  ],
  "time_steps": 1,
  "numel_sampled": 196608,
  "mean": -0.1106029525399208,
  "std": 0.9293872714042664,
  "min": -3.7799270153045654,
  "max": 5.267820358276367,
  "quantiles": {
    "0.00": -3.7799270153045654,
    "0.01": -2.1346817016601562,
    "0.05": -1.5361218452453613,
    "0.10": -1.2224172353744507,
    "0.25": -0.7170634865760803,
    "0.50": -0.17437753081321716,
    "0.75": 0.4308473765850067,
    "0.90": 1.085848093032837,
    "0.95": 1.541677713394165,
    "0.99": 2.4467763900756836,
    "1.00": 5.267820358276367
  },
  "histogram": {
    "counts": [
      2,
      3,
      3,
      6,
      7,
      5,
      12,
      10,
      8,
      24,
      30,
      35,
      47,
      60,
      62,
      72,
      106,
      128,
      156,
      224,
      249,
      281,
      340,
      411,
      474,
      632,
      721,
      878,
      1085,
      1170,
      1380,
      1661,
      1763,
      2015,
      2358,
      2729,
      3003,
      3366,
      3665,
      4043,
      4320,
      4785,
      5047,
      5514,
      5841,
      6117,
      6429,
      6599,
      6720,
      6773,
      6866,
      6628,
      6534,
      6089,
      6128,
      5723,
      5421,
      5174,
      4802,
      4526,
      4294,
      3949,
      3666,
      3380,
      3087,
      2712,
      2502,
      2335,
      2113,
      1899,
      1825,
      1543,
      1393,
      1372,
      1135,
      1063,
      990,
      861,
      802,
      736,
      627,
      570,
      586,
      494,
      415,
      369,
      330,
      302,
      280,
      274,
      208,
      163,
      168,
      136,
      123,
      114,
      94,
      73,
      62,
      50,
      50,
      38,
      34,
      35,
      20,
      13,
      22,
      5,
      6,
      9,
      4,
      2,
      3,
      3,
      0,
      1,
      0,
      1,
      1,
      1,
      2,
      2,
      0,
      0,
      0,
      0,
      0,
      1
    ],
    "bin_edges": [
      -3.7799270153045654,
      -3.7092413902282715,
      -3.6385560035705566,
      -3.5678703784942627,
      -3.497184991836548,
      -3.426499366760254,
      -3.35581374168396,
      -3.285128355026245,
      -3.214442729949951,
      -3.1437573432922363,
      -3.0730717182159424,
      -3.0023860931396484,
      -2.9317007064819336,
      -2.8610150814056396,
      -2.790329694747925,
      -2.719644069671631,
      -2.648958683013916,
      -2.578273057937622,
      -2.507587432861328,
      -2.4369020462036133,
      -2.3662164211273193,
      -2.2955310344696045,
      -2.2248454093933105,
      -2.1541597843170166,
      -2.0834743976593018,
      -2.012788772583008,
      -1.9421032667160034,
      -1.871417760848999,
      -1.8007322549819946,
      -1.7300467491149902,
      -1.6593611240386963,
      -1.588675618171692,
      -1.5179901123046875,
      -1.447304606437683,
      -1.3766191005706787,
      -1.3059334754943848,
      -1.2352479696273804,
      -1.164562463760376,
      -1.0938769578933716,
      -1.0231914520263672,
      -0.952505886554718,
      -0.8818203806877136,
      -0.8111348152160645,
      -0.7404493093490601,
      -0.6697638034820557,
      -0.5990782380104065,
      -0.5283927321434021,
      -0.4577071964740753,
      -0.38702166080474854,
      -0.31633612513542175,
      -0.24565060436725616,
      -0.17496508359909058,
      -0.1042795479297638,
      -0.03359401971101761,
      0.03709150850772858,
      0.10777703672647476,
      0.17846256494522095,
      0.24914810061454773,
      0.3198336362838745,
      0.3905191421508789,
      0.4612046778202057,
      0.5318902134895325,
      0.6025757193565369,
      0.673261284828186,
      0.7439465522766113,
      0.8146320581436157,
      0.8853176236152649,
      0.9560031294822693,
      1.0266886949539185,
      1.0973742008209229,
      1.1680597066879272,
      1.2387452125549316,
      1.3094308376312256,
      1.38011634349823,
      1.4508018493652344,
      1.5214873552322388,
      1.5921728610992432,
      1.6628583669662476,
      1.7335439920425415,
      1.804229497909546,
      1.8749150037765503,
      1.9456005096435547,
      2.0162861347198486,
      2.0869715213775635,
      2.1576571464538574,
      2.2283425331115723,
      2.299028158187866,
      2.36971378326416,
      2.440399169921875,
      2.511084794998169,
      2.581770181655884,
      2.6524558067321777,
      2.7231414318084717,
      2.7938268184661865,
      2.8645124435424805,
      2.9351978302001953,
      3.0058834552764893,
      3.076569080352783,
      3.147254467010498,
      3.217940092086792,
      3.288625478744507,
      3.359311103820801,
      3.4299967288970947,
      3.5006821155548096,
      3.5713677406311035,
      3.6420531272888184,
      3.7127387523651123,
      3.7834243774414062,
      3.854109764099121,
      3.924795389175415,
      3.99548077583313,
      4.066166400909424,
      4.136851787567139,
      4.207537651062012,
      4.278223037719727,
      4.348908424377441,
      4.419593811035156,
      4.490279674530029,
      4.560965061187744,
      4.631650447845459,
      4.702336311340332,
      4.773021697998047,
      4.843707084655762,
      4.914392948150635,
      4.98507833480835,
      5.0557637214660645,
      5.126449108123779,
      5.197134971618652,
      5.267820358276367
    ]
  }
}