{
  "module": "block.2.attn.q_lif",
  "state_shape": [
    64,
    384,
    64
  ],
  "time_steps": 1,
  "numel_sampled": 196608,
  "mean": -0.2846331298351288,
  "std": 0.7660096287727356,
  "min": -4.174551010131836,
  "max": 3.2275896072387695,
  "quantiles": {
    "0.00": -4.174551010131836,
    "0.01": -2.096400022506714,
    "0.05": -1.4913760423660278,
    "0.10": -1.2215818166732788,
    "0.25": -0.7867393493652344,
    "0.50": -0.30503326654434204,
    "0.75": 0.2013634741306305,
    "0.90": 0.6954807639122009,
    "0.95": 1.0071587562561035,
    "0.99": 1.600782036781311,
    "1.00": 3.2275896072387695
  },
  "histogram": {
    "counts": [
      1,
      0,
      3,
      1,
      3,
      4,
      3,
      6,
      7,
      6,
      3,
      7,
      5,
      5,
      8,
      13,
      20,
      27,
      26,
      25,
      38,
      51,
      53,
      53,
      67,
      72,
      63,
      86,
      98,
      132,
      124,
      130,
      143,
      188,
      248,
      260,
      316,
      356,
      454,
      559,
      647,
      719,
      817,
      977,
      1111,
      1281,
      1567,
      1753,
      2058,
      2296,
      2618,
      2834,
      3224,
      3541,
      3746,
      4156,
      4458,
      4735,
      5189,
      5361,
      5552,
      5752,
      5997,
      6064,
      6225,
      6295,
      6212,
      6133,
      6247,
      5931,
      5778,
      5636,
      5446,
      5280,
      5017,
      4711,
      4269,
      4161,
      3875,
      3459,
      3289,
      2998,
      2775,
      2558,
      2336,
      2049,
      1891,
      1670,
      1514,
      1388,
      1198,
      1055,
      961,
      846,
      741,
      629,
      588,
      513,
      493,
      417,
      320,
      252,
      221,
      191,
      173,
      142,
      115,
      104,
      70,
      56,
      67,
      44,
      39,
      20,
      22,
      16,
      14,
      9,
      7,
      11,
      2,
      4,
      2,
      3,
      0,
      2,
      0,
      1
    ],
    "bin_edges": [
      -4.174551010131836,
      -4.1167216300964355,
      -4.058892726898193,
      -4.001063346862793,
      -3.9432342052459717,
      -3.8854048252105713,
      -3.82757568359375,
      -3.7697465419769287,
      -3.7119171619415283,
      -3.654088020324707,
      -3.5962588787078857,
      -3.5384294986724854,
      -3.480600357055664,
      -3.4227712154388428,
      -3.3649418354034424,
      -3.307112693786621,
      -3.2492833137512207,
      -3.1914541721343994,
      -3.133625030517578,
      -3.0757956504821777,
      -3.0179665088653564,
      -2.960137367248535,
      -2.9023079872131348,
      -2.8444788455963135,
      -2.786649703979492,
      -2.728820323944092,
      -2.6709911823272705,
      -2.613162040710449,
      -2.555332660675049,
      -2.4975035190582275,
      -2.4396743774414062,
      -2.381844997406006,
      -2.3240158557891846,
      -2.2661867141723633,
      -2.208357334136963,
      -2.1505281925201416,
      -2.0926990509033203,
      -2.03486967086792,
      -1.9770405292510986,
      -1.9192112684249878,
      -1.861382007598877,
      -1.8035528659820557,
      -1.7457236051559448,
      -1.687894344329834,
      -1.6300652027130127,
      -1.5722359418869019,
      -1.514406681060791,
      -1.4565775394439697,
      -1.3987482786178589,
      -1.340919017791748,
      -1.2830898761749268,
      -1.225260615348816,
      -1.167431354522705,
      -1.1096022129058838,
      -1.051772952079773,
      -0.9939436912536621,
      -0.936114490032196,
      -0.87828528881073,
      -0.8204560279846191,
      -0.7626268267631531,
      -0.704797625541687,
      -0.6469683647155762,
      -0.5891391634941101,
      -0.5313099026679993,
      -0.4734807014465332,
      -0.41565147042274475,
      -0.3578222393989563,
      -0.29999303817749023,
      -0.24216380715370178,
      -0.18433457612991333,
      -0.12650536000728607,
      -0.06867613643407822,
      -0.010846912860870361,
      0.046982310712337494,
      0.10481153428554535,
      0.1626407504081726,
      0.22046998143196106,
      0.2782992124557495,
      0.3361284136772156,
      0.39395764470100403,
      0.4517868757247925,
      0.5096160769462585,
      0.5674453377723694,
      0.6252745389938354,
      0.6831037998199463,
      0.7409330010414124,
      0.7987622022628784,
      0.8565914630889893,
      0.9144206643104553,
      0.9722498655319214,
      1.0300791263580322,
      1.087908387184143,
      1.1457375288009644,
      1.2035667896270752,
      1.261396050453186,
      1.3192251920700073,
      1.3770544528961182,
      1.434883713722229,
      1.4927128553390503,
      1.5505421161651611,
      1.608371376991272,
      1.6662005186080933,
      1.724029779434204,
      1.781859040260315,
      1.8396883010864258,
      1.897517442703247,
      1.955346703529358,
      2.0131759643554688,
      2.07100510597229,
      2.1288342475891113,
      2.1866636276245117,
      2.244492769241333,
      2.3023219108581543,
      2.3601512908935547,
      2.417980432510376,
      2.4758098125457764,
      2.5336389541625977,
      2.591468095779419,
      2.6492974758148193,
      2.7071266174316406,
      2.764955759048462,
      2.8227851390838623,
      2.8806142807006836,
      2.938443422317505,
      2.9962728023529053,
      3.0541019439697266,
      3.111931085586548,
      3.1697604656219482,
      3.2275896072387695
    ]
  }
}