{
  "module": "block.2.attn.proj_lif",
  "state_shape": [
    64,
    384,
    8,
    8
  ],
  "time_steps": 1,
  "numel_sampled": 196608,
  "mean": -0.11708704382181168,
  "std": 1.2080990076065063,
  "min": -6.142483234405518,
  "max": 6.899957656860352,
  "quantiles": {
    "0.00": -6.142483234405518,
    "0.01": -2.980903387069702,
    "0.05": -2.057966470718384,
    "0.10": -1.606743335723877,
    "0.25": -0.9069034457206726,
    "0.50": -0.13406138122081757,
    "0.75": 0.6491216421127319,
    "0.90": 1.413042426109314,
    "0.95": 1.8930027484893799,
    "0.99": 2.8753104209899902,
    "1.00": 6.899957656860352
  },
  "histogram": {
    "counts": [
      1,
      0,
      1,
      1,
      2,
      1,
      4,
      2,
      3,
      2,
      8,
      2,
      9,
      15,
      17,
      13,
      19,
      40,
      40,
      36,
      63,
      53,
      78,
      100,
      121,
      120,
      163,
      174,
      232,
      273,
      362,
      460,
      471,
      612,
      670,
      740,
      885,
      1087,
      1341,
      1467,
      1697,
      1996,
      2331,
      2440,
      2990,
      3464,
      3702,
      4132,
      4574,
      4962,
      5098,
      5581,
      5903,
      6200,
      6383,
      6656,
      6866,
      6866,
      6987,
      6947,
      7063,
      6592,
      6551,
      6349,
      6116,
      5783,
      5354,
      4963,
      4624,
      4285,
      3924,
      3450,
      3159,
      2866,
      2557,
      2328,
      2103,
      1884,
      1564,
      1363,
      1224,
      1033,
      930,
      791,
      663,
      580,
      471,
      434,
      336,
      279,
      271,
      204,
      184,
      146,
      122,
      94,
      109,
      66,
      68,
      58,
      24,
      34,
      31,
      18,
      18,
      21,
      15,
      11,
      10,
      4,
      7,
      1,
      2,
      4,
      0,
      0,
      0,
      0,
      1,
      2,
      0,
      0,
      0,
      0,
      0,
      0,
      0,
      1
    ],
    "bin_edges": [
      -6.142483234405518,
      -6.040589332580566,
      -5.938694953918457,
      -5.836801052093506,
      -5.734907150268555,
      -5.633012771606445,
      -5.531118869781494,
      -5.429224967956543,
      -5.327330589294434,
      -5.225436687469482,
      -5.123542785644531,
      -5.021648406982422,
      -4.919754505157471,
      -4.8178606033325195,
      -4.71596622467041,
      -4.614072322845459,
      -4.512178421020508,
      -4.410284042358398,
      -4.308390140533447,
      -4.206495761871338,
      -4.104601860046387,
      -4.0027079582214355,
      -3.9008138179779053,
      -3.798919677734375,
      -3.697025775909424,
      -3.5951316356658936,
      -3.4932374954223633,
      -3.391343355178833,
      -3.289449453353882,
      -3.1875553131103516,
      -3.0856611728668213,
      -2.98376727104187,
      -2.88187313079834,
      -2.7799789905548096,
      -2.6780850887298584,
      -2.576190948486328,
      -2.474296808242798,
      -2.3724029064178467,
      -2.2705087661743164,
      -2.168614625930786,
      -2.066720485687256,
      -1.9648265838623047,
      -1.8629324436187744,
      -1.7610384225845337,
      -1.659144401550293,
      -1.5572502613067627,
      -1.455356240272522,
      -1.3534621000289917,
      -1.251568078994751,
      -1.1496740579605103,
      -1.04777991771698,
      -0.9458858966827393,
      -0.8439918160438538,
      -0.7420977354049683,
      -0.6402037143707275,
      -0.538309633731842,
      -0.43641555309295654,
      -0.33452147245407104,
      -0.23262742161750793,
      -0.13073335587978363,
      -0.028839290142059326,
      0.07305477559566498,
      0.17494884133338928,
      0.2768428921699524,
      0.3787374496459961,
      0.4806315302848816,
      0.5825256109237671,
      0.6844196319580078,
      0.7863137125968933,
      0.8882077932357788,
      0.9901018142700195,
      1.0919959545135498,
      1.1938899755477905,
      1.2957839965820312,
      1.3976781368255615,
      1.4995721578598022,
      1.601466178894043,
      1.7033603191375732,
      1.805254340171814,
      1.9071484804153442,
      2.009042501449585,
      2.1109366416931152,
      2.2128305435180664,
      2.3147246837615967,
      2.416618824005127,
      2.518512725830078,
      2.6204068660736084,
      2.7223010063171387,
      2.82419490814209,
      2.92608904838562,
      3.0279831886291504,
      3.1298773288726807,
      3.231771230697632,
      3.333665370941162,
      3.4355595111846924,
      3.5374534130096436,
      3.639347553253174,
      3.741241693496704,
      3.8431355953216553,
      3.9450297355651855,
      4.046923637390137,
      4.148818016052246,
      4.250711917877197,
      4.352605819702148,
      4.454500198364258,
      4.556394100189209,
      4.65828800201416,
      4.7601823806762695,
      4.862076282501221,
      4.963970184326172,
      5.065864562988281,
      5.167758464813232,
      5.269652366638184,
      5.371546745300293,
      5.473440647125244,
      5.5753350257873535,
      5.677228927612305,
      5.779122829437256,
      5.881017208099365,
      5.982911109924316,
      6.084805011749268,
      6.186699390411377,
      6.288593292236328,
      6.390487194061279,
      6.492381572723389,
      6.59427547454834,
      6.696169376373291,
      6.7980637550354,
      6.899957656860352
    ]
  }
}