{
  "module": "block.2.attn.v_lif",
  "state_shape": [
    64,
    384,
    64
  ],
  "time_steps": 1,
  "numel_sampled": 196608,
  "mean": -0.13733439147472382,
  "std": 0.8237134218215942,
  "min": -4.208432674407959,
  "max": 4.6724090576171875,
  "quantiles": {
    "0.00": -4.208432674407959,
    "0.01": -1.8819609880447388,
    "0.05": -1.4022682905197144,
    "0.10": -1.147740125656128,
    "0.25": -0.7128247022628784,
    "0.50": -0.1823413372039795,
    "0.75": 0.39413464069366455,
    "0.90": 0.9363067150115967,
    "0.95": 1.2728475332260132,
    "0.99": 1.9701991081237793,
    "1.00": 4.6724090576171875
  },
  "histogram": {
    "counts": [
      1,
      0,
      0,
      1,
      1,
      1,
      1,
      0,
      3,
      1,
      1,
      1,
      3,
      2,
      2,
      5,
      10,
      4,
      6,
      11,
      16,
      25,
      30,
      38,
      43,
      64,
      97,
      117,
      146,
      166,
      263,
      310,
      359,
      495,
      619,
      770,
      970,
      1177,
      1469,
      1739,
      2079,
      2321,
      2847,
      3081,
      3667,
      3937,
      4397,
      4797,
      5305,
      5514,
      5990,
      5972,
      6272,
      6348,
      6635,
      6726,
      6720,
      6551,
      6446,
      6483,
      6425,
      6107,
      5940,
      5593,
      5513,
      5137,
      4911,
      4676,
      4236,
      3900,
      3754,
      3367,
      3106,
      2838,
      2519,
      2277,
      2041,
      1787,
      1591,
      1363,
      1178,
      1062,
      972,
      778,
      708,
      574,
      463,
      393,
      355,
      311,
      249,
      227,
      188,
      161,
      127,
      103,
      109,
      67,
      74,
      58,
      51,
      46,
      51,
      28,
      27,
      18,
      23,
      13,
      15,
      5,
      8,
      5,
      6,
      4,
      1,
      1,
      1,
      3,
      1,
      2,
      0,
      2,
      1,
      0,
      0,
      0,
      0,
      3
    ],
    "bin_edges": [
      -4.208432674407959,
      -4.1390509605407715,
      -4.069669723510742,
      -4.000288009643555,
      -3.930906295776367,
      -3.861524820327759,
      -3.7921431064605713,
      -3.722761631011963,
      -3.6533799171447754,
      -3.583998441696167,
      -3.5146169662475586,
      -3.445235252380371,
      -3.3758537769317627,
      -3.306472063064575,
      -3.237090587615967,
      -3.1677088737487793,
      -3.098327398300171,
      -3.0289459228515625,
      -2.959564208984375,
      -2.8901827335357666,
      -2.820801019668579,
      -2.7514195442199707,
      -2.682037830352783,
      -2.612656354904175,
      -2.5432748794555664,
      -2.473893165588379,
      -2.4045116901397705,
      -2.335129976272583,
      -2.2657485008239746,
      -2.196366786956787,
      -2.1269853115081787,
      -2.057603597640991,
      -1.9882221221923828,
      -1.9188405275344849,
      -1.849458932876587,
      -1.780077338218689,
      -1.710695743560791,
      -1.6413142681121826,
      -1.5719326734542847,
      -1.5025510787963867,
      -1.4331694841384888,
      -1.3637878894805908,
      -1.2944062948226929,
      -1.225024700164795,
      -1.1556432247161865,
      -1.0862616300582886,
      -1.0168800354003906,
      -0.9474984407424927,
      -0.8781168460845947,
      -0.8087352514266968,
      -0.7393536567687988,
      -0.6699721217155457,
      -0.6005905270576477,
      -0.5312089323997498,
      -0.4618273675441742,
      -0.39244580268859863,
      -0.3230642080307007,
      -0.25368261337280273,
      -0.18430104851722717,
      -0.11491946876049042,
      -0.04553788900375366,
      0.023843690752983093,
      0.09322527050971985,
      0.1626068502664566,
      0.23198795318603516,
      0.3013695478439331,
      0.37075111269950867,
      0.44013267755508423,
      0.5095142722129822,
      0.5788958668708801,
      0.6482774019241333,
      0.7176589965820312,
      0.7870405912399292,
      0.8564221858978271,
      0.9258037805557251,
      0.9951853156089783,
      1.0645668506622314,
      1.1339484453201294,
      1.2033300399780273,
      1.2727116346359253,
      1.3420932292938232,
      1.4114748239517212,
      1.4808564186096191,
      1.550238013267517,
      1.619619607925415,
      1.6890010833740234,
      1.7583826780319214,
      1.8277642726898193,
      1.8971458673477173,
      1.9665274620056152,
      2.0359089374542236,
      2.105290651321411,
      2.1746721267700195,
      2.244053840637207,
      2.3134353160858154,
      2.382817029953003,
      2.4521985054016113,
      2.5215799808502197,
      2.5909616947174072,
      2.6603431701660156,
      2.729724884033203,
      2.7991063594818115,
      2.868488073348999,
      2.9378695487976074,
      3.007251262664795,
      3.0766327381134033,
      3.1460142135620117,
      3.215395927429199,
      3.2847774028778076,
      3.354159116744995,
      3.4235405921936035,
      3.492922306060791,
      3.5623037815093994,
      3.631685256958008,
      3.7010669708251953,
      3.7704484462738037,
      3.839830160140991,
      3.9092116355895996,
      3.978593349456787,
      4.047975063323975,
      4.117356300354004,
      4.186738014221191,
      4.256119728088379,
      4.325500965118408,
      4.394882678985596,
      4.464264392852783,
      4.533646106719971,
      4.60302734375,
      4.6724090576171875
    ]
  }
}