{
  "module": "block.2.attn.q_lif",
  "state_shape": [
    64,
    384,
    64
  ],
  "time_steps": 1,
  "numel_sampled": 196608,
  "mean": -0.037831127643585205,
  "std": 0.7726669907569885,
  "min": -3.645350217819214,
  "max": 3.409418821334839,
  "quantiles": {
    "0.00": -3.645350217819214,
    "0.01": -1.8127641677856445,
    "0.05": -1.2821773290634155,
    "0.10": -1.0143314599990845,
    "0.25": -0.5617510080337524,
    "0.50": -0.05122167617082596,
    "0.75": 0.480031818151474,
    "0.90": 0.9697422981262207,
    "0.95": 1.2589863538742065,
    "0.99": 1.7683076858520508,
    "1.00": 3.409418821334839
  },
  "histogram": {
    "counts": [
      2,
      1,
      0,
      0,
      1,
      1,
      0,
      3,
      1,
      7,
      15,
      10,
      13,
      15,
      9,
      15,
      10,
      33,
      23,
      36,
      33,
      45,
      51,
      59,
      55,
      89,
      103,
      127,
      157,
      204,
      208,
      280,
      277,
      364,
      428,
      517,
      605,
      717,
      787,
      970,
      1080,
      1230,
      1450,
      1660,
      1804,
      2042,
      2295,
      2519,
      2764,
      3058,
      3256,
      3477,
      3614,
      4044,
      4280,
      4542,
      4666,
      4939,
      5159,
      5339,
      5288,
      5549,
      5633,
      5633,
      5484,
      5664,
      5499,
      5419,
      5437,
      5346,
      5054,
      4840,
      4848,
      4602,
      4375,
      4282,
      3858,
      3766,
      3441,
      3285,
      2972,
      2806,
      2605,
      2374,
      2268,
      1988,
      1852,
      1637,
      1495,
      1337,
      1265,
      1096,
      933,
      843,
      714,
      604,
      567,
      416,
      376,
      332,
      269,
      210,
      176,
      131,
      112,
      102,
      78,
      55,
      41,
      48,
      24,
      21,
      9,
      14,
      13,
      12,
      5,
      1,
      4,
      3,
      4,
      1,
      0,
      0,
      1,
      0,
      1,
      1
    ],
    "bin_edges": [
      -3.645350217819214,
      -3.5902347564697266,
      -3.5351195335388184,
      -3.480004072189331,
      -3.4248886108398438,
      -3.3697733879089355,
      -3.3146579265594482,
      -3.259542465209961,
      -3.2044272422790527,
      -3.1493117809295654,
      -3.094196319580078,
      -3.03908109664917,
      -2.9839656352996826,
      -2.9288501739501953,
      -2.873734951019287,
      -2.8186194896698,
      -2.7635040283203125,
      -2.7083888053894043,
      -2.653273344039917,
      -2.5981578826904297,
      -2.5430426597595215,
      -2.487927198410034,
      -2.432811737060547,
      -2.3776965141296387,
      -2.3225810527801514,
      -2.267465591430664,
      -2.212350368499756,
      -2.1572349071502686,
      -2.1021194458007812,
      -2.047004222869873,
      -1.9918887615203857,
      -1.9367733001708984,
      -1.8816579580307007,
      -1.826542615890503,
      -1.7714271545410156,
      -1.7163118124008179,
      -1.6611964702606201,
      -1.6060810089111328,
      -1.550965666770935,
      -1.4958503246307373,
      -1.44073486328125,
      -1.3856195211410522,
      -1.3305041790008545,
      -1.2753887176513672,
      -1.2202733755111694,
      -1.1651580333709717,
      -1.1100425720214844,
      -1.0549272298812866,
      -0.9998118281364441,
      -0.9446964263916016,
      -0.8895810842514038,
      -0.8344656825065613,
      -0.7793502807617188,
      -0.724234938621521,
      -0.6691195368766785,
      -0.6140041351318359,
      -0.5588887929916382,
      -0.5037733912467957,
      -0.4486579895019531,
      -0.393542617559433,
      -0.33842724561691284,
      -0.2833118438720703,
      -0.22819647192955017,
      -0.17308108508586884,
      -0.1179656982421875,
      -0.06285031139850616,
      -0.007734932005405426,
      0.04738045111298561,
      0.10249583423137665,
      0.15761122107505798,
      0.21272659301757812,
      0.26784199476242065,
      0.3229573667049408,
      0.37807273864746094,
      0.43318814039230347,
      0.4883035123348236,
      0.5434188842773438,
      0.5985342860221863,
      0.6536496877670288,
      0.7087650299072266,
      0.7638804316520691,
      0.8189958333969116,
      0.8741111755371094,
      0.9292265772819519,
      0.9843419790267944,
      1.0394573211669922,
      1.0945727825164795,
      1.1496881246566772,
      1.204803466796875,
      1.2599189281463623,
      1.31503427028656,
      1.3701496124267578,
      1.4252650737762451,
      1.4803804159164429,
      1.5354957580566406,
      1.590611219406128,
      1.6457265615463257,
      1.7008419036865234,
      1.7559573650360107,
      1.8110727071762085,
      1.8661880493164062,
      1.9213035106658936,
      1.9764188528060913,
      2.031534194946289,
      2.0866496562957764,
      2.1417651176452637,
      2.196880340576172,
      2.251995801925659,
      2.3071112632751465,
      2.3622264862060547,
      2.417341947555542,
      2.4724574089050293,
      2.5275726318359375,
      2.582688093185425,
      2.637803554534912,
      2.6929187774658203,
      2.7480342388153076,
      2.803149700164795,
      2.858264923095703,
      2.9133803844451904,
      2.9684958457946777,
      3.023611068725586,
      3.0787265300750732,
      3.1338419914245605,
      3.1889572143554688,
      3.244072675704956,
      3.2991881370544434,
      3.3543033599853516,
      3.409418821334839
    ]
  }
}