{
  "module": "block.1.attn.proj_lif",
  "state_shape": [
    64,
    384,
    8,
    8
  ],
  "time_steps": 1,
  "numel_sampled": 196608,
  "mean": -0.09269526600837708,
  "std": 1.2252659797668457,
  "min": -5.645435810089111,
  "max": 4.986631870269775,
  "quantiles": {
    "0.00": -5.645435810089111,
    "0.01": -2.8153927326202393,
    "0.05": -2.042297840118408,
    "0.10": -1.6417949199676514,
    "0.25": -0.9573745131492615,
    "0.50": -0.12045043706893921,
    "0.75": 0.7527037262916565,
    "0.90": 1.5149962902069092,
    "0.95": 1.9536527395248413,
    "0.99": 2.7562246322631836,
    "1.00": 4.986631870269775
  },
  "histogram": {
    "counts": [
      1,
      0,
      0,
      0,
      0,
      0,
      0,
      0,
      1,
      2,
      2,
      2,
      5,
      8,
      5,
      6,
      17,
      11,
      19,
      25,
      40,
      35,
      58,
      50,
      78,
      90,
      84,
      128,
      116,
      156,
      196,
      222,
      262,
      326,
      406,
      494,
      526,
      634,
      771,
      854,
      1077,
      1186,
      1366,
      1518,
      1759,
      1964,
      2230,
      2392,
      2663,
      2987,
      3155,
      3427,
      3631,
      3801,
      4118,
      4332,
      4422,
      4531,
      4701,
      4834,
      4968,
      5057,
      4986,
      5090,
      5011,
      4889,
      4976,
      4973,
      4985,
      5024,
      4870,
      4799,
      4658,
      4625,
      4441,
      4128,
      4131,
      4024,
      3809,
      3494,
      3388,
      3295,
      3065,
      2896,
      2638,
      2503,
      2249,
      2143,
      1910,
      1757,
      1581,
      1455,
      1260,
      1162,
      1021,
      855,
      773,
      634,
      517,
      424,
      384,
      361,
      294,
      243,
      197,
      189,
      149,
      103,
      91,
      92,
      55,
      52,
      43,
      35,
      27,
      32,
      14,
      12,
      8,
      4,
      10,
      5,
      6,
      6,
      3,
      3,
      0,
      2
    ],
    "bin_edges": [
      -5.645435810089111,
      -5.56237268447876,
      -5.479309558868408,
      -5.396246910095215,
      -5.313183784484863,
      -5.230120658874512,
      -5.14705753326416,
      -5.063994407653809,
      -4.980931758880615,
      -4.897868633270264,
      -4.814805507659912,
      -4.7317423820495605,
      -4.648679256439209,
      -4.565616607666016,
      -4.482553482055664,
      -4.3994903564453125,
      -4.316427230834961,
      -4.233364105224609,
      -4.150301456451416,
      -4.0672383308410645,
      -3.984175205230713,
      -3.9011123180389404,
      -3.818049192428589,
      -3.7349860668182373,
      -3.651923179626465,
      -3.5688600540161133,
      -3.485797166824341,
      -3.4027340412139893,
      -3.3196709156036377,
      -3.2366080284118652,
      -3.1535449028015137,
      -3.070482015609741,
      -2.9874188899993896,
      -2.904355764389038,
      -2.8212928771972656,
      -2.738229751586914,
      -2.6551668643951416,
      -2.57210373878479,
      -2.4890406131744385,
      -2.405977725982666,
      -2.3229146003723145,
      -2.239851713180542,
      -2.1567885875701904,
      -2.073725461959839,
      -1.9906625747680664,
      -1.9075995683670044,
      -1.8245364427566528,
      -1.7414734363555908,
      -1.6584104299545288,
      -1.5753474235534668,
      -1.4922844171524048,
      -1.4092212915420532,
      -1.3261582851409912,
      -1.2430952787399292,
      -1.1600322723388672,
      -1.0769692659378052,
      -0.9939061999320984,
      -0.9108431935310364,
      -0.8277801275253296,
      -0.7447171211242676,
      -0.6616541147232056,
      -0.5785910487174988,
      -0.49552804231643677,
      -0.41246500611305237,
      -0.32940196990966797,
      -0.24633893370628357,
      -0.16327591240406036,
      -0.08021288365125656,
      0.002850145101547241,
      0.08591317385435104,
      0.16897620260715485,
      0.25203922390937805,
      0.33510226011276245,
      0.41816529631614685,
      0.5012283325195312,
      0.5842913389205933,
      0.6673543453216553,
      0.7504174113273621,
      0.8334804177284241,
      0.9165434837341309,
      0.9996064901351929,
      1.0826694965362549,
      1.165732502937317,
      1.2487956285476685,
      1.3318586349487305,
      1.4149216413497925,
      1.4979846477508545,
      1.5810476541519165,
      1.6641106605529785,
      1.74717378616333,
      1.830236792564392,
      1.913299798965454,
      1.9963628053665161,
      2.079425811767578,
      2.1624889373779297,
      2.245551824569702,
      2.3286149501800537,
      2.4116780757904053,
      2.4947409629821777,
      2.5778040885925293,
      2.6608669757843018,
      2.7439301013946533,
      2.826993227005005,
      2.9100561141967773,
      2.993119239807129,
      3.0761821269989014,
      3.159245252609253,
      3.2423083782196045,
      3.325371265411377,
      3.4084343910217285,
      3.491497278213501,
      3.5745604038238525,
      3.657623291015625,
      3.7406864166259766,
      3.823749542236328,
      3.9068124294281006,
      3.989875555038452,
      4.072938442230225,
      4.156001567840576,
      4.239064693450928,
      4.322127819061279,
      4.405190467834473,
      4.488253593444824,
      4.571316719055176,
      4.654379844665527,
      4.737442970275879,
      4.820505619049072,
      4.903568744659424,
      4.986631870269775
    ]
  }
}