{
  "module": "block.2.mlp.mlp2_lif",
  "state_shape": [
    64,
    1536,
    8,
    8
  ],
  "time_steps": 1,
  "numel_sampled": 196608,
  "mean": -0.28714051842689514,
  "std": 0.9683480262756348,
  "min": -4.667541027069092,
  "max": 5.609019756317139,
  "quantiles": {
    "0.00": -4.667541027069092,
    "0.01": -2.4697961807250977,
    "0.05": -1.73930823802948,
    "0.10": -1.414879322052002,
    "0.25": -0.9123291969299316,
    "0.50": -0.3579491972923279,
    "0.75": 0.2573242783546448,
    "0.90": 0.9696268439292908,
    "0.95": 1.4790388345718384,
    "0.99": 2.3296260833740234,
    "1.00": 5.609019756317139
  },
  "histogram": {
    "counts": [
      1,
      2,
      1,
      2,
      2,
      1,
      5,
      4,
      7,
      11,
      9,
      10,
      22,
      27,
      28,
      42,
      52,
      50,
      47,
      79,
      118,
      128,
      163,
      193,
      253,
      274,
      298,
      386,
      438,
      487,
      616,
      701,
      866,
      1064,
      1196,
      1504,
      1752,
      2067,
      2384,
      2771,
      3256,
      3607,
      4190,
      4795,
      5033,
      5614,
      5999,
      6632,
      6710,
      7107,
      7352,
      7377,
      7540,
      7412,
      7296,
      7089,
      6864,
      6466,
      6262,
      5770,
      5272,
      4986,
      4306,
      4166,
      3708,
      3280,
      2904,
      2746,
      2483,
      2221,
      1922,
      1842,
      1624,
      1535,
      1383,
      1291,
      1218,
      1177,
      1014,
      863,
      821,
      802,
      640,
      561,
      532,
      449,
      413,
      341,
      270,
      243,
      206,
      163,
      149,
      105,
      85,
      67,
      65,
      45,
      45,
      35,
      22,
      21,
      19,
      21,
      17,
      12,
      16,
      7,
      8,
      7,
      6,
      7,
      3,
      7,
      2,
      2,
      5,
      4,
      3,
      2,
      2,
      1,
      1,
      0,
      1,
      0,
      1,
      1
    ],
    "bin_edges": [
      -4.667541027069092,
      -4.587255477905273,
      -4.506969928741455,
      -4.4266839027404785,
      -4.34639835357666,
      -4.266112804412842,
      -4.185827255249023,
      -4.105541706085205,
      -4.025256156921387,
      -3.9449703693389893,
      -3.864684820175171,
      -3.7843990325927734,
      -3.704113483428955,
      -3.6238279342651367,
      -3.5435421466827393,
      -3.463256597518921,
      -3.3829708099365234,
      -3.302685260772705,
      -3.2223997116088867,
      -3.1421139240264893,
      -3.061828374862671,
      -2.9815428256988525,
      -2.901257038116455,
      -2.8209714889526367,
      -2.7406859397888184,
      -2.660400152206421,
      -2.5801146030426025,
      -2.499829053878784,
      -2.4195432662963867,
      -2.3392577171325684,
      -2.25897216796875,
      -2.1786863803863525,
      -2.098400831222534,
      -2.018115282058716,
      -1.937829613685608,
      -1.8575439453125,
      -1.777258276939392,
      -1.6969727277755737,
      -1.6166870594024658,
      -1.536401391029358,
      -1.45611572265625,
      -1.3758301734924316,
      -1.2955445051193237,
      -1.2152588367462158,
      -1.1349732875823975,
      -1.0546876192092896,
      -0.9744020104408264,
      -0.8941163420677185,
      -0.8138307332992554,
      -0.7335451245307922,
      -0.6532594561576843,
      -0.5729738473892212,
      -0.49268820881843567,
      -0.41240257024765015,
      -0.332116961479187,
      -0.2518313229084015,
      -0.17154568433761597,
      -0.09126005321741104,
      -0.010974422097206116,
      0.06931120902299881,
      0.14959684014320374,
      0.22988247871398926,
      0.3101680874824524,
      0.3904537260532379,
      0.47073936462402344,
      0.5510249733924866,
      0.6313106417655945,
      0.7115962505340576,
      0.7918819189071655,
      0.8721675276756287,
      0.9524531364440918,
      1.0327388048171997,
      1.1130244731903076,
      1.193310022354126,
      1.2735956907272339,
      1.3538813591003418,
      1.4341669082641602,
      1.514452576637268,
      1.594738245010376,
      1.6750237941741943,
      1.7553094625473022,
      1.8355951309204102,
      1.9158806800842285,
      1.9961663484573364,
      2.0764520168304443,
      2.1567375659942627,
      2.23702335357666,
      2.3173089027404785,
      2.397594451904297,
      2.4778802394866943,
      2.5581657886505127,
      2.638451337814331,
      2.7187371253967285,
      2.799022674560547,
      2.8793082237243652,
      2.9595940113067627,
      3.039879560470581,
      3.1201651096343994,
      3.200450897216797,
      3.2807364463806152,
      3.3610219955444336,
      3.441307783126831,
      3.5215933322906494,
      3.6018788814544678,
      3.6821646690368652,
      3.7624502182006836,
      3.842735767364502,
      3.9230215549468994,
      4.003307342529297,
      4.083592891693115,
      4.163878440856934,
      4.244163990020752,
      4.32444953918457,
      4.404735088348389,
      4.485021114349365,
      4.565306663513184,
      4.645592212677002,
      4.72587776184082,
      4.806163311004639,
      4.886448860168457,
      4.966734886169434,
      5.047020435333252,
      5.12730598449707,
      5.207591533660889,
      5.287877082824707,
      5.368162631988525,
      5.448448657989502,
      5.52873420715332,
      5.609019756317139
    ]
  }
}