{
  "module": "block.0.attn.attn_lif",
  "state_shape": [
    64,
    384,
    64
  ],
  "time_steps": 1,
  "numel_sampled": 196608,
  "mean": 8.554203987121582,
  "std": 8.391839981079102,
  "min": 0.0,
  "max": 85.125,
  "quantiles": {
    "0.00": 0.0,
    "0.01": 0.0,
    "0.05": 0.25,
    "0.10": 0.75,
    "0.25": 2.625,
    "0.50": 6.125,
    "0.75": 12.0,
    "0.90": 19.25,
    "0.95": 24.875,
    "0.99": 39.375,
    "1.00": 85.125
  },
  "histogram": {
    "counts": [
      18154,
      10538,
      10159,
      12052,
      9897,
      9225,
      10353,
      8116,
      7565,
      8343,
      6543,
      6038,
      6823,
      5172,
      4928,
      5411,
      4067,
      3924,
      4375,
      3338,
      3104,
      3461,
      2600,
      2360,
      2767,
      2024,
      1936,
      1770,
      1987,
      1437,
      1330,
      1526,
      1147,
      1093,
      1133,
      855,
      795,
      870,
      654,
      662,
      662,
      542,
      488,
      512,
      397,
      373,
      374,
      325,
      300,
      347,
      262,
      250,
      232,
      204,
      180,
      171,
      185,
      144,
      133,
      145,
      121,
      124,
      134,
      106,
      86,
      109,
      65,
      74,
      97,
      65,
      63,
      54,
      57,
      46,
      60,
      46,
      41,
      34,
      44,
      42,
      31,
      37,
      22,
      21,
      36,
      21,
      23,
      25,
      14,
      16,
      19,
      9,
      11,
      11,
      6,
      11,
      4,
      11,
      4,
      11,
      8,
      6,
      3,
      0,
      6,
      2,
      1,
      3,
      0,
      2,
      2,
      1,
      1,
      0,
      0,
      0,
      0,
      0,
      0,
      0,
      1,
      1,
      0,
      0,
      0,
      0,
      0,
      2
    ],
    "bin_edges": [
      0.0,
      0.6650390625,
      1.330078125,
      1.9951171875,
      2.66015625,
      3.3251953125,
      3.990234375,
      4.6552734375,
      5.3203125,
      5.9853515625,
      6.650390625,
      7.3154296875,
      7.98046875,
      8.6455078125,
      9.310546875,
      9.9755859375,
      10.640625,
      11.3056640625,
      11.970703125,
      12.6357421875,
      13.30078125,
      13.9658203125,
      14.630859375,
      15.2958984375,
      15.9609375,
      16.6259765625,
      17.291015625,
      17.9560546875,
      18.62109375,
      19.2861328125,
      19.951171875,
      20.6162109375,
      21.28125,
      21.9462890625,
      22.611328125,
      23.2763671875,
      23.94140625,
      24.6064453125,
      25.271484375,
      25.9365234375,
      26.6015625,
      27.2666015625,
      27.931640625,
      28.5966796875,
      29.26171875,
      29.9267578125,
      30.591796875,
      31.2568359375,
      31.921875,
      32.5869140625,
      33.251953125,
      33.9169921875,
      34.58203125,
      35.2470703125,
      35.912109375,
      36.5771484375,
      37.2421875,
      37.9072265625,
      38.572265625,
      39.2373046875,
      39.90234375,
      40.5673828125,
      41.232421875,
      41.8974609375,
      42.5625,
      43.2275390625,
      43.892578125,
      44.5576171875,
      45.22265625,
      45.8876953125,
      46.552734375,
      47.2177734375,
      47.8828125,
      48.5478515625,
      49.212890625,
      49.8779296875,
      50.54296875,
      51.2080078125,
      51.873046875,
      52.5380859375,
      53.203125,
      53.8681640625,
      54.533203125,
      55.1982421875,
      55.86328125,
      56.5283203125,
      57.193359375,
      57.8583984375,
      58.5234375,
      59.1884765625,
      59.853515625,
      60.5185546875,
      61.18359375,
      61.8486328125,
      62.513671875,
      63.1787109375,
      63.84375,
      64.5087890625,
      65.173828125,
      65.8388671875,
      66.50390625,
      67.1689453125,
      67.833984375,
      68.4990234375,
      69.1640625,
      69.8291015625,
      70.494140625,
      71.1591796875,
      71.82421875,
      72.4892578125,
      73.154296875,
      73.8193359375,
      74.484375,
      75.1494140625,
      75.814453125,
      76.4794921875,
      77.14453125,
      77.8095703125,
      78.474609375,
      79.1396484375,
      79.8046875,
      80.4697265625,
      81.134765625,
      81.7998046875,
      82.46484375,
      83.1298828125,
      83.794921875,
      84.4599609375,
      85.125
    ]
  }
}