{
  "module": "block.0.attn.proj_lif",
  "state_shape": [
    64,
    384,
    8,
    8
  ],
  "time_steps": 1,
  "numel_sampled": 196608,
  "mean": 0.0269483532756567,
  "std": 0.8604469895362854,
  "min": -4.0794525146484375,
  "max": 4.505095958709717,
  "quantiles": {
    "0.00": -4.0794525146484375,
    "0.01": -1.937157154083252,
    "0.05": -1.3475701808929443,
    "0.10": -1.0488613843917847,
    "0.25": -0.5571874380111694,
    "0.50": 0.00443424005061388,
    "0.75": 0.5932377576828003,
    "0.90": 1.144294023513794,
    "0.95": 1.4808155298233032,
    "0.99": 2.0942652225494385,
    "1.00": 4.505095958709717
  },
  "histogram": {
    "counts": [
      1,
      0,
      0,
      0,
      0,
      0,
      2,
      2,
      1,
      2,
      4,
      7,
      6,
      4,
      7,
      8,
      9,
      11,
      23,
      30,
      37,
      52,
      73,
      91,
      88,
      108,
      150,
      172,
      214,
      240,
      286,
      368,
      412,
      493,
      624,
      727,
      871,
      991,
      1238,
      1359,
      1595,
      1849,
      2063,
      2216,
      2683,
      3006,
      3223,
      3563,
      3873,
      4275,
      4583,
      4879,
      5062,
      5434,
      5579,
      5783,
      6069,
      6111,
      6037,
      6249,
      6085,
      6177,
      6008,
      5925,
      5698,
      5801,
      5378,
      5310,
      4966,
      4815,
      4496,
      4216,
      3899,
      3687,
      3299,
      3178,
      2871,
      2575,
      2341,
      2200,
      1916,
      1646,
      1586,
      1424,
      1227,
      1074,
      952,
      780,
      725,
      586,
      512,
      425,
      339,
      310,
      251,
      206,
      179,
      131,
      106,
      101,
      73,
      48,
      53,
      37,
      27,
      22,
      13,
      18,
      16,
      15,
      7,
      9,
      2,
      5,
      7,
      2,
      2,
      3,
      1,
      1,
      2,
      0,
      0,
      0,
      0,
      0,
      0,
      1
    ],
    "bin_edges": [
      -4.0794525146484375,
      -4.012385845184326,
      -3.9453189373016357,
      -3.8782520294189453,
      -3.811185359954834,
      -3.7441186904907227,
      -3.6770517826080322,
      -3.609984874725342,
      -3.5429182052612305,
      -3.475851535797119,
      -3.4087846279144287,
      -3.3417177200317383,
      -3.274651050567627,
      -3.2075843811035156,
      -3.140517473220825,
      -3.0734505653381348,
      -3.0063838958740234,
      -2.939317226409912,
      -2.8722503185272217,
      -2.8051834106445312,
      -2.73811674118042,
      -2.6710500717163086,
      -2.603983163833618,
      -2.5369162559509277,
      -2.4698495864868164,
      -2.402782917022705,
      -2.3357160091400146,
      -2.268649101257324,
      -2.201582431793213,
      -2.1345157623291016,
      -2.067448854446411,
      -2.0003819465637207,
      -1.9333152770996094,
      -1.8662484884262085,
      -1.7991816997528076,
      -1.7321149110794067,
      -1.6650481224060059,
      -1.597981333732605,
      -1.530914545059204,
      -1.4638477563858032,
      -1.3967809677124023,
      -1.3297141790390015,
      -1.2626473903656006,
      -1.1955806016921997,
      -1.1285138130187988,
      -1.061447024345398,
      -0.9943802356719971,
      -0.9273134469985962,
      -0.8602466583251953,
      -0.7931798696517944,
      -0.7261130809783936,
      -0.6590462923049927,
      -0.5919795036315918,
      -0.5249127149581909,
      -0.45784592628479004,
      -0.39077913761138916,
      -0.3237123489379883,
      -0.2566455602645874,
      -0.18957877159118652,
      -0.12251198291778564,
      -0.055445194244384766,
      0.011621594429016113,
      0.07868838310241699,
      0.14575517177581787,
      0.21282148361206055,
      0.2798882722854614,
      0.3469550609588623,
      0.4140218496322632,
      0.48108863830566406,
      0.5481554269790649,
      0.6152222156524658,
      0.6822890043258667,
      0.7493557929992676,
      0.8164225816726685,
      0.8834893703460693,
      0.9505561590194702,
      1.017622947692871,
      1.084689736366272,
      1.1517565250396729,
      1.2188233137130737,
      1.2858901023864746,
      1.3529568910598755,
      1.4200236797332764,
      1.4870904684066772,
      1.5541572570800781,
      1.621224045753479,
      1.6882908344268799,
      1.7553576231002808,
      1.8224244117736816,
      1.8894912004470825,
      1.9565579891204834,
      2.023624897003174,
      2.090691566467285,
      2.1577582359313965,
      2.224825143814087,
      2.2918920516967773,
      2.3589587211608887,
      2.426025390625,
      2.4930922985076904,
      2.560159206390381,
      2.627225875854492,
      2.6942925453186035,
      2.761359453201294,
      2.8284263610839844,
      2.8954930305480957,
      2.962559700012207,
      3.0296266078948975,
      3.096693515777588,
      3.163760185241699,
      3.2308268547058105,
      3.297893762588501,
      3.3649606704711914,
      3.4320273399353027,
      3.499094009399414,
      3.5661609172821045,
      3.633227825164795,
      3.7002944946289062,
      3.7673611640930176,
      3.834428071975708,
      3.9014949798583984,
      3.9685616493225098,
      4.035628318786621,
      4.102695465087891,
      4.169762134552002,
      4.236828804016113,
      4.303895473480225,
      4.370962142944336,
      4.4380292892456055,
      4.505095958709717
    ]
  }
}