{
  "module": "block.3.attn.q_lif",
  "state_shape": [
    64,
    384,
    64
  ],
  "time_steps": 1,
  "numel_sampled": 196608,
  "mean": -0.1639445424079895,
  "std": 0.6465629935264587,
  "min": -3.250303030014038,
  "max": 3.0033936500549316,
  "quantiles": {
    "0.00": -3.250303030014038,
    "0.01": -1.6608928442001343,
    "0.05": -1.2364217042922974,
    "0.10": -1.001865029335022,
    "0.25": -0.6018094420433044,
    "0.50": -0.15603134036064148,
    "0.75": 0.2737644612789154,
    "0.90": 0.6582334637641907,
    "0.95": 0.8853207230567932,
    "0.99": 1.3344051837921143,
    "1.00": 3.0033936500549316
  },
  "histogram": {
    "counts": [
      1,
      0,
      0,
      0,
      1,
      1,
      2,
      2,
      2,
      2,
      3,
      2,
      2,
      4,
      5,
      6,
      11,
      15,
      14,
      24,
      30,
      23,
      55,
      57,
      71,
      92,
      128,
      156,
      192,
      218,
      309,
      346,
      396,
      512,
      589,
      724,
      832,
      976,
      1094,
      1208,
      1398,
      1579,
      1776,
      2016,
      2288,
      2450,
      2679,
      2898,
      3127,
      3484,
      3696,
      3998,
      4205,
      4527,
      4647,
      4878,
      5032,
      5184,
      5565,
      5607,
      5638,
      5831,
      5743,
      5930,
      5886,
      5857,
      5819,
      5768,
      5651,
      5432,
      5190,
      4954,
      4607,
      4469,
      4217,
      3920,
      3666,
      3359,
      3007,
      2864,
      2567,
      2287,
      2105,
      1797,
      1583,
      1382,
      1244,
      1054,
      845,
      781,
      673,
      553,
      511,
      371,
      346,
      287,
      246,
      164,
      164,
      147,
      103,
      85,
      69,
      59,
      50,
      35,
      30,
      26,
      26,
      13,
      16,
      9,
      7,
      2,
      6,
      4,
      5,
      2,
      1,
      2,
      1,
      1,
      0,
      0,
      0,
      0,
      1,
      1
    ],
    "bin_edges": [
      -3.250303030014038,
      -3.201446056365967,
      -3.1525890827178955,
      -3.103732109069824,
      -3.054874897003174,
      -3.0060179233551025,
      -2.9571609497070312,
      -2.90830397605896,
      -2.8594470024108887,
      -2.8105900287628174,
      -2.761733055114746,
      -2.712876081466675,
      -2.6640191078186035,
      -2.615161895751953,
      -2.566304922103882,
      -2.5174479484558105,
      -2.4685909748077393,
      -2.419734001159668,
      -2.3708770275115967,
      -2.3220200538635254,
      -2.273162841796875,
      -2.2243058681488037,
      -2.1754488945007324,
      -2.126591920852661,
      -2.07773494720459,
      -2.0288779735565186,
      -1.9800209999084473,
      -1.9311639070510864,
      -1.8823069334030151,
      -1.8334499597549438,
      -1.784592866897583,
      -1.7357358932495117,
      -1.6868789196014404,
      -1.6380219459533691,
      -1.5891649723052979,
      -1.540307879447937,
      -1.4914509057998657,
      -1.4425939321517944,
      -1.3937368392944336,
      -1.3448798656463623,
      -1.296022891998291,
      -1.2471659183502197,
      -1.1983089447021484,
      -1.1494518518447876,
      -1.1005948781967163,
      -1.051737904548645,
      -1.0028808116912842,
      -0.9540238380432129,
      -0.9051668643951416,
      -0.8563098907470703,
      -0.8074528574943542,
      -0.7585958242416382,
      -0.7097388505935669,
      -0.6608818769454956,
      -0.6120248436927795,
      -0.5631678104400635,
      -0.5143108367919922,
      -0.4654538333415985,
      -0.41659682989120483,
      -0.36773982644081116,
      -0.3188828229904175,
      -0.2700258195400238,
      -0.22116881608963013,
      -0.17231181263923645,
      -0.12345457077026367,
      -0.07459756731987,
      -0.02574056386947632,
      0.02311643958091736,
      0.07197344303131104,
      0.12083044648170471,
      0.1696874499320984,
      0.21854445338249207,
      0.26740145683288574,
      0.3162584602832794,
      0.3651154637336731,
      0.4139724671840668,
      0.46282947063446045,
      0.5116864442825317,
      0.5605434775352478,
      0.6094005107879639,
      0.6582574844360352,
      0.7071144580841064,
      0.7559714913368225,
      0.8048285245895386,
      0.8536854982376099,
      0.9025424718856812,
      0.9513995051383972,
      1.0002565383911133,
      1.0491135120391846,
      1.0979704856872559,
      1.1468274593353271,
      1.195684552192688,
      1.2445415258407593,
      1.2933984994888306,
      1.3422555923461914,
      1.3911125659942627,
      1.439969539642334,
      1.4888265132904053,
      1.5376834869384766,
      1.5865405797958374,
      1.6353975534439087,
      1.68425452709198,
      1.7331116199493408,
      1.781968593597412,
      1.8308255672454834,
      1.8796825408935547,
      1.928539514541626,
      1.9773966073989868,
      2.0262537002563477,
      2.075110673904419,
      2.1239676475524902,
      2.1728246212005615,
      2.221681594848633,
      2.270538568496704,
      2.3193955421447754,
      2.3682525157928467,
      2.417109489440918,
      2.4659667015075684,
      2.5148236751556396,
      2.563680648803711,
      2.6125376224517822,
      2.6613945960998535,
      2.710251569747925,
      2.759108543395996,
      2.8079657554626465,
      2.8568227291107178,
      2.905679702758789,
      2.9545366764068604,
      3.0033936500549316
    ]
  }
}