{
  "module": "block.2.mlp.mlp1_lif",
  "state_shape": [
    64,
    384,
    8,
    8
  ],
  "time_steps": 1,
  "numel_sampled": 196608,
  "mean": -0.22944657504558563,
  "std": 1.1886427402496338,
  "min": -6.310552597045898,
  "max": 6.751524448394775,
  "quantiles": {
    "0.00": -6.310552597045898,
    "0.01": -3.318103075027466,
    "0.05": -2.234898805618286,
    "0.10": -1.7230839729309082,
    "0.25": -0.9548499584197998,
    "0.50": -0.18935620784759521,
    "0.75": 0.5352531671524048,
    "0.90": 1.1986323595046997,
    "0.95": 1.6203902959823608,
    "0.99": 2.5476157665252686,
    "1.00": 6.751524448394775
  },
  "histogram": {
    "counts": [
      3,
      0,
      0,
      0,
      1,
      0,
      4,
      8,
      8,
      9,
      10,
      14,
      12,
      22,
      18,
      33,
      47,
      46,
      55,
      70,
      79,
      94,
      106,
      154,
      149,
      178,
      224,
      241,
      287,
      328,
      361,
      464,
      519,
      557,
      674,
      788,
      865,
      955,
      1121,
      1401,
      1491,
      1743,
      1954,
      2213,
      2506,
      2793,
      3178,
      3464,
      3790,
      4096,
      4520,
      4937,
      5341,
      5879,
      6190,
      6505,
      6558,
      6869,
      7209,
      7295,
      7406,
      7259,
      7312,
      7013,
      6787,
      6697,
      6079,
      5762,
      5303,
      4876,
      4537,
      3905,
      3647,
      3185,
      2839,
      2371,
      2053,
      1760,
      1502,
      1278,
      1073,
      886,
      750,
      641,
      522,
      450,
      372,
      293,
      242,
      218,
      160,
      151,
      116,
      95,
      78,
      66,
      66,
      51,
      48,
      39,
      33,
      39,
      29,
      22,
      18,
      19,
      14,
      12,
      12,
      10,
      7,
      7,
      6,
      3,
      2,
      6,
      3,
      4,
      4,
      6,
      5,
      5,
      1,
      5,
      6,
      0,
      4,
      2
    ],
    "bin_edges": [
      -6.310552597045898,
      -6.208505153656006,
      -6.106457710266113,
      -6.004410266876221,
      -5.902362823486328,
      -5.8003153800964355,
      -5.698267936706543,
      -5.59622049331665,
      -5.494173049926758,
      -5.392125129699707,
      -5.2900776863098145,
      -5.188030242919922,
      -5.085982799530029,
      -4.983935356140137,
      -4.881887912750244,
      -4.779840469360352,
      -4.677793025970459,
      -4.575745582580566,
      -4.473698139190674,
      -4.371650695800781,
      -4.269603252410889,
      -4.167555809020996,
      -4.0655083656311035,
      -3.963460683822632,
      -3.8614132404327393,
      -3.7593657970428467,
      -3.657318353652954,
      -3.5552709102630615,
      -3.45322322845459,
      -3.3511757850646973,
      -3.2491283416748047,
      -3.147080898284912,
      -3.0450334548950195,
      -2.942986011505127,
      -2.8409385681152344,
      -2.738891124725342,
      -2.636843681335449,
      -2.5347959995269775,
      -2.432748556137085,
      -2.3307011127471924,
      -2.2286536693573,
      -2.1266062259674072,
      -2.0245587825775146,
      -1.9225112199783325,
      -1.82046377658844,
      -1.7184163331985474,
      -1.6163687705993652,
      -1.5143213272094727,
      -1.41227388381958,
      -1.3102264404296875,
      -1.208178997039795,
      -1.1061314344406128,
      -1.0040839910507202,
      -0.9020365476608276,
      -0.7999890446662903,
      -0.6979415416717529,
      -0.5958940982818604,
      -0.4938466250896454,
      -0.3917991518974304,
      -0.28975167870521545,
      -0.1877042055130005,
      -0.08565673232078552,
      0.016390740871429443,
      0.11843821406364441,
      0.22048616409301758,
      0.32253363728523254,
      0.4245811104774475,
      0.5266286134719849,
      0.6286760568618774,
      0.73072350025177,
      0.8327710032463074,
      0.9348185062408447,
      1.0368659496307373,
      1.1389133930206299,
      1.2409608364105225,
      1.3430083990097046,
      1.4450558423995972,
      1.5471032857894897,
      1.6491508483886719,
      1.7511982917785645,
      1.853245735168457,
      1.9552931785583496,
      2.057340621948242,
      2.1593880653381348,
      2.2614355087280273,
      2.363483190536499,
      2.4655306339263916,
      2.567578077316284,
      2.6696255207061768,
      2.7716729640960693,
      2.873720407485962,
      2.9757678508758545,
      3.077815532684326,
      3.1798629760742188,
      3.2819104194641113,
      3.383957862854004,
      3.4860053062438965,
      3.588052749633789,
      3.6901001930236816,
      3.792147636413574,
      3.894195079803467,
      3.9962427616119385,
      4.098289966583252,
      4.2003374099731445,
      4.302385330200195,
      4.404432773590088,
      4.5064802169799805,
      4.608527660369873,
      4.710575103759766,
      4.812622547149658,
      4.914669990539551,
      5.016717433929443,
      5.118764877319336,
      5.2208123207092285,
      5.322859764099121,
      5.424907207489014,
      5.526954650878906,
      5.629002094268799,
      5.731049537658691,
      5.833096981048584,
      5.935144424438477,
      6.037192344665527,
      6.13923978805542,
      6.2412872314453125,
      6.343334674835205,
      6.445382118225098,
      6.54742956161499,
      6.649477005004883,
      6.751524448394775
    ]
  }
}