{
  "module": "block.3.mlp.mlp2_lif",
  "state_shape": [
    64,
    1536,
    8,
    8
  ],
  "time_steps": 1,
  "numel_sampled": 196608,
  "mean": -0.26790377497673035,
  "std": 1.1716902256011963,
  "min": -6.9129557609558105,
  "max": 5.685732841491699,
  "quantiles": {
    "0.00": -6.9129557609558105,
    "0.01": -2.4124579429626465,
    "0.05": -1.814990520477295,
    "0.10": -1.5336109399795532,
    "0.25": -1.083471655845642,
    "0.50": -0.5228928327560425,
    "0.75": 0.39169684052467346,
    "0.90": 1.5436714887619019,
    "0.95": 2.003845453262329,
    "0.99": 2.7405848503112793,
    "1.00": 5.685732841491699
  },
  "histogram": {
    "counts": [
      2,
      0,
      1,
      0,
      0,
      0,
      0,
      0,
      1,
      1,
      1,
      0,
      1,
      0,
      1,
      1,
      0,
      2,
      1,
      2,
      0,
      1,
      1,
      0,
      0,
      0,
      4,
      6,
      2,
      3,
      7,
      11,
      16,
      19,
      27,
      33,
      38,
      69,
      79,
      97,
      134,
      166,
      236,
      275,
      370,
      495,
      649,
      865,
      1188,
      1474,
      1759,
      2325,
      2793,
      3642,
      4506,
      5113,
      6135,
      7015,
      7740,
      8339,
      8631,
      8959,
      8824,
      8596,
      8298,
      7740,
      7135,
      6503,
      5666,
      5307,
      4605,
      4061,
      3646,
      3208,
      2949,
      2728,
      2602,
      2555,
      2350,
      2385,
      2381,
      2374,
      2615,
      2518,
      2454,
      2441,
      2311,
      2335,
      2048,
      1920,
      1664,
      1562,
      1358,
      1191,
      969,
      831,
      671,
      559,
      441,
      351,
      298,
      230,
      191,
      127,
      94,
      75,
      47,
      48,
      39,
      24,
      11,
      5,
      9,
      5,
      9,
      0,
      2,
      2,
      1,
      1,
      1,
      0,
      0,
      0,
      0,
      0,
      0,
      1
    ],
    "bin_edges": [
      -6.9129557609558105,
      -6.814528465270996,
      -6.716101169586182,
      -6.617673873901367,
      -6.519246578216553,
      -6.420819282531738,
      -6.322392463684082,
      -6.223965167999268,
      -6.125537872314453,
      -6.027110576629639,
      -5.928683280944824,
      -5.83025598526001,
      -5.731828689575195,
      -5.633401393890381,
      -5.534974098205566,
      -5.436546802520752,
      -5.3381195068359375,
      -5.239692687988281,
      -5.141265392303467,
      -5.042838096618652,
      -4.944410800933838,
      -4.845983505249023,
      -4.747556209564209,
      -4.6491289138793945,
      -4.55070161819458,
      -4.452274322509766,
      -4.353847026824951,
      -4.255420207977295,
      -4.1569929122924805,
      -4.058565616607666,
      -3.9601383209228516,
      -3.861711025238037,
      -3.7632837295532227,
      -3.664856433868408,
      -3.5664291381835938,
      -3.4680020809173584,
      -3.369574785232544,
      -3.2711474895477295,
      -3.172720193862915,
      -3.0742928981781006,
      -2.9758658409118652,
      -2.877438545227051,
      -2.7790112495422363,
      -2.680583953857422,
      -2.5821566581726074,
      -2.483729362487793,
      -2.3853023052215576,
      -2.286875009536743,
      -2.1884477138519287,
      -2.0900204181671143,
      -1.9915932416915894,
      -1.893165946006775,
      -1.79473876953125,
      -1.6963114738464355,
      -1.597884178161621,
      -1.4994570016860962,
      -1.4010297060012817,
      -1.3026024103164673,
      -1.2041752338409424,
      -1.105747938156128,
      -1.0073206424713135,
      -0.9088934659957886,
      -0.8104661703109741,
      -0.7120389342308044,
      -0.6136112213134766,
      -0.5151839852333069,
      -0.4167567193508148,
      -0.31832945346832275,
      -0.21990221738815308,
      -0.1214749664068222,
      -0.023047715425491333,
      0.07537953555583954,
      0.1738067865371704,
      0.2722340226173401,
      0.37066128849983215,
      0.4690885543823242,
      0.5675157904624939,
      0.6659430265426636,
      0.764370322227478,
      0.8627975583076477,
      0.9612247943878174,
      1.0596520900726318,
      1.1580792665481567,
      1.2565065622329712,
      1.354933738708496,
      1.4533610343933105,
      1.551788330078125,
      1.65021550655365,
      1.7486428022384644,
      1.8470700979232788,
      1.9454972743988037,
      2.043924570083618,
      2.1423518657684326,
      2.240779161453247,
      2.3392062187194824,
      2.437633514404297,
      2.5360608100891113,
      2.634488105773926,
      2.7329154014587402,
      2.8313424587249756,
      2.92976975440979,
      3.0281970500946045,
      3.126624345779419,
      3.2250516414642334,
      3.3234786987304688,
      3.421905994415283,
      3.5203332901000977,
      3.618760585784912,
      3.7171878814697266,
      3.815615177154541,
      3.9140422344207764,
      4.01246976852417,
      4.110897064208984,
      4.209323883056641,
      4.307751178741455,
      4.4061784744262695,
      4.504605770111084,
      4.603033065795898,
      4.701460361480713,
      4.799887657165527,
      4.898314952850342,
      4.996742248535156,
      5.095169544219971,
      5.193596363067627,
      5.292023658752441,
      5.390450954437256,
      5.48887825012207,
      5.587305545806885,
      5.685732841491699
    ]
  }
}