{
  "module": "block.0.mlp.mlp1_lif",
  "state_shape": [
    64,
    384,
    8,
    8
  ],
  "time_steps": 1,
  "numel_sampled": 196608,
  "mean": -0.011967173777520657,
  "std": 1.0001252889633179,
  "min": -5.366762161254883,
  "max": 5.847740650177002,
  "quantiles": {
    "0.00": -5.366762161254883,
    "0.01": -2.4399399757385254,
    "0.05": -1.5441561937332153,
    "0.10": -1.1857365369796753,
    "0.25": -0.6394712924957275,
    "0.50": -0.04773930460214615,
    "0.75": 0.5804184079170227,
    "0.90": 1.2064963579177856,
    "0.95": 1.631391167640686,
    "0.99": 2.733109474182129,
    "1.00": 5.847740650177002
  },
  "histogram": {
    "counts": [
      1,
      0,
      0,
      1,
      2,
      0,
      0,
      2,
      5,
      7,
      6,
      11,
      14,
      20,
      23,
      26,
      35,
      20,
      41,
      46,
      49,
      56,
      51,
      76,
      70,
      95,
      103,
      141,
      125,
      182,
      167,
      235,
      235,
      310,
      360,
      372,
      442,
      574,
      678,
      762,
      957,
      1121,
      1380,
      1650,
      1998,
      2330,
      2665,
      3123,
      3517,
      4125,
      4636,
      4967,
      5561,
      6055,
      6627,
      6871,
      7202,
      7374,
      7611,
      7676,
      7599,
      7563,
      7425,
      7149,
      6958,
      6636,
      6246,
      5786,
      5297,
      4917,
      4469,
      4088,
      3656,
      3323,
      2970,
      2618,
      2248,
      1974,
      1777,
      1449,
      1301,
      1100,
      918,
      823,
      635,
      574,
      490,
      441,
      377,
      326,
      332,
      257,
      271,
      185,
      187,
      179,
      142,
      121,
      125,
      127,
      91,
      91,
      83,
      77,
      71,
      62,
      54,
      40,
      30,
      38,
      27,
      27,
      14,
      10,
      9,
      7,
      8,
      5,
      2,
      5,
      3,
      0,
      3,
      0,
      0,
      0,
      2,
      1
    ],
    "bin_edges": [
      -5.366762161254883,
      -5.279149055480957,
      -5.191535472869873,
      -5.103922367095947,
      -5.016308784484863,
      -4.9286956787109375,
      -4.841082572937012,
      -4.753468990325928,
      -4.665855884552002,
      -4.578242301940918,
      -4.490629196166992,
      -4.403016090393066,
      -4.315402507781982,
      -4.227789402008057,
      -4.140175819396973,
      -4.052562713623047,
      -3.964949369430542,
      -3.877336025238037,
      -3.7897226810455322,
      -3.7021095752716064,
      -3.6144962310791016,
      -3.5268828868865967,
      -3.439269542694092,
      -3.351656198501587,
      -3.264042854309082,
      -3.1764297485351562,
      -3.0888164043426514,
      -3.0012030601501465,
      -2.9135897159576416,
      -2.8259763717651367,
      -2.738363265991211,
      -2.650749921798706,
      -2.563136577606201,
      -2.4755232334136963,
      -2.3879098892211914,
      -2.3002967834472656,
      -2.2126834392547607,
      -2.125070095062256,
      -2.037456750869751,
      -1.9498435258865356,
      -1.8622301816940308,
      -1.7746168375015259,
      -1.6870036125183105,
      -1.5993902683258057,
      -1.5117769241333008,
      -1.4241636991500854,
      -1.3365503549575806,
      -1.2489371299743652,
      -1.1613237857818604,
      -1.0737104415893555,
      -0.9860972166061401,
      -0.8984838724136353,
      -0.8108705878257751,
      -0.723257303237915,
      -0.6356439590454102,
      -0.54803067445755,
      -0.46041738986968994,
      -0.37280410528182983,
      -0.28519079089164734,
      -0.19757749140262604,
      -0.10996419191360474,
      -0.022350892424583435,
      0.06526240706443787,
      0.15287570655345917,
      0.24048948287963867,
      0.3281027674674988,
      0.4157160818576813,
      0.5033293962478638,
      0.5909426808357239,
      0.678555965423584,
      0.7661693096160889,
      0.853782594203949,
      0.9413958787918091,
      1.029009222984314,
      1.1166224479675293,
      1.2042357921600342,
      1.291849136352539,
      1.3794623613357544,
      1.4670757055282593,
      1.5546889305114746,
      1.6423022747039795,
      1.7299156188964844,
      1.8175288438796997,
      1.9051421880722046,
      1.99275541305542,
      2.080368757247925,
      2.1679821014404297,
      2.2555954456329346,
      2.3432087898254395,
      2.4308218955993652,
      2.51843523979187,
      2.606048583984375,
      2.69366192817688,
      2.7812752723693848,
      2.8688883781433105,
      2.9565017223358154,
      3.0441150665283203,
      3.131728410720825,
      3.21934175491333,
      3.306954860687256,
      3.3945682048797607,
      3.4821815490722656,
      3.5697948932647705,
      3.6574082374572754,
      3.745021343231201,
      3.832634687423706,
      3.920248031616211,
      4.007861137390137,
      4.095474720001221,
      4.1830878257751465,
      4.2707014083862305,
      4.358314514160156,
      4.445927619934082,
      4.533541202545166,
      4.621154308319092,
      4.708767890930176,
      4.796380996704102,
      4.8839945793151855,
      4.971607685089111,
      5.059220790863037,
      5.146834373474121,
      5.234447479248047,
      5.322061061859131,
      5.409674167633057,
      5.497287273406982,
      5.584900856018066,
      5.672513961791992,
      5.760127544403076,
      5.847740650177002
    ]
  }
}