{
  "module": "block.2.mlp.mlp2_lif",
  "state_shape": [
    64,
    1536,
    8,
    8
  ],
  "time_steps": 1,
  "numel_sampled": 196608,
  "mean": -0.40837159752845764,
  "std": 0.8469154238700867,
  "min": -5.681148529052734,
  "max": 3.8712148666381836,
  "quantiles": {
    "0.00": -5.681148529052734,
    "0.01": -2.446267604827881,
    "0.05": -1.7281585931777954,
    "0.10": -1.4230077266693115,
    "0.25": -0.9495602250099182,
    "0.50": -0.43456029891967773,
    "0.75": 0.11148054152727127,
    "0.90": 0.6526865363121033,
    "0.95": 1.017733097076416,
    "0.99": 1.7850834131240845,
    "1.00": 3.8712148666381836
  },
  "histogram": {
    "counts": [
      1,
      0,
      0,
      1,
      0,
      0,
      1,
      1,
      1,
      1,
      3,
      1,
      3,
      2,
      2,
      3,
      1,
      6,
      9,
      7,
      13,
      7,
      14,
      13,
      15,
      15,
      20,
      35,
      27,
      49,
      48,
      60,
      56,
      69,
      72,
      103,
      87,
      111,
      133,
      154,
      207,
      238,
      286,
      331,
      362,
      477,
      571,
      602,
      754,
      908,
      1043,
      1358,
      1604,
      1882,
      2161,
      2547,
      3025,
      3374,
      3808,
      4281,
      4826,
      5363,
      5544,
      6162,
      6570,
      6958,
      7255,
      7317,
      7476,
      7562,
      7575,
      7350,
      7089,
      6972,
      6749,
      6245,
      5967,
      5616,
      5098,
      4785,
      4347,
      3908,
      3527,
      3247,
      2806,
      2465,
      2209,
      1960,
      1721,
      1502,
      1350,
      1154,
      985,
      810,
      732,
      618,
      577,
      503,
      385,
      373,
      325,
      269,
      243,
      205,
      156,
      162,
      115,
      111,
      79,
      66,
      58,
      40,
      36,
      31,
      20,
      20,
      18,
      6,
      4,
      10,
      2,
      2,
      2,
      0,
      3,
      0,
      2,
      2
    ],
    "bin_edges": [
      -5.681148529052734,
      -5.606520652770996,
      -5.531892776489258,
      -5.4572649002075195,
      -5.382637023925781,
      -5.308009147644043,
      -5.233381271362305,
      -5.158753871917725,
      -5.084125995635986,
      -5.009498119354248,
      -4.93487024307251,
      -4.8602423667907715,
      -4.785614490509033,
      -4.710986614227295,
      -4.636358737945557,
      -4.561730861663818,
      -4.48710298538208,
      -4.412475109100342,
      -4.3378472328186035,
      -4.263219356536865,
      -4.188591957092285,
      -4.113964080810547,
      -4.039336204528809,
      -3.9647083282470703,
      -3.890080451965332,
      -3.8154525756835938,
      -3.7408246994018555,
      -3.666196823120117,
      -3.591568946838379,
      -3.5169413089752197,
      -3.4423134326934814,
      -3.367685556411743,
      -3.293057680130005,
      -3.2184298038482666,
      -3.1438019275665283,
      -3.06917405128479,
      -2.994546413421631,
      -2.9199185371398926,
      -2.8452906608581543,
      -2.770662784576416,
      -2.6960349082946777,
      -2.6214070320129395,
      -2.5467793941497803,
      -2.472151517868042,
      -2.3975236415863037,
      -2.3228957653045654,
      -2.248267889022827,
      -2.173640012741089,
      -2.0990123748779297,
      -2.0243844985961914,
      -1.9497566223144531,
      -1.8751287460327148,
      -1.8005008697509766,
      -1.7258731126785278,
      -1.6512452363967896,
      -1.5766173601150513,
      -1.5019896030426025,
      -1.4273617267608643,
      -1.352733850479126,
      -1.2781059741973877,
      -1.203478217124939,
      -1.1288503408432007,
      -1.0542224645614624,
      -0.9795946478843689,
      -0.9049668312072754,
      -0.8303390145301819,
      -0.7557111382484436,
      -0.6810833215713501,
      -0.6064554452896118,
      -0.5318276286125183,
      -0.4571998119354248,
      -0.3825719654560089,
      -0.307944118976593,
      -0.23331627249717712,
      -0.15868844091892242,
      -0.08406060189008713,
      -0.009432762861251831,
      0.06519507616758347,
      0.13982291519641876,
      0.21445074677467346,
      0.28907859325408936,
      0.36370643973350525,
      0.43833428621292114,
      0.5129621028900146,
      0.5875899791717529,
      0.6622177958488464,
      0.7368456125259399,
      0.8114734888076782,
      0.8861013054847717,
      0.9607291221618652,
      1.0353569984436035,
      1.1099848747253418,
      1.1846126317977905,
      1.2592405080795288,
      1.333868384361267,
      1.4084961414337158,
      1.483124017715454,
      1.5577518939971924,
      1.6323796510696411,
      1.7070075273513794,
      1.7816354036331177,
      1.8562631607055664,
      1.9308910369873047,
      2.005518913269043,
      2.0801467895507812,
      2.1547746658325195,
      2.2294023036956787,
      2.304030179977417,
      2.3786580562591553,
      2.4532859325408936,
      2.527913808822632,
      2.60254168510437,
      2.6771693229675293,
      2.7517971992492676,
      2.826425075531006,
      2.901052951812744,
      2.9756808280944824,
      3.0503087043762207,
      3.124936580657959,
      3.199564218521118,
      3.2741920948028564,
      3.3488199710845947,
      3.423447847366333,
      3.4980757236480713,
      3.5727035999298096,
      3.6473312377929688,
      3.721959114074707,
      3.7965869903564453,
      3.8712148666381836
    ]
  }
}