{
  "module": "block.0.attn.q_lif",
  "state_shape": [
    64,
    384,
    64
  ],
  "time_steps": 1,
  "numel_sampled": 196608,
  "mean": 0.12960287928581238,
  "std": 1.0160586833953857,
  "min": -4.586525917053223,
  "max": 4.563729763031006,
  "quantiles": {
    "0.00": -4.586525917053223,
    "0.01": -2.3516929149627686,
    "0.05": -1.5485775470733643,
    "0.10": -1.155539631843567,
    "0.25": -0.5263431072235107,
    "0.50": 0.12857335805892944,
    "0.75": 0.8000438809394836,
    "0.90": 1.4207099676132202,
    "0.95": 1.7993757724761963,
    "0.99": 2.5073537826538086,
    "1.00": 4.563729763031006
  },
  "histogram": {
    "counts": [
      1,
      0,
      0,
      0,
      0,
      1,
      0,
      1,
      2,
      2,
      5,
      5,
      8,
      16,
      15,
      22,
      32,
      33,
      40,
      46,
      66,
      64,
      82,
      79,
      115,
      142,
      163,
      197,
      190,
      240,
      311,
      354,
      375,
      435,
      443,
      528,
      594,
      726,
      819,
      881,
      1057,
      1126,
      1329,
      1475,
      1651,
      1889,
      1964,
      2147,
      2422,
      2576,
      2847,
      3200,
      3319,
      3620,
      3814,
      4108,
      4518,
      4746,
      4994,
      5143,
      5335,
      5406,
      5601,
      5711,
      5640,
      5882,
      5667,
      5715,
      5653,
      5431,
      5316,
      5267,
      5002,
      4704,
      4585,
      4394,
      4186,
      3913,
      3712,
      3320,
      3249,
      2985,
      2743,
      2460,
      2293,
      2091,
      1904,
      1631,
      1537,
      1339,
      1218,
      1072,
      942,
      869,
      731,
      621,
      566,
      451,
      441,
      349,
      311,
      218,
      223,
      177,
      144,
      129,
      91,
      71,
      67,
      48,
      35,
      39,
      24,
      21,
      21,
      12,
      9,
      9,
      11,
      3,
      8,
      1,
      3,
      4,
      14,
      2,
      1,
      2
    ],
    "bin_edges": [
      -4.586525917053223,
      -4.515039443969727,
      -4.4435529708862305,
      -4.372066974639893,
      -4.3005805015563965,
      -4.2290940284729,
      -4.157607555389404,
      -4.086121559143066,
      -4.01463508605957,
      -3.943148612976074,
      -3.871662139892578,
      -3.800175905227661,
      -3.728689432144165,
      -3.657203197479248,
      -3.585716724395752,
      -3.514230489730835,
      -3.442744016647339,
      -3.3712575435638428,
      -3.299771308898926,
      -3.2282848358154297,
      -3.1567986011505127,
      -3.0853121280670166,
      -3.0138258934020996,
      -2.9423394203186035,
      -2.8708529472351074,
      -2.7993667125701904,
      -2.7278802394866943,
      -2.6563940048217773,
      -2.5849075317382812,
      -2.5134212970733643,
      -2.441934823989868,
      -2.370448589324951,
      -2.298962116241455,
      -2.227475643157959,
      -2.155989408493042,
      -2.084502935409546,
      -2.013016700744629,
      -1.9415302276611328,
      -1.8700438737869263,
      -1.7985575199127197,
      -1.7270711660385132,
      -1.6555848121643066,
      -1.5840984582901,
      -1.5126121044158936,
      -1.4411256313323975,
      -1.369639277458191,
      -1.2981529235839844,
      -1.2266665697097778,
      -1.1551802158355713,
      -1.0836938619613647,
      -1.0122075080871582,
      -0.9407210946083069,
      -0.8692347407341003,
      -0.7977483868598938,
      -0.7262619733810425,
      -0.6547756195068359,
      -0.5832892656326294,
      -0.5118029117584229,
      -0.4403165280818939,
      -0.368830144405365,
      -0.29734379053115845,
      -0.2258574217557907,
      -0.15437105298042297,
      -0.08288468420505524,
      -0.011397838592529297,
      0.06008853018283844,
      0.13157489895820618,
      0.2030612677335739,
      0.27454763650894165,
      0.3460339903831482,
      0.4175203740596771,
      0.48900675773620605,
      0.5604931116104126,
      0.6319794654846191,
      0.7034658193588257,
      0.774952232837677,
      0.8464385867118835,
      0.9179249405860901,
      0.9894113540649414,
      1.060897707939148,
      1.1323840618133545,
      1.203870415687561,
      1.2753567695617676,
      1.3468431234359741,
      1.4183294773101807,
      1.4898159503936768,
      1.5613023042678833,
      1.6327886581420898,
      1.7042750120162964,
      1.775761365890503,
      1.8472477197647095,
      1.918734073638916,
      1.990220546722412,
      2.061706781387329,
      2.133193254470825,
      2.204679489135742,
      2.2761659622192383,
      2.3476524353027344,
      2.4191386699676514,
      2.4906251430511475,
      2.5621113777160645,
      2.6335978507995605,
      2.7050840854644775,
      2.7765705585479736,
      2.8480567932128906,
      2.9195432662963867,
      2.991029739379883,
      3.0625159740448,
      3.134002447128296,
      3.205488681793213,
      3.276975154876709,
      3.348461389541626,
      3.419947862625122,
      3.491434335708618,
      3.562920570373535,
      3.6344070434570312,
      3.7058932781219482,
      3.7773797512054443,
      3.8488659858703613,
      3.9203524589538574,
      3.9918389320373535,
      4.06332540512085,
      4.1348114013671875,
      4.206297874450684,
      4.27778434753418,
      4.349270820617676,
      4.420756816864014,
      4.49224328994751,
      4.563729763031006
    ]
  }
}