{
  "module": "block.1.attn.q_lif",
  "state_shape": [
    64,
    384,
    64
  ],
  "time_steps": 1,
  "numel_sampled": 196608,
  "mean": 0.2785917818546295,
  "std": 0.8657401204109192,
  "min": -5.622641086578369,
  "max": 5.978267669677734,
  "quantiles": {
    "0.00": -5.622641086578369,
    "0.01": -1.8460147380828857,
    "0.05": -1.0562589168548584,
    "0.10": -0.723687469959259,
    "0.25": -0.24053829908370972,
    "0.50": 0.2418181598186493,
    "0.75": 0.7636981010437012,
    "0.90": 1.3349782228469849,
    "0.95": 1.762789011001587,
    "0.99": 2.6434898376464844,
    "1.00": 5.978267669677734
  },
  "histogram": {
    "counts": [
      1,
      0,
      0,
      0,
      1,
      1,
      2,
      4,
      2,
      0,
      2,
      2,
      2,
      3,
      3,
      3,
      2,
      3,
      4,
      6,
      6,
      12,
      10,
      21,
      14,
      22,
      25,
      28,
      39,
      42,
      47,
      64,
      60,
      79,
      86,
      131,
      115,
      159,
      226,
      241,
      300,
      304,
      406,
      533,
      583,
      697,
      871,
      1146,
      1322,
      1511,
      1888,
      2375,
      2785,
      3276,
      3942,
      4669,
      5216,
      6104,
      6870,
      7716,
      8373,
      9190,
      9651,
      10028,
      10011,
      9716,
      9191,
      8618,
      8236,
      7420,
      6482,
      6003,
      5233,
      4767,
      4084,
      3572,
      3086,
      2628,
      2170,
      1971,
      1645,
      1432,
      1225,
      1132,
      991,
      893,
      729,
      634,
      552,
      489,
      423,
      354,
      298,
      250,
      201,
      147,
      157,
      120,
      87,
      73,
      73,
      62,
      54,
      23,
      33,
      28,
      14,
      10,
      12,
      11,
      9,
      1,
      6,
      3,
      3,
      5,
      1,
      4,
      3,
      1,
      1,
      3,
      1,
      1,
      1,
      0,
      0,
      1
    ],
    "bin_edges": [
      -5.622641086578369,
      -5.532009124755859,
      -5.441376686096191,
      -5.350744724273682,
      -5.260112762451172,
      -5.169480800628662,
      -5.078848361968994,
      -4.988216400146484,
      -4.897584438323975,
      -4.806951999664307,
      -4.716320037841797,
      -4.625688076019287,
      -4.535056114196777,
      -4.444423675537109,
      -4.3537917137146,
      -4.26315975189209,
      -4.172527313232422,
      -4.081895351409912,
      -3.9912633895874023,
      -3.9006311893463135,
      -3.8099992275238037,
      -3.719367027282715,
      -3.628735065460205,
      -3.538102865219116,
      -3.4474706649780273,
      -3.3568387031555176,
      -3.2662065029144287,
      -3.175574541091919,
      -3.08494234085083,
      -2.9943103790283203,
      -2.9036781787872314,
      -2.8130462169647217,
      -2.722414016723633,
      -2.631781816482544,
      -2.541149854660034,
      -2.4505176544189453,
      -2.3598856925964355,
      -2.2692534923553467,
      -2.178621530532837,
      -2.087989330291748,
      -1.9973572492599487,
      -1.9067251682281494,
      -1.81609308719635,
      -1.7254610061645508,
      -1.634828805923462,
      -1.5441967248916626,
      -1.4535646438598633,
      -1.362932562828064,
      -1.2723004817962646,
      -1.1816684007644653,
      -1.091036319732666,
      -1.0004042387008667,
      -0.9097720980644226,
      -0.8191400170326233,
      -0.7285078763961792,
      -0.6378757953643799,
      -0.5472437143325806,
      -0.45661163330078125,
      -0.36597952246665955,
      -0.27534741163253784,
      -0.18471533060073853,
      -0.09408323466777802,
      -0.003451138734817505,
      0.087180957198143,
      0.17781352996826172,
      0.26844561100006104,
      0.35907772183418274,
      0.44970983266830444,
      0.5403419137001038,
      0.6309739947319031,
      0.7216061353683472,
      0.8122382164001465,
      0.9028702974319458,
      0.9935023784637451,
      1.0841344594955444,
      1.1747665405273438,
      1.2653987407684326,
      1.356030821800232,
      1.4466629028320312,
      1.5372949838638306,
      1.6279270648956299,
      1.7185591459274292,
      1.8091912269592285,
      1.8998233079910278,
      1.9904553890228271,
      2.081087589263916,
      2.171719551086426,
      2.2623517513275146,
      2.3529839515686035,
      2.4436159133911133,
      2.534248113632202,
      2.624880075454712,
      2.715512275695801,
      2.8061442375183105,
      2.8967764377593994,
      2.987408399581909,
      3.078040599822998,
      3.168672800064087,
      3.2593047618865967,
      3.3499369621276855,
      3.4405689239501953,
      3.531201124191284,
      3.621833086013794,
      3.712465286254883,
      3.8030972480773926,
      3.8937294483184814,
      3.9843616485595703,
      4.07499361038208,
      4.16562557220459,
      4.256258010864258,
      4.346889972686768,
      4.437521934509277,
      4.528154373168945,
      4.618786334991455,
      4.709418296813965,
      4.800050258636475,
      4.890682697296143,
      4.981314659118652,
      5.071946620941162,
      5.162578582763672,
      5.25321102142334,
      5.34384298324585,
      5.434474945068359,
      5.525107383728027,
      5.615739345550537,
      5.706371307373047,
      5.797003269195557,
      5.887635707855225,
      5.978267669677734
    ]
  }
}