{
  "module": "block.3.attn.proj_lif",
  "state_shape": [
    64,
    384,
    8,
    8
  ],
  "time_steps": 1,
  "numel_sampled": 196608,
  "mean": -0.2107512205839157,
  "std": 1.3707300424575806,
  "min": -7.594659805297852,
  "max": 7.111947059631348,
  "quantiles": {
    "0.00": -7.594659805297852,
    "0.01": -3.6787712574005127,
    "0.05": -2.472813844680786,
    "0.10": -1.909960389137268,
    "0.25": -1.0497461557388306,
    "0.50": -0.19516527652740479,
    "0.75": 0.6325855851173401,
    "0.90": 1.4586340188980103,
    "0.95": 2.0337014198303223,
    "0.99": 3.2019336223602295,
    "1.00": 7.111947059631348
  },
  "histogram": {
    "counts": [
      1,
      0,
      0,
      2,
      2,
      3,
      4,
      2,
      1,
      4,
      5,
      6,
      7,
      7,
      6,
      13,
      20,
      15,
      33,
      26,
      30,
      37,
      44,
      61,
      82,
      76,
      89,
      110,
      133,
      171,
      194,
      214,
      243,
      304,
      317,
      375,
      450,
      515,
      625,
      714,
      794,
      995,
      1089,
      1226,
      1408,
      1701,
      1768,
      2171,
      2359,
      2610,
      3021,
      3386,
      3604,
      4094,
      4279,
      4769,
      5130,
      5563,
      5980,
      6351,
      6723,
      6969,
      7286,
      7171,
      7297,
      7367,
      7114,
      7107,
      6895,
      6553,
      6154,
      5834,
      5357,
      4710,
      4272,
      3882,
      3550,
      3221,
      2775,
      2461,
      2110,
      1869,
      1692,
      1435,
      1310,
      1133,
      1008,
      892,
      752,
      655,
      579,
      489,
      432,
      361,
      354,
      268,
      237,
      191,
      165,
      135,
      98,
      100,
      67,
      66,
      58,
      41,
      40,
      20,
      9,
      11,
      10,
      8,
      10,
      14,
      4,
      5,
      2,
      9,
      6,
      7,
      4,
      1,
      5,
      4,
      1,
      1,
      1,
      2
    ],
    "bin_edges": [
      -7.594659805297852,
      -7.479764461517334,
      -7.364869117736816,
      -7.249973773956299,
      -7.135078430175781,
      -7.020183086395264,
      -6.905287742614746,
      -6.7903923988342285,
      -6.675497055053711,
      -6.560601711273193,
      -6.445706367492676,
      -6.330810546875,
      -6.215915203094482,
      -6.101019859313965,
      -5.986124515533447,
      -5.87122917175293,
      -5.756333827972412,
      -5.6414384841918945,
      -5.526543140411377,
      -5.411647796630859,
      -5.296752452850342,
      -5.181857109069824,
      -5.066961765289307,
      -4.952066421508789,
      -4.8371710777282715,
      -4.722275733947754,
      -4.607380390167236,
      -4.492485046386719,
      -4.377589702606201,
      -4.262694358825684,
      -4.147799015045166,
      -4.032903671264648,
      -3.9180080890655518,
      -3.803112745285034,
      -3.6882174015045166,
      -3.573322057723999,
      -3.4584267139434814,
      -3.343531370162964,
      -3.228635787963867,
      -3.1137404441833496,
      -2.998845100402832,
      -2.8839497566223145,
      -2.769054412841797,
      -2.6541590690612793,
      -2.5392637252807617,
      -2.424368381500244,
      -2.3094730377197266,
      -2.194577693939209,
      -2.0796823501586914,
      -1.9647868871688843,
      -1.8498915433883667,
      -1.7349960803985596,
      -1.620100736618042,
      -1.5052053928375244,
      -1.3903100490570068,
      -1.2754147052764893,
      -1.1605193614959717,
      -1.0456238985061646,
      -0.930728554725647,
      -0.8158332109451294,
      -0.7009378671646118,
      -0.5860424637794495,
      -0.4711471199989319,
      -0.3562517464160919,
      -0.24135637283325195,
      -0.126460999250412,
      -0.011565640568733215,
      0.10332972556352615,
      0.21822509169578552,
      0.3331204652786255,
      0.44801580905914307,
      0.5629112124443054,
      0.677806556224823,
      0.7927019000053406,
      0.9075973033905029,
      1.0224926471710205,
      1.137387990951538,
      1.2522833347320557,
      1.3671787977218628,
      1.4820741415023804,
      1.596969485282898,
      1.7118648290634155,
      1.826760172843933,
      1.9416556358337402,
      2.056550979614258,
      2.1714463233947754,
      2.286341667175293,
      2.4012370109558105,
      2.516132354736328,
      2.6310276985168457,
      2.7459230422973633,
      2.86081862449646,
      2.9757139682769775,
      3.090609312057495,
      3.2055046558380127,
      3.3203999996185303,
      3.435295343399048,
      3.5501906871795654,
      3.665086030960083,
      3.7799813747406006,
      3.894876718521118,
      4.009772300720215,
      4.124667644500732,
      4.23956298828125,
      4.354458332061768,
      4.469353675842285,
      4.584249019622803,
      4.69914436340332,
      4.814039707183838,
      4.9289350509643555,
      5.043830394744873,
      5.158725738525391,
      5.273621082305908,
      5.388516426086426,
      5.503411769866943,
      5.618307113647461,
      5.7332024574279785,
      5.848097801208496,
      5.962993621826172,
      6.0778889656066895,
      6.192784309387207,
      6.307679653167725,
      6.422574996948242,
      6.53747034072876,
      6.652365684509277,
      6.767261028289795,
      6.8821563720703125,
      6.99705171585083,
      7.111947059631348
    ]
  }
}