{
  "module": "block.1.attn.v_lif",
  "state_shape": [
    64,
    384,
    64
  ],
  "time_steps": 1,
  "numel_sampled": 196608,
  "mean": -0.021665411069989204,
  "std": 1.2523554563522339,
  "min": -4.52802848815918,
  "max": 4.9710516929626465,
  "quantiles": {
    "0.00": -4.52802848815918,
    "0.01": -2.188255548477173,
    "0.05": -1.7277482748031616,
    "0.10": -1.4951332807540894,
    "0.25": -1.0491952896118164,
    "0.50": -0.24633002281188965,
    "0.75": 1.018134355545044,
    "0.90": 1.7342562675476074,
    "0.95": 2.0615055561065674,
    "0.99": 2.7442400455474854,
    "1.00": 4.9710516929626465
  },
  "histogram": {
    "counts": [
      1,
      0,
      0,
      2,
      1,
      2,
      2,
      2,
      4,
      7,
      12,
      9,
      8,
      17,
      12,
      15,
      13,
      24,
      27,
      46,
      35,
      52,
      52,
      58,
      73,
      105,
      123,
      146,
      199,
      266,
      416,
      484,
      662,
      841,
      1138,
      1414,
      1849,
      2367,
      2734,
      3243,
      3748,
      4084,
      4551,
      4947,
      5158,
      5350,
      5534,
      5646,
      5557,
      5378,
      5062,
      4713,
      4425,
      4234,
      3925,
      3723,
      3461,
      3335,
      3078,
      2992,
      2923,
      2917,
      2818,
      2786,
      2672,
      2791,
      2773,
      2721,
      2757,
      2768,
      2864,
      2894,
      3048,
      3084,
      3118,
      3208,
      3199,
      3257,
      3123,
      3152,
      3068,
      3020,
      2812,
      2776,
      2712,
      2462,
      2267,
      2032,
      1717,
      1525,
      1350,
      1137,
      981,
      735,
      606,
      492,
      419,
      299,
      271,
      234,
      178,
      179,
      144,
      130,
      87,
      82,
      67,
      61,
      65,
      66,
      46,
      51,
      42,
      45,
      38,
      22,
      27,
      30,
      20,
      21,
      13,
      8,
      12,
      9,
      7,
      6,
      0,
      2
    ],
    "bin_edges": [
      -4.52802848815918,
      -4.453816890716553,
      -4.379605293273926,
      -4.305393695831299,
      -4.231182098388672,
      -4.156970500946045,
      -4.082758903503418,
      -4.008547306060791,
      -3.934335947036743,
      -3.860124349594116,
      -3.7859127521514893,
      -3.7117011547088623,
      -3.6374897956848145,
      -3.5632781982421875,
      -3.4890666007995605,
      -3.4148550033569336,
      -3.3406434059143066,
      -3.2664318084716797,
      -3.1922202110290527,
      -3.118008613586426,
      -3.043797016143799,
      -2.969585657119751,
      -2.895374059677124,
      -2.821162462234497,
      -2.74695086479187,
      -2.672739267349243,
      -2.598527669906616,
      -2.5243160724639893,
      -2.4501047134399414,
      -2.3758931159973145,
      -2.3016815185546875,
      -2.2274699211120605,
      -2.1532583236694336,
      -2.0790467262268066,
      -2.0048351287841797,
      -1.9306236505508423,
      -1.8564120531082153,
      -1.7822004556655884,
      -1.707988977432251,
      -1.633777379989624,
      -1.559565782546997,
      -1.4853541851043701,
      -1.4111425876617432,
      -1.3369311094284058,
      -1.2627195119857788,
      -1.1885079145431519,
      -1.1142964363098145,
      -1.0400848388671875,
      -0.9658732414245605,
      -0.8916616439819336,
      -0.8174501061439514,
      -0.7432385683059692,
      -0.6690269708633423,
      -0.5948153734207153,
      -0.5206038355827332,
      -0.4463922679424286,
      -0.372180700302124,
      -0.29796913266181946,
      -0.2237575650215149,
      -0.14954599738121033,
      -0.07533442974090576,
      -0.0011228621006011963,
      0.07308870553970337,
      0.14730027318000793,
      0.2215113639831543,
      0.29572293162345886,
      0.3699344992637634,
      0.444146066904068,
      0.5183576345443726,
      0.5925692319869995,
      0.6667807698249817,
      0.7409923076629639,
      0.8152039051055908,
      0.8894155025482178,
      0.9636270403862,
      1.0378385782241821,
      1.112050175666809,
      1.186261773109436,
      1.2604732513427734,
      1.3346848487854004,
      1.4088964462280273,
      1.4831080436706543,
      1.5573196411132812,
      1.6315311193466187,
      1.7057427167892456,
      1.7799543142318726,
      1.85416579246521,
      1.928377389907837,
      2.002588987350464,
      2.076800584793091,
      2.1510121822357178,
      2.2252237796783447,
      2.2994351387023926,
      2.3736467361450195,
      2.4478583335876465,
      2.5220699310302734,
      2.5962815284729004,
      2.6704931259155273,
      2.7447047233581543,
      2.8189163208007812,
      2.893127918243408,
      2.967339277267456,
      3.041550874710083,
      3.11576247215271,
      3.189974069595337,
      3.264185667037964,
      3.338397264480591,
      3.4126088619232178,
      3.4868202209472656,
      3.5610318183898926,
      3.6352434158325195,
      3.7094550132751465,
      3.7836666107177734,
      3.8578782081604004,
      3.9320898056030273,
      4.006301403045654,
      4.080513000488281,
      4.154724597930908,
      4.228936195373535,
      4.303147792816162,
      4.377359390258789,
      4.451570510864258,
      4.525782108306885,
      4.599993705749512,
      4.674205303192139,
      4.748416900634766,
      4.822628498077393,
      4.8968400955200195,
      4.9710516929626465
    ]
  }
}