{
  "module": "block.1.mlp.mlp1_lif",
  "state_shape": [
    64,
    384,
    8,
    8
  ],
  "time_steps": 1,
  "numel_sampled": 196608,
  "mean": 0.04596539959311485,
  "std": 1.379196047782898,
  "min": -6.165979385375977,
  "max": 7.204217910766602,
  "quantiles": {
    "0.00": -6.165979385375977,
    "0.01": -3.071016788482666,
    "0.05": -2.1463050842285156,
    "0.10": -1.6790586709976196,
    "0.25": -0.8977890014648438,
    "0.50": 0.00393165647983551,
    "0.75": 0.959660530090332,
    "0.90": 1.8372215032577515,
    "0.95": 2.374458074569702,
    "0.99": 3.402000665664673,
    "1.00": 7.204217910766602
  },
  "histogram": {
    "counts": [
      1,
      0,
      0,
      1,
      2,
      0,
      0,
      1,
      4,
      2,
      4,
      4,
      8,
      8,
      16,
      19,
      25,
      36,
      47,
      44,
      57,
      81,
      99,
      129,
      151,
      189,
      249,
      246,
      330,
      373,
      426,
      545,
      613,
      776,
      877,
      1040,
      1217,
      1424,
      1627,
      1842,
      2096,
      2451,
      2742,
      2876,
      3215,
      3635,
      3975,
      4140,
      4598,
      4807,
      4964,
      5278,
      5426,
      5681,
      5763,
      5929,
      5920,
      5938,
      5974,
      5878,
      6022,
      5729,
      5625,
      5422,
      5202,
      5012,
      4936,
      4647,
      4589,
      4271,
      3920,
      3723,
      3520,
      3204,
      2996,
      2737,
      2511,
      2238,
      2070,
      1827,
      1668,
      1461,
      1372,
      1166,
      1004,
      813,
      797,
      664,
      557,
      490,
      433,
      371,
      302,
      248,
      237,
      199,
      151,
      124,
      113,
      92,
      64,
      43,
      47,
      36,
      35,
      34,
      23,
      15,
      11,
      13,
      6,
      3,
      5,
      3,
      1,
      3,
      2,
      0,
      1,
      0,
      0,
      0,
      0,
      0,
      0,
      0,
      0,
      1
    ],
    "bin_edges": [
      -6.165979385375977,
      -6.061524868011475,
      -5.9570698738098145,
      -5.8526153564453125,
      -5.7481608390808105,
      -5.64370584487915,
      -5.539251327514648,
      -5.4347968101501465,
      -5.3303422927856445,
      -5.225887298583984,
      -5.121432781219482,
      -5.0169782638549805,
      -4.91252326965332,
      -4.808068752288818,
      -4.703614234924316,
      -4.599159240722656,
      -4.494704723358154,
      -4.390250205993652,
      -4.285795211791992,
      -4.18134069442749,
      -4.076886177062988,
      -3.9724314212799072,
      -3.867976665496826,
      -3.763522148132324,
      -3.659067392349243,
      -3.554612636566162,
      -3.45015811920166,
      -3.345703363418579,
      -3.241248607635498,
      -3.136794090270996,
      -3.032339334487915,
      -2.927884817123413,
      -2.823430061340332,
      -2.718975305557251,
      -2.614520788192749,
      -2.510066032409668,
      -2.405611515045166,
      -2.301156759262085,
      -2.196702003479004,
      -2.092247486114502,
      -1.987792730331421,
      -1.8833380937576294,
      -1.778883457183838,
      -1.6744287014007568,
      -1.5699740648269653,
      -1.4655194282531738,
      -1.3610646724700928,
      -1.2566100358963013,
      -1.1521553993225098,
      -1.0477007627487183,
      -0.943246066570282,
      -0.8387913703918457,
      -0.7343367338180542,
      -0.6298820972442627,
      -0.5254274010658264,
      -0.4209727346897125,
      -0.31651806831359863,
      -0.21206340193748474,
      -0.10760873556137085,
      -0.003154069185256958,
      0.10130059719085693,
      0.20575526356697083,
      0.3102099299430847,
      0.4146645963191986,
      0.5191192626953125,
      0.623573899269104,
      0.7280285954475403,
      0.8324832916259766,
      0.9369379281997681,
      1.0413925647735596,
      1.1458473205566406,
      1.2503019571304321,
      1.3547565937042236,
      1.4592112302780151,
      1.5636658668518066,
      1.6681206226348877,
      1.7725752592086792,
      1.8770298957824707,
      1.9814846515655518,
      2.0859391689300537,
      2.1903939247131348,
      2.294848680496216,
      2.3993031978607178,
      2.503757953643799,
      2.608212471008301,
      2.712667226791382,
      2.817121982574463,
      2.921576499938965,
      3.026031255722046,
      3.130486011505127,
      3.234940528869629,
      3.33939528465271,
      3.443850040435791,
      3.548304557800293,
      3.652759313583374,
      3.757213830947876,
      3.861668586730957,
      3.966123342514038,
      4.070578098297119,
      4.175032615661621,
      4.279487133026123,
      4.383942127227783,
      4.488396644592285,
      4.592851161956787,
      4.697305679321289,
      4.801760673522949,
      4.906215190887451,
      5.010669708251953,
      5.115124702453613,
      5.219579219818115,
      5.324033737182617,
      5.428488731384277,
      5.532943248748779,
      5.637397766113281,
      5.741852760314941,
      5.846307277679443,
      5.950761795043945,
      6.0552167892456055,
      6.159671306610107,
      6.264125823974609,
      6.3685808181762695,
      6.4730353355407715,
      6.577489852905273,
      6.681944370269775,
      6.7863993644714355,
      6.8908538818359375,
      6.9953083992004395,
      7.0997633934021,
      7.204217910766602
    ]
  }
}