{
  "module": "block.3.mlp.mlp1_lif",
  "state_shape": [
    64,
    384,
    8,
    8
  ],
  "time_steps": 1,
  "numel_sampled": 196608,
  "mean": -0.14891424775123596,
  "std": 1.5301052331924438,
  "min": -7.59097146987915,
  "max": 8.6656494140625,
  "quantiles": {
    "0.00": -7.59097146987915,
    "0.01": -3.8337934017181396,
    "0.05": -2.661910057067871,
    "0.10": -2.0786919593811035,
    "0.25": -1.1449865102767944,
    "0.50": -0.13570964336395264,
    "0.75": 0.8390704989433289,
    "0.90": 1.7583261728286743,
    "0.95": 2.345487117767334,
    "0.99": 3.542511463165283,
    "1.00": 8.6656494140625
  },
  "histogram": {
    "counts": [
      1,
      0,
      1,
      0,
      2,
      7,
      4,
      3,
      10,
      5,
      8,
      13,
      6,
      17,
      19,
      21,
      38,
      51,
      49,
      65,
      64,
      75,
      87,
      111,
      138,
      176,
      213,
      239,
      335,
      365,
      456,
      538,
      557,
      689,
      839,
      973,
      1171,
      1283,
      1518,
      1760,
      1864,
      2289,
      2497,
      2892,
      3135,
      3461,
      3789,
      4118,
      4447,
      4884,
      5151,
      5430,
      5705,
      6057,
      6312,
      6375,
      6633,
      6619,
      6701,
      6830,
      6910,
      6554,
      6619,
      6301,
      6041,
      5871,
      5357,
      5055,
      4583,
      4299,
      3841,
      3530,
      3144,
      2765,
      2516,
      2234,
      1997,
      1686,
      1455,
      1288,
      1096,
      972,
      843,
      733,
      588,
      537,
      433,
      395,
      327,
      251,
      227,
      186,
      164,
      136,
      101,
      100,
      73,
      56,
      48,
      50,
      27,
      27,
      22,
      13,
      10,
      13,
      6,
      5,
      4,
      2,
      1,
      3,
      2,
      2,
      1,
      0,
      1,
      1,
      0,
      1,
      2,
      2,
      0,
      1,
      1,
      1,
      0,
      2
    ],
    "bin_edges": [
      -7.59097146987915,
      -7.4639668464660645,
      -7.33696174621582,
      -7.209957122802734,
      -7.08295202255249,
      -6.955947399139404,
      -6.82894229888916,
      -6.701937675476074,
      -6.57493257522583,
      -6.447927951812744,
      -6.3209228515625,
      -6.193918228149414,
      -6.06691312789917,
      -5.939908504486084,
      -5.81290340423584,
      -5.685898780822754,
      -5.558894157409668,
      -5.431889057159424,
      -5.304884433746338,
      -5.177879333496094,
      -5.050874710083008,
      -4.923869609832764,
      -4.796864986419678,
      -4.669859886169434,
      -4.542855262756348,
      -4.4158501625061035,
      -4.288845539093018,
      -4.161840438842773,
      -4.0348358154296875,
      -3.9078309535980225,
      -3.7808260917663574,
      -3.6538212299346924,
      -3.5268163681030273,
      -3.3998115062713623,
      -3.2728066444396973,
      -3.1458017826080322,
      -3.018796920776367,
      -2.891792058944702,
      -2.764787197113037,
      -2.637782335281372,
      -2.510777473449707,
      -2.383772850036621,
      -2.256767988204956,
      -2.129763126373291,
      -2.002758264541626,
      -1.875753402709961,
      -1.748748540878296,
      -1.6217436790466309,
      -1.4947388172149658,
      -1.3677339553833008,
      -1.2407290935516357,
      -1.1137242317199707,
      -0.9867194294929504,
      -0.8597145676612854,
      -0.7327097654342651,
      -0.6057049036026001,
      -0.47870004177093506,
      -0.35169517993927,
      -0.22469034790992737,
      -0.09768550097942352,
      0.029319345951080322,
      0.15632419288158417,
      0.283329039812088,
      0.41033387184143066,
      0.5373392105102539,
      0.664344072341919,
      0.791348934173584,
      0.9183537364006042,
      1.045358657836914,
      1.1723634004592896,
      1.2993682622909546,
      1.4263731241226196,
      1.5533779859542847,
      1.6803828477859497,
      1.8073877096176147,
      1.9343925714492798,
      2.0613973140716553,
      2.1884021759033203,
      2.3154070377349854,
      2.4424118995666504,
      2.5694167613983154,
      2.6964216232299805,
      2.8234264850616455,
      2.9504313468933105,
      3.0774362087249756,
      3.2044410705566406,
      3.3314459323883057,
      3.4584507942199707,
      3.5854554176330566,
      3.7124602794647217,
      3.8394651412963867,
      3.9664700031280518,
      4.093474864959717,
      4.220479965209961,
      4.347484588623047,
      4.474489688873291,
      4.601494312286377,
      4.728498935699463,
      4.855504035949707,
      4.982508659362793,
      5.109513759613037,
      5.236518383026123,
      5.363523483276367,
      5.490528106689453,
      5.617533206939697,
      5.744537830352783,
      5.871542930603027,
      5.998547554016113,
      6.125552654266357,
      6.252557277679443,
      6.3795623779296875,
      6.506567001342773,
      6.633571624755859,
      6.7605767250061035,
      6.8875813484191895,
      7.014586448669434,
      7.1415910720825195,
      7.268596172332764,
      7.39560079574585,
      7.522605895996094,
      7.64961051940918,
      7.776615619659424,
      7.90362024307251,
      8.030625343322754,
      8.15762996673584,
      8.284634590148926,
      8.411640167236328,
      8.538644790649414,
      8.6656494140625
    ]
  }
}