{
  "module": "block.1.mlp.mlp2_lif",
  "state_shape": [
    64,
    1536,
    8,
    8
  ],
  "time_steps": 1,
  "numel_sampled": 196608,
  "mean": -0.27813929319381714,
  "std": 1.2540979385375977,
  "min": -4.566633224487305,
  "max": 4.667042255401611,
  "quantiles": {
    "0.00": -4.566633224487305,
    "0.01": -2.9563233852386475,
    "0.05": -2.3195347785949707,
    "0.10": -1.904068946838379,
    "0.25": -1.1418536901474,
    "0.50": -0.3183956742286682,
    "0.75": 0.5724316835403442,
    "0.90": 1.3651525974273682,
    "0.95": 1.8376851081848145,
    "0.99": 2.736161231994629,
    "1.00": 4.667042255401611
  },
  "histogram": {
    "counts": [
      2,
      1,
      0,
      1,
      3,
      4,
      9,
      9,
      12,
      31,
      23,
      28,
      49,
      67,
      67,
      97,
      144,
      143,
      209,
      258,
      295,
      377,
      451,
      532,
      619,
      727,
      854,
      1015,
      1020,
      1269,
      1301,
      1485,
      1530,
      1607,
      1745,
      1902,
      1953,
      2033,
      2201,
      2306,
      2385,
      2635,
      2788,
      2995,
      3198,
      3434,
      3524,
      3843,
      4027,
      4179,
      4284,
      4439,
      4436,
      4488,
      4544,
      4438,
      4333,
      4178,
      4252,
      4279,
      4183,
      4145,
      4120,
      3977,
      4013,
      3935,
      3924,
      4014,
      3835,
      3638,
      3756,
      3509,
      3323,
      3075,
      2983,
      2864,
      2756,
      2510,
      2430,
      2290,
      2179,
      2001,
      1889,
      1697,
      1669,
      1457,
      1395,
      1228,
      1189,
      1079,
      946,
      836,
      765,
      669,
      631,
      548,
      485,
      439,
      425,
      365,
      335,
      336,
      286,
      208,
      237,
      167,
      156,
      132,
      89,
      78,
      79,
      55,
      39,
      27,
      38,
      25,
      21,
      13,
      12,
      9,
      10,
      5,
      8,
      1,
      9,
      1,
      1,
      1
    ],
    "bin_edges": [
      -4.566633224487305,
      -4.494494915008545,
      -4.422357082366943,
      -4.350218772888184,
      -4.278080940246582,
      -4.205942630767822,
      -4.133804798126221,
      -4.061666488647461,
      -3.9895286560058594,
      -3.9173903465270996,
      -3.845252275466919,
      -3.7731142044067383,
      -3.7009761333465576,
      -3.628838062286377,
      -3.5566999912261963,
      -3.4845619201660156,
      -3.412423849105835,
      -3.3402857780456543,
      -3.2681477069854736,
      -3.196009635925293,
      -3.1238715648651123,
      -3.0517334938049316,
      -2.979595422744751,
      -2.9074573516845703,
      -2.8353190422058105,
      -2.76318097114563,
      -2.691042900085449,
      -2.6189048290252686,
      -2.546766757965088,
      -2.4746286869049072,
      -2.4024906158447266,
      -2.330352544784546,
      -2.2582144737243652,
      -2.1860764026641846,
      -2.113938331604004,
      -2.0418002605438232,
      -1.9696621894836426,
      -1.8975239992141724,
      -1.8253859281539917,
      -1.753247857093811,
      -1.6811097860336304,
      -1.6089717149734497,
      -1.536833643913269,
      -1.4646955728530884,
      -1.3925573825836182,
      -1.3204193115234375,
      -1.2482812404632568,
      -1.1761431694030762,
      -1.1040050983428955,
      -1.0318670272827148,
      -0.9597289562225342,
      -0.8875908255577087,
      -0.8154527544975281,
      -0.7433146834373474,
      -0.671176552772522,
      -0.5990384817123413,
      -0.5269004106521606,
      -0.45476233959198,
      -0.38262423872947693,
      -0.3104861378669739,
      -0.2383480668067932,
      -0.16620998084545135,
      -0.0940718948841095,
      -0.02193380892276764,
      0.05020475387573242,
      0.12234283983707428,
      0.19448092579841614,
      0.2666190266609192,
      0.33875709772109985,
      0.4108951687812805,
      0.48303326964378357,
      0.5551713705062866,
      0.6273094415664673,
      0.699447512626648,
      0.7715855836868286,
      0.843723714351654,
      0.9158617854118347,
      0.9879998564720154,
      1.0601379871368408,
      1.1322760581970215,
      1.2044141292572021,
      1.2765522003173828,
      1.3486902713775635,
      1.4208283424377441,
      1.4929664134979248,
      1.565104603767395,
      1.6372426748275757,
      1.7093807458877563,
      1.781518816947937,
      1.8536568880081177,
      1.9257949590682983,
      1.997933030128479,
      2.070071220397949,
      2.14220929145813,
      2.2143473625183105,
      2.286485433578491,
      2.358623504638672,
      2.4307615756988525,
      2.502899646759033,
      2.575037717819214,
      2.6471757888793945,
      2.719313859939575,
      2.791451930999756,
      2.8635900020599365,
      2.935728073120117,
      3.007866382598877,
      3.0800044536590576,
      3.1521425247192383,
      3.224280595779419,
      3.2964186668395996,
      3.3685567378997803,
      3.440694808959961,
      3.5128328800201416,
      3.5849709510803223,
      3.657109022140503,
      3.7292470932006836,
      3.8013851642608643,
      3.873523235321045,
      3.9456613063812256,
      4.017799377441406,
      4.089937686920166,
      4.162075519561768,
      4.234213829040527,
      4.306351661682129,
      4.378489971160889,
      4.45062780380249,
      4.52276611328125,
      4.594903945922852,
      4.667042255401611
    ]
  }
}