{
  "module": "block.1.attn.k_lif",
  "state_shape": [
    64,
    384,
    64
  ],
  "time_steps": 1,
  "numel_sampled": 196608,
  "mean": 0.21579767763614655,
  "std": 1.0817272663116455,
  "min": -3.481616735458374,
  "max": 4.842385292053223,
  "quantiles": {
    "0.00": -3.481616735458374,
    "0.01": -1.9284850358963013,
    "0.05": -1.47099769115448,
    "0.10": -1.2196704149246216,
    "0.25": -0.6863159537315369,
    "0.50": 0.27162206172943115,
    "0.75": 1.0711731910705566,
    "0.90": 1.587543249130249,
    "0.95": 1.8703480958938599,
    "0.99": 2.4890012741088867,
    "1.00": 4.842385292053223
  },
  "histogram": {
    "counts": [
      1,
      1,
      2,
      2,
      2,
      5,
      4,
      4,
      12,
      14,
      26,
      16,
      28,
      27,
      51,
      70,
      74,
      116,
      120,
      157,
      229,
      256,
      333,
      474,
      579,
      712,
      922,
      1065,
      1273,
      1591,
      1825,
      2239,
      2514,
      2654,
      2960,
      3108,
      3349,
      3586,
      3793,
      3729,
      3750,
      3743,
      3791,
      3714,
      3601,
      3709,
      3551,
      3415,
      3310,
      3304,
      3147,
      3145,
      3139,
      3185,
      3148,
      3145,
      3217,
      3335,
      3413,
      3616,
      3718,
      3757,
      3887,
      3995,
      4117,
      4180,
      4329,
      4380,
      4468,
      4279,
      4336,
      4104,
      3928,
      3835,
      3650,
      3471,
      3338,
      3029,
      2751,
      2445,
      2117,
      1850,
      1593,
      1399,
      1190,
      990,
      821,
      635,
      543,
      467,
      469,
      327,
      306,
      276,
      238,
      176,
      171,
      120,
      102,
      88,
      93,
      66,
      49,
      42,
      33,
      33,
      18,
      12,
      11,
      10,
      8,
      10,
      7,
      2,
      4,
      4,
      2,
      5,
      4,
      5,
      4,
      4,
      1,
      1,
      0,
      1,
      1,
      2
    ],
    "bin_edges": [
      -3.481616735458374,
      -3.4165854454040527,
      -3.3515541553497314,
      -3.28652286529541,
      -3.221491575241089,
      -3.1564602851867676,
      -3.0914292335510254,
      -3.026397943496704,
      -2.961366653442383,
      -2.8963353633880615,
      -2.8313040733337402,
      -2.766272783279419,
      -2.7012414932250977,
      -2.6362102031707764,
      -2.571178913116455,
      -2.506147623062134,
      -2.4411163330078125,
      -2.3760852813720703,
      -2.311053991317749,
      -2.2460227012634277,
      -2.1809914112091064,
      -2.115960121154785,
      -2.050928831100464,
      -1.9858975410461426,
      -1.9208662509918213,
      -1.8558350801467896,
      -1.7908037900924683,
      -1.725772500038147,
      -1.6607412099838257,
      -1.5957099199295044,
      -1.5306787490844727,
      -1.4656474590301514,
      -1.40061616897583,
      -1.3355848789215088,
      -1.2705535888671875,
      -1.2055224180221558,
      -1.1404911279678345,
      -1.0754598379135132,
      -1.010428547859192,
      -0.9453973174095154,
      -0.8803660273551941,
      -0.8153347373008728,
      -0.7503035068511963,
      -0.685272216796875,
      -0.6202409267425537,
      -0.5552096962928772,
      -0.4901784062385559,
      -0.425147145986557,
      -0.3601158857345581,
      -0.2950846254825592,
      -0.2300533503293991,
      -0.165022075176239,
      -0.09999081492424011,
      -0.034959547221660614,
      0.030071720480918884,
      0.09510298818349838,
      0.16013425588607788,
      0.22516551613807678,
      0.2901967763900757,
      0.355228066444397,
      0.4202593266963959,
      0.4852905869483948,
      0.5503218770027161,
      0.6153531074523926,
      0.6803841590881348,
      0.745415449142456,
      0.8104466795921326,
      0.8754779696464539,
      0.9405092000961304,
      1.0055404901504517,
      1.070571780204773,
      1.1356030702590942,
      1.200634241104126,
      1.2656655311584473,
      1.3306968212127686,
      1.3957281112670898,
      1.4607594013214111,
      1.5257906913757324,
      1.5908218622207642,
      1.6558531522750854,
      1.7208844423294067,
      1.785915732383728,
      1.8509470224380493,
      1.915978193283081,
      1.9810094833374023,
      2.0460407733917236,
      2.111072063446045,
      2.176103353500366,
      2.2411346435546875,
      2.306165933609009,
      2.37119722366333,
      2.4362282752990723,
      2.5012595653533936,
      2.566290855407715,
      2.631322145462036,
      2.6963534355163574,
      2.7613847255706787,
      2.826416015625,
      2.8914473056793213,
      2.9564785957336426,
      3.021509885787964,
      3.086541175842285,
      3.1515722274780273,
      3.2166035175323486,
      3.28163480758667,
      3.346666097640991,
      3.4116973876953125,
      3.476728677749634,
      3.541759967803955,
      3.6067912578582764,
      3.6718225479125977,
      3.736853837966919,
      3.8018851280212402,
      3.8669161796569824,
      3.9319474697113037,
      3.996978759765625,
      4.062010288238525,
      4.127041339874268,
      4.19207239151001,
      4.25710391998291,
      4.322134971618652,
      4.387166500091553,
      4.452197551727295,
      4.517229080200195,
      4.5822601318359375,
      4.647291660308838,
      4.71232271194458,
      4.7773542404174805,
      4.842385292053223
    ]
  }
}