{
  "module": "block.1.attn.attn_lif",
  "state_shape": [
    64,
    384,
    64
  ],
  "time_steps": 1,
  "numel_sampled": 196608,
  "mean": 5.677670001983643,
  "std": 6.038235187530518,
  "min": 0.0,
  "max": 62.375,
  "quantiles": {
    "0.00": 0.0,
    "0.01": 0.0,
    "0.05": 0.0,
    "0.10": 0.25,
    "0.25": 1.375,
    "0.50": 3.875,
    "0.75": 8.0,
    "0.90": 13.5,
    "0.95": 17.875,
    "0.99": 27.75,
    "1.00": 62.375
  },
  "histogram": {
    "counts": [
      26331,
      13392,
      11891,
      10811,
      10017,
      9612,
      8900,
      8496,
      7917,
      5491,
      6902,
      6254,
      5847,
      5340,
      4791,
      4365,
      4071,
      3747,
      3331,
      2348,
      2893,
      2652,
      2424,
      2270,
      2069,
      1950,
      1815,
      1523,
      1527,
      1005,
      1215,
      1167,
      1116,
      1034,
      1000,
      843,
      805,
      715,
      636,
      469,
      574,
      521,
      519,
      457,
      446,
      385,
      327,
      338,
      335,
      208,
      327,
      236,
      231,
      201,
      213,
      185,
      162,
      182,
      125,
      117,
      102,
      122,
      94,
      99,
      98,
      79,
      71,
      86,
      51,
      48,
      67,
      61,
      52,
      48,
      40,
      47,
      37,
      29,
      25,
      32,
      25,
      27,
      28,
      25,
      12,
      12,
      8,
      18,
      6,
      11,
      4,
      6,
      10,
      4,
      7,
      2,
      2,
      3,
      4,
      5,
      2,
      6,
      5,
      0,
      1,
      5,
      0,
      2,
      1,
      0,
      2,
      2,
      1,
      1,
      0,
      0,
      0,
      0,
      0,
      0,
      0,
      1,
      0,
      0,
      0,
      0,
      0,
      1
    ],
    "bin_edges": [
      0.0,
      0.4873046875,
      0.974609375,
      1.4619140625,
      1.94921875,
      2.4365234375,
      2.923828125,
      3.4111328125,
      3.8984375,
      4.3857421875,
      4.873046875,
      5.3603515625,
      5.84765625,
      6.3349609375,
      6.822265625,
      7.3095703125,
      7.796875,
      8.2841796875,
      8.771484375,
      9.2587890625,
      9.74609375,
      10.2333984375,
      10.720703125,
      11.2080078125,
      11.6953125,
      12.1826171875,
      12.669921875,
      13.1572265625,
      13.64453125,
      14.1318359375,
      14.619140625,
      15.1064453125,
      15.59375,
      16.0810546875,
      16.568359375,
      17.0556640625,
      17.54296875,
      18.0302734375,
      18.517578125,
      19.0048828125,
      19.4921875,
      19.9794921875,
      20.466796875,
      20.9541015625,
      21.44140625,
      21.9287109375,
      22.416015625,
      22.9033203125,
      23.390625,
      23.8779296875,
      24.365234375,
      24.8525390625,
      25.33984375,
      25.8271484375,
      26.314453125,
      26.8017578125,
      27.2890625,
      27.7763671875,
      28.263671875,
      28.7509765625,
      29.23828125,
      29.7255859375,
      30.212890625,
      30.7001953125,
      31.1875,
      31.6748046875,
      32.162109375,
      32.6494140625,
      33.13671875,
      33.6240234375,
      34.111328125,
      34.5986328125,
      35.0859375,
      35.5732421875,
      36.060546875,
      36.5478515625,
      37.03515625,
      37.5224609375,
      38.009765625,
      38.4970703125,
      38.984375,
      39.4716796875,
      39.958984375,
      40.4462890625,
      40.93359375,
      41.4208984375,
      41.908203125,
      42.3955078125,
      42.8828125,
      43.3701171875,
      43.857421875,
      44.3447265625,
      44.83203125,
      45.3193359375,
      45.806640625,
      46.2939453125,
      46.78125,
      47.2685546875,
      47.755859375,
      48.2431640625,
      48.73046875,
      49.2177734375,
      49.705078125,
      50.1923828125,
      50.6796875,
      51.1669921875,
      51.654296875,
      52.1416015625,
      52.62890625,
      53.1162109375,
      53.603515625,
      54.0908203125,
      54.578125,
      55.0654296875,
      55.552734375,
      56.0400390625,
      56.52734375,
      57.0146484375,
      57.501953125,
      57.9892578125,
      58.4765625,
      58.9638671875,
      59.451171875,
      59.9384765625,
      60.42578125,
      60.9130859375,
      61.400390625,
      61.8876953125,
      62.375
    ]
  }
}