{
  "module": "block.3.attn.k_lif",
  "state_shape": [
    64,
    384,
    64
  ],
  "time_steps": 1,
  "numel_sampled": 196608,
  "mean": -0.5156731009483337,
  "std": 0.5133717656135559,
  "min": -2.5878443717956543,
  "max": 2.156710147857666,
  "quantiles": {
    "0.00": -2.5878443717956543,
    "0.01": -1.615701675415039,
    "0.05": -1.3218289613723755,
    "0.10": -1.1560219526290894,
    "0.25": -0.8730450868606567,
    "0.50": -0.5395737886428833,
    "0.75": -0.18203915655612946,
    "0.90": 0.15771661698818207,
    "0.95": 0.3659633994102478,
    "0.99": 0.7613157033920288,
    "1.00": 2.156710147857666
  },
  "histogram": {
    "counts": [
      1,
      1,
      0,
      1,
      1,
      0,
      4,
      2,
      4,
      5,
      7,
      16,
      12,
      16,
      22,
      35,
      34,
      62,
      72,
      84,
      130,
      151,
      188,
      263,
      330,
      421,
      495,
      596,
      740,
      874,
      1001,
      1132,
      1325,
      1531,
      1745,
      1915,
      2241,
      2513,
      2783,
      3008,
      3291,
      3583,
      3799,
      4227,
      4524,
      4727,
      4822,
      4991,
      5263,
      5357,
      5509,
      5748,
      5768,
      5647,
      5762,
      5715,
      5530,
      5436,
      5383,
      5188,
      5182,
      4830,
      4893,
      4587,
      4336,
      4163,
      4014,
      3614,
      3376,
      3126,
      2996,
      2780,
      2544,
      2327,
      2179,
      1992,
      1757,
      1664,
      1523,
      1296,
      1174,
      1034,
      961,
      789,
      699,
      651,
      552,
      522,
      500,
      408,
      320,
      280,
      263,
      190,
      160,
      136,
      130,
      110,
      81,
      70,
      45,
      61,
      41,
      34,
      39,
      19,
      27,
      20,
      23,
      7,
      8,
      8,
      3,
      2,
      10,
      7,
      2,
      1,
      4,
      1,
      0,
      1,
      0,
      0,
      1,
      2,
      1,
      1
    ],
    "bin_edges": [
      -2.5878443717956543,
      -2.5507774353027344,
      -2.5137107372283936,
      -2.4766438007354736,
      -2.439577102661133,
      -2.402510166168213,
      -2.365443468093872,
      -2.328376531600952,
      -2.2913098335266113,
      -2.2542428970336914,
      -2.2171759605407715,
      -2.1801092624664307,
      -2.1430423259735107,
      -2.10597562789917,
      -2.06890869140625,
      -2.031841993331909,
      -1.9947750568389893,
      -1.9577082395553589,
      -1.9206414222717285,
      -1.8835746049880981,
      -1.8465077877044678,
      -1.8094408512115479,
      -1.7723740339279175,
      -1.735307216644287,
      -1.6982403993606567,
      -1.6611735820770264,
      -1.624106764793396,
      -1.5870399475097656,
      -1.5499730110168457,
      -1.5129061937332153,
      -1.475839376449585,
      -1.4387725591659546,
      -1.4017057418823242,
      -1.3646389245986938,
      -1.3275721073150635,
      -1.290505290031433,
      -1.2534384727478027,
      -1.2163715362548828,
      -1.1793047189712524,
      -1.142237901687622,
      -1.1051710844039917,
      -1.0681042671203613,
      -1.031037449836731,
      -0.9939705729484558,
      -0.9569037556648254,
      -0.9198369383811951,
      -0.8827700614929199,
      -0.8457032442092896,
      -0.8086364269256592,
      -0.7715696096420288,
      -0.7345027923583984,
      -0.6974359154701233,
      -0.6603690981864929,
      -0.6233022809028625,
      -0.5862354040145874,
      -0.549168586730957,
      -0.5121017694473267,
      -0.4750349521636963,
      -0.43796810507774353,
      -0.40090125799179077,
      -0.3638344407081604,
      -0.32676762342453003,
      -0.28970077633857727,
      -0.2526339292526245,
      -0.21556711196899414,
      -0.17850027978420258,
      -0.141433447599411,
      -0.10436661541461945,
      -0.06729978322982788,
      -0.030232951045036316,
      0.006833881139755249,
      0.043900713324546814,
      0.08096754550933838,
      0.11803437769412994,
      0.1551012098789215,
      0.19216804206371307,
      0.22923487424850464,
      0.266301691532135,
      0.30336853861808777,
      0.3404353857040405,
      0.3775022029876709,
      0.41456902027130127,
      0.45163586735725403,
      0.4887027144432068,
      0.5257695317268372,
      0.5628363490104675,
      0.5999032258987427,
      0.636970043182373,
      0.6740368604660034,
      0.7111036777496338,
      0.7481704950332642,
      0.7852373719215393,
      0.8223041892051697,
      0.8593710064888,
      0.8964378833770752,
      0.9335047006607056,
      0.9705715179443359,
      1.0076383352279663,
      1.0447051525115967,
      1.081771969795227,
      1.1188387870788574,
      1.1559057235717773,
      1.1929725408554077,
      1.230039358139038,
      1.2671061754226685,
      1.3041729927062988,
      1.3412398099899292,
      1.3783066272735596,
      1.4153735637664795,
      1.4524403810501099,
      1.4895071983337402,
      1.5265740156173706,
      1.563640832901001,
      1.6007076501846313,
      1.6377744674682617,
      1.674841284751892,
      1.7119081020355225,
      1.7489750385284424,
      1.7860418558120728,
      1.8231086730957031,
      1.8601754903793335,
      1.8972423076629639,
      1.9343091249465942,
      1.9713759422302246,
      2.0084428787231445,
      2.0455095767974854,
      2.0825765132904053,
      2.119643211364746,
      2.156710147857666
    ]
  }
}