{
  "module": "block.3.attn.v_lif",
  "state_shape": [
    64,
    384,
    64
  ],
  "time_steps": 1,
  "numel_sampled": 196608,
  "mean": -0.139016255736351,
  "std": 0.7998365163803101,
  "min": -5.091920852661133,
  "max": 4.431272506713867,
  "quantiles": {
    "0.00": -5.091920852661133,
    "0.01": -1.8425841331481934,
    "0.05": -1.3572131395339966,
    "0.10": -1.1067185401916504,
    "0.25": -0.6887365579605103,
    "0.50": -0.1929975152015686,
    "0.75": 0.364518940448761,
    "0.90": 0.9240739345550537,
    "0.95": 1.2729359865188599,
    "0.99": 1.8983983993530273,
    "1.00": 4.431272506713867
  },
  "histogram": {
    "counts": [
      1,
      0,
      2,
      1,
      0,
      0,
      2,
      1,
      1,
      2,
      2,
      1,
      0,
      2,
      2,
      3,
      4,
      6,
      2,
      4,
      4,
      6,
      6,
      6,
      7,
      9,
      6,
      8,
      10,
      10,
      11,
      24,
      33,
      37,
      34,
      51,
      62,
      89,
      137,
      170,
      226,
      295,
      386,
      463,
      645,
      763,
      1017,
      1292,
      1596,
      1953,
      2316,
      2692,
      3211,
      3775,
      4289,
      4760,
      5332,
      5827,
      6312,
      6733,
      7159,
      7259,
      7567,
      7609,
      7663,
      7525,
      7523,
      7261,
      6926,
      6587,
      6450,
      5914,
      5631,
      5253,
      4902,
      4487,
      4078,
      3676,
      3326,
      3094,
      2823,
      2475,
      2240,
      2037,
      1769,
      1557,
      1371,
      1212,
      1107,
      975,
      864,
      659,
      565,
      472,
      405,
      324,
      242,
      228,
      184,
      132,
      91,
      87,
      63,
      55,
      31,
      33,
      25,
      11,
      14,
      6,
      10,
      5,
      3,
      0,
      2,
      0,
      1,
      0,
      0,
      0,
      0,
      0,
      0,
      0,
      0,
      0,
      0,
      1
    ],
    "bin_edges": [
      -5.091920852661133,
      -5.017520904541016,
      -4.943120956420898,
      -4.868721008300781,
      -4.794321060180664,
      -4.719921112060547,
      -4.64552116394043,
      -4.5711212158203125,
      -4.496721267700195,
      -4.422321319580078,
      -4.347921371459961,
      -4.273521423339844,
      -4.199121475219727,
      -4.124721527099609,
      -4.050321578979492,
      -3.975921630859375,
      -3.901521682739258,
      -3.8271217346191406,
      -3.7527217864990234,
      -3.6783218383789062,
      -3.603921890258789,
      -3.529521942138672,
      -3.4551219940185547,
      -3.3807220458984375,
      -3.3063220977783203,
      -3.231922149658203,
      -3.157522201538086,
      -3.0831222534179688,
      -3.0087223052978516,
      -2.9343223571777344,
      -2.859922409057617,
      -2.7855224609375,
      -2.711122512817383,
      -2.6367225646972656,
      -2.5623226165771484,
      -2.4879226684570312,
      -2.413522720336914,
      -2.339122772216797,
      -2.2647228240966797,
      -2.1903228759765625,
      -2.1159229278564453,
      -2.041522979736328,
      -1.967123031616211,
      -1.8927230834960938,
      -1.8183231353759766,
      -1.7439231872558594,
      -1.6695232391357422,
      -1.595123291015625,
      -1.5207233428955078,
      -1.4463233947753906,
      -1.3719234466552734,
      -1.2975234985351562,
      -1.223123550415039,
      -1.1487236022949219,
      -1.0743236541748047,
      -0.9999237060546875,
      -0.9255237579345703,
      -0.8511238098144531,
      -0.7767238616943359,
      -0.7023239135742188,
      -0.6279239654541016,
      -0.5535240173339844,
      -0.4791240692138672,
      -0.40472412109375,
      -0.3303241729736328,
      -0.2559242248535156,
      -0.18152427673339844,
      -0.10712432861328125,
      -0.03272438049316406,
      0.041675567626953125,
      0.11607551574707031,
      0.1904754638671875,
      0.2648754119873047,
      0.3392753601074219,
      0.41367530822753906,
      0.48807525634765625,
      0.5624752044677734,
      0.6368751525878906,
      0.7112751007080078,
      0.785675048828125,
      0.8600749969482422,
      0.9344749450683594,
      1.0088748931884766,
      1.0832748413085938,
      1.157674789428711,
      1.2320747375488281,
      1.3064746856689453,
      1.3808746337890625,
      1.4552745819091797,
      1.5296745300292969,
      1.604074478149414,
      1.6784744262695312,
      1.7528743743896484,
      1.8272743225097656,
      1.9016742706298828,
      1.97607421875,
      2.050474166870117,
      2.1248741149902344,
      2.1992740631103516,
      2.2736740112304688,
      2.348073959350586,
      2.422473907470703,
      2.4968738555908203,
      2.5712738037109375,
      2.6456737518310547,
      2.720073699951172,
      2.794473648071289,
      2.8688735961914062,
      2.9432735443115234,
      3.0176734924316406,
      3.092073440551758,
      3.166473388671875,
      3.240873336791992,
      3.3152732849121094,
      3.3896732330322266,
      3.4640731811523438,
      3.538473129272461,
      3.612873077392578,
      3.6872730255126953,
      3.7616729736328125,
      3.8360729217529297,
      3.910472869873047,
      3.984872817993164,
      4.059272766113281,
      4.133672714233398,
      4.208072662353516,
      4.282472610473633,
      4.35687255859375,
      4.431272506713867
    ]
  }
}