{
  "module": "block.2.attn.proj_lif",
  "state_shape": [
    64,
    384,
    8,
    8
  ],
  "time_steps": 1,
  "numel_sampled": 196608,
  "mean": -0.2114243507385254,
  "std": 1.112352728843689,
  "min": -5.934026718139648,
  "max": 5.443254470825195,
  "quantiles": {
    "0.00": -5.934026718139648,
    "0.01": -3.1114468574523926,
    "0.05": -2.114595413208008,
    "0.10": -1.6261969804763794,
    "0.25": -0.8880681991577148,
    "0.50": -0.16288767755031586,
    "0.75": 0.5109453201293945,
    "0.90": 1.1232550144195557,
    "0.95": 1.5096286535263062,
    "0.99": 2.3655343055725098,
    "1.00": 5.443254470825195
  },
  "histogram": {
    "counts": [
      1,
      0,
      0,
      1,
      1,
      0,
      3,
      2,
      0,
      7,
      13,
      9,
      9,
      13,
      20,
      20,
      31,
      26,
      28,
      51,
      55,
      70,
      72,
      88,
      120,
      121,
      129,
      155,
      182,
      214,
      272,
      341,
      360,
      418,
      468,
      552,
      583,
      643,
      702,
      868,
      925,
      1064,
      1234,
      1369,
      1579,
      1731,
      1960,
      2113,
      2336,
      2625,
      2960,
      3184,
      3404,
      3974,
      3948,
      4427,
      4788,
      5140,
      5495,
      5689,
      6082,
      6257,
      6618,
      6555,
      6703,
      6878,
      6781,
      6841,
      6635,
      6551,
      6156,
      5887,
      5599,
      5222,
      4724,
      4494,
      4167,
      3675,
      3264,
      3000,
      2583,
      2313,
      1948,
      1662,
      1421,
      1258,
      1015,
      918,
      705,
      634,
      509,
      462,
      406,
      324,
      263,
      230,
      197,
      164,
      131,
      99,
      104,
      73,
      71,
      58,
      52,
      38,
      48,
      40,
      36,
      20,
      18,
      18,
      20,
      15,
      7,
      17,
      6,
      7,
      11,
      4,
      6,
      4,
      3,
      2,
      2,
      1,
      2,
      1
    ],
    "bin_edges": [
      -5.934026718139648,
      -5.845141887664795,
      -5.756256580352783,
      -5.66737174987793,
      -5.578486442565918,
      -5.4896016120910645,
      -5.400716781616211,
      -5.311831474304199,
      -5.222946643829346,
      -5.134061813354492,
      -5.0451765060424805,
      -4.956291675567627,
      -4.867406845092773,
      -4.778521537780762,
      -4.689636707305908,
      -4.6007513999938965,
      -4.511866569519043,
      -4.4229817390441895,
      -4.334096431732178,
      -4.245211601257324,
      -4.1563262939453125,
      -4.067441463470459,
      -3.9785566329956055,
      -3.889671564102173,
      -3.8007864952087402,
      -3.7119014263153076,
      -3.623016357421875,
      -3.5341315269470215,
      -3.445246458053589,
      -3.3563613891601562,
      -3.2674765586853027,
      -3.17859148979187,
      -3.0897064208984375,
      -3.000821352005005,
      -2.9119362831115723,
      -2.8230514526367188,
      -2.734166383743286,
      -2.6452813148498535,
      -2.556396484375,
      -2.4675114154815674,
      -2.3786263465881348,
      -2.289741277694702,
      -2.2008562088012695,
      -2.111971378326416,
      -2.0230863094329834,
      -1.9342012405395508,
      -1.8453162908554077,
      -1.7564313411712646,
      -1.667546272277832,
      -1.5786612033843994,
      -1.4897762537002563,
      -1.4008913040161133,
      -1.3120062351226807,
      -1.223121166229248,
      -1.134236216545105,
      -1.045351266860962,
      -0.9564661979675293,
      -0.8675811886787415,
      -0.7786961793899536,
      -0.6898111701011658,
      -0.6009261608123779,
      -0.5120411515235901,
      -0.42315614223480225,
      -0.3342711329460144,
      -0.24538612365722656,
      -0.15650111436843872,
      -0.06761610507965088,
      0.021268904209136963,
      0.1101539134979248,
      0.19903892278671265,
      0.2879239320755005,
      0.37680894136428833,
      0.46569395065307617,
      0.554578959941864,
      0.6434639692306519,
      0.7323489785194397,
      0.8212339878082275,
      0.9101189970970154,
      0.9990040063858032,
      1.0878889560699463,
      1.176774024963379,
      1.2656590938568115,
      1.3545440435409546,
      1.4434289932250977,
      1.5323140621185303,
      1.621199131011963,
      1.710084080696106,
      1.798969030380249,
      1.8878540992736816,
      1.9767391681671143,
      2.065624237060547,
      2.1545090675354004,
      2.243394136428833,
      2.3322792053222656,
      2.421164035797119,
      2.5100491046905518,
      2.5989341735839844,
      2.687819242477417,
      2.7767043113708496,
      2.865589141845703,
      2.9544742107391357,
      3.0433592796325684,
      3.132244110107422,
      3.2211291790008545,
      3.310014247894287,
      3.3988993167877197,
      3.4877843856811523,
      3.576669216156006,
      3.6655542850494385,
      3.754439353942871,
      3.8433241844177246,
      3.9322092533111572,
      4.02109432220459,
      4.109979152679443,
      4.198864459991455,
      4.287749290466309,
      4.37663459777832,
      4.465519428253174,
      4.554404258728027,
      4.643289566040039,
      4.732174396514893,
      4.821059226989746,
      4.909944534301758,
      4.998829364776611,
      5.087714195251465,
      5.176599502563477,
      5.26548433303833,
      5.354369640350342,
      5.443254470825195
    ]
  }
}