{
  "module": "block.2.attn.k_lif",
  "state_shape": [
    64,
    384,
    64
  ],
  "time_steps": 1,
  "numel_sampled": 196608,
  "mean": -0.3251665532588959,
  "std": 0.6128971576690674,
  "min": -3.7113900184631348,
  "max": 3.431586265563965,
  "quantiles": {
    "0.00": -3.7113900184631348,
    "0.01": -1.6615644693374634,
    "0.05": -1.2966880798339844,
    "0.10": -1.0957143306732178,
    "0.25": -0.7491491436958313,
    "0.50": -0.3449876606464386,
    "0.75": 0.07951200008392334,
    "0.90": 0.4732171595096588,
    "0.95": 0.7065035700798035,
    "0.99": 1.1568701267242432,
    "1.00": 3.431586265563965
  },
  "histogram": {
    "counts": [
      2,
      0,
      1,
      0,
      0,
      0,
      0,
      0,
      0,
      0,
      1,
      0,
      1,
      0,
      1,
      0,
      0,
      0,
      2,
      1,
      3,
      3,
      6,
      8,
      18,
      15,
      19,
      47,
      50,
      76,
      110,
      148,
      168,
      255,
      281,
      397,
      526,
      644,
      804,
      1029,
      1271,
      1595,
      1810,
      2161,
      2468,
      2887,
      3275,
      3701,
      4246,
      4602,
      4808,
      5386,
      5866,
      5895,
      6574,
      6731,
      6989,
      6925,
      7123,
      7021,
      7037,
      7053,
      6919,
      6742,
      6544,
      6135,
      5802,
      5630,
      5228,
      4798,
      4488,
      4185,
      3902,
      3469,
      3098,
      2787,
      2587,
      2200,
      1929,
      1639,
      1459,
      1229,
      1027,
      906,
      728,
      591,
      486,
      389,
      301,
      233,
      215,
      172,
      123,
      130,
      107,
      75,
      54,
      42,
      33,
      25,
      27,
      16,
      14,
      13,
      10,
      7,
      8,
      8,
      3,
      3,
      6,
      5,
      1,
      1,
      5,
      4,
      6,
      4,
      4,
      2,
      2,
      1,
      3,
      3,
      2,
      1,
      1,
      1
    ],
    "bin_edges": [
      -3.7113900184631348,
      -3.655585527420044,
      -3.599781036376953,
      -3.5439765453338623,
      -3.4881720542907715,
      -3.4323675632476807,
      -3.37656307220459,
      -3.320758581161499,
      -3.264954090118408,
      -3.2091495990753174,
      -3.1533451080322266,
      -3.0975403785705566,
      -3.041735887527466,
      -2.985931396484375,
      -2.930126905441284,
      -2.8743224143981934,
      -2.8185179233551025,
      -2.7627134323120117,
      -2.706908941268921,
      -2.65110445022583,
      -2.5952999591827393,
      -2.5394954681396484,
      -2.4836909770965576,
      -2.427886486053467,
      -2.372081995010376,
      -2.316277503967285,
      -2.2604730129241943,
      -2.2046685218811035,
      -2.1488640308380127,
      -2.093059539794922,
      -2.037255048751831,
      -1.9814504384994507,
      -1.9256459474563599,
      -1.869841456413269,
      -1.8140369653701782,
      -1.7582324743270874,
      -1.7024279832839966,
      -1.6466234922409058,
      -1.5908188819885254,
      -1.5350143909454346,
      -1.4792098999023438,
      -1.423405408859253,
      -1.367600917816162,
      -1.3117964267730713,
      -1.2559919357299805,
      -1.2001874446868896,
      -1.1443829536437988,
      -1.088578462600708,
      -1.0327739715576172,
      -0.9769694209098816,
      -0.9211649298667908,
      -0.8653603792190552,
      -0.8095558881759644,
      -0.7537513971328735,
      -0.6979469060897827,
      -0.6421424150466919,
      -0.5863379240036011,
      -0.5305333733558655,
      -0.47472888231277466,
      -0.41892439126968384,
      -0.363119900226593,
      -0.3073153793811798,
      -0.251510888338089,
      -0.19570638239383698,
      -0.13990187644958496,
      -0.08409737050533295,
      -0.02829287201166153,
      0.027511630207300186,
      0.0833161324262619,
      0.13912063837051392,
      0.19492512941360474,
      0.25072965025901794,
      0.30653414130210876,
      0.3623386323451996,
      0.4181431531906128,
      0.4739476442337036,
      0.5297521352767944,
      0.5855566263198853,
      0.6413611769676208,
      0.6971656680107117,
      0.7529701590538025,
      0.8087746500968933,
      0.8645791411399841,
      0.9203836917877197,
      0.9761881828308105,
      1.0319926738739014,
      1.0877971649169922,
      1.143601655960083,
      1.1994061470031738,
      1.2552106380462646,
      1.3110151290893555,
      1.3668197393417358,
      1.4226242303848267,
      1.4784287214279175,
      1.5342332124710083,
      1.5900377035140991,
      1.64584219455719,
      1.7016466856002808,
      1.7574511766433716,
      1.8132556676864624,
      1.8690601587295532,
      1.924864649772644,
      1.9806692600250244,
      2.0364737510681152,
      2.092278242111206,
      2.148082733154297,
      2.2038872241973877,
      2.2596917152404785,
      2.3154962062835693,
      2.37130069732666,
      2.427105188369751,
      2.482909679412842,
      2.5387141704559326,
      2.5945186614990234,
      2.6503231525421143,
      2.706127643585205,
      2.761932134628296,
      2.8177366256713867,
      2.8735413551330566,
      2.9293458461761475,
      2.9851503372192383,
      3.040954828262329,
      3.09675931930542,
      3.1525638103485107,
      3.2083683013916016,
      3.2641727924346924,
      3.319977283477783,
      3.375781774520874,
      3.431586265563965
    ]
  }
}