{
  "module": "block.3.mlp.mlp1_lif",
  "state_shape": [
    64,
    384,
    8,
    8
  ],
  "time_steps": 1,
  "numel_sampled": 196608,
  "mean": -0.1749894767999649,
  "std": 1.5975267887115479,
  "min": -9.063514709472656,
  "max": 7.919948577880859,
  "quantiles": {
    "0.00": -9.063514709472656,
    "0.01": -4.052250862121582,
    "0.05": -2.784367084503174,
    "0.10": -2.1813769340515137,
    "0.25": -1.2044938802719116,
    "0.50": -0.16482707858085632,
    "0.75": 0.8591705560684204,
    "0.90": 1.8116391897201538,
    "0.95": 2.4232561588287354,
    "0.99": 3.6954336166381836,
    "1.00": 7.919948577880859
  },
  "histogram": {
    "counts": [
      1,
      1,
      2,
      1,
      3,
      1,
      2,
      1,
      2,
      4,
      1,
      6,
      1,
      3,
      8,
      10,
      10,
      5,
      12,
      17,
      12,
      18,
      24,
      24,
      31,
      33,
      45,
      52,
      62,
      80,
      91,
      117,
      129,
      159,
      212,
      252,
      291,
      329,
      417,
      455,
      557,
      658,
      735,
      884,
      991,
      1189,
      1383,
      1592,
      1829,
      2188,
      2363,
      2749,
      2948,
      3325,
      3566,
      3984,
      4423,
      4733,
      4935,
      5407,
      5833,
      5960,
      6091,
      6385,
      6599,
      6828,
      6794,
      6891,
      6840,
      6661,
      6602,
      6347,
      6174,
      5695,
      5530,
      5214,
      4917,
      4415,
      4036,
      3626,
      3305,
      2937,
      2656,
      2310,
      2063,
      1774,
      1570,
      1385,
      1178,
      1014,
      891,
      733,
      585,
      561,
      445,
      381,
      335,
      242,
      230,
      212,
      170,
      169,
      114,
      90,
      89,
      67,
      62,
      37,
      35,
      34,
      27,
      25,
      16,
      13,
      7,
      8,
      9,
      3,
      2,
      5,
      3,
      1,
      4,
      3,
      2,
      1,
      2,
      2
    ],
    "bin_edges": [
      -9.063514709472656,
      -8.930830955505371,
      -8.798148155212402,
      -8.665464401245117,
      -8.532781600952148,
      -8.400097846984863,
      -8.267415046691895,
      -8.13473129272461,
      -8.00204849243164,
      -7.8693647384643555,
      -7.7366814613342285,
      -7.603998184204102,
      -7.471314907073975,
      -7.338631629943848,
      -7.205948352813721,
      -7.073265075683594,
      -6.940581798553467,
      -6.80789852142334,
      -6.675215244293213,
      -6.542531967163086,
      -6.409848690032959,
      -6.277165412902832,
      -6.144482135772705,
      -6.011798858642578,
      -5.879115104675293,
      -5.746431827545166,
      -5.613748550415039,
      -5.481065273284912,
      -5.348381996154785,
      -5.215698719024658,
      -5.083015441894531,
      -4.950332164764404,
      -4.817648887634277,
      -4.68496561050415,
      -4.552282333374023,
      -4.4195990562438965,
      -4.2869157791137695,
      -4.154232501983643,
      -4.021549224853516,
      -3.8888657093048096,
      -3.7561824321746826,
      -3.6234991550445557,
      -3.4908158779144287,
      -3.3581326007843018,
      -3.2254490852355957,
      -3.0927658081054688,
      -2.960082530975342,
      -2.827399253845215,
      -2.694715976715088,
      -2.562032699584961,
      -2.429349422454834,
      -2.296666145324707,
      -2.16398286819458,
      -2.031299352645874,
      -1.898616075515747,
      -1.7659327983856201,
      -1.6332495212554932,
      -1.5005662441253662,
      -1.3678829669952393,
      -1.2351995706558228,
      -1.1025162935256958,
      -0.9698330163955688,
      -0.8371496796607971,
      -0.7044663429260254,
      -0.5717830657958984,
      -0.4390997588634491,
      -0.30641645193099976,
      -0.17373314499855042,
      -0.041049838066101074,
      0.09163346886634827,
      0.2243167757987976,
      0.35700008273124695,
      0.4896833896636963,
      0.6223666667938232,
      0.755050003528595,
      0.8877333402633667,
      1.0204166173934937,
      1.1530998945236206,
      1.285783290863037,
      1.418466567993164,
      1.551149845123291,
      1.683833122253418,
      1.816516399383545,
      1.9491997957229614,
      2.081882953643799,
      2.214566469192505,
      2.347249746322632,
      2.479933023452759,
      2.6126163005828857,
      2.7452995777130127,
      2.8779828548431396,
      3.0106661319732666,
      3.1433496475219727,
      3.2760329246520996,
      3.4087162017822266,
      3.5413994789123535,
      3.6740827560424805,
      3.8067660331726074,
      3.9394493103027344,
      4.072132587432861,
      4.204815864562988,
      4.337499141693115,
      4.470182418823242,
      4.602865695953369,
      4.735548973083496,
      4.868232727050781,
      5.000916004180908,
      5.133599281311035,
      5.266282558441162,
      5.398965835571289,
      5.531649112701416,
      5.664332389831543,
      5.79701566696167,
      5.929698944091797,
      6.062382221221924,
      6.195065498352051,
      6.327748775482178,
      6.460432052612305,
      6.593115329742432,
      6.725798606872559,
      6.858482360839844,
      6.991165637969971,
      7.123848915100098,
      7.256532192230225,
      7.389215469360352,
      7.5218987464904785,
      7.6545820236206055,
      7.787265300750732,
      7.919948577880859
    ]
  }
}