{
  "module": "block.3.attn.proj_lif",
  "state_shape": [
    64,
    384,
    8,
    8
  ],
  "time_steps": 1,
  "numel_sampled": 196608,
  "mean": -0.22523152828216553,
  "std": 1.375216007232666,
  "min": -7.893974304199219,
  "max": 6.70816707611084,
  "quantiles": {
    "0.00": -7.893974304199219,
    "0.01": -3.456319570541382,
    "0.05": -2.472775459289551,
    "0.10": -1.9481937885284424,
    "0.25": -1.1242326498031616,
    "0.50": -0.23646005988121033,
    "0.75": 0.6591838598251343,
    "0.90": 1.5024187564849854,
    "0.95": 2.046112537384033,
    "0.99": 3.191117763519287,
    "1.00": 6.70816707611084
  },
  "histogram": {
    "counts": [
      1,
      0,
      0,
      0,
      1,
      1,
      0,
      1,
      1,
      1,
      1,
      0,
      1,
      3,
      2,
      0,
      4,
      6,
      7,
      4,
      9,
      7,
      9,
      7,
      18,
      19,
      25,
      31,
      37,
      58,
      64,
      86,
      107,
      148,
      163,
      219,
      290,
      321,
      352,
      472,
      536,
      634,
      753,
      859,
      1065,
      1246,
      1434,
      1627,
      1791,
      2036,
      2274,
      2614,
      2952,
      3255,
      3665,
      4056,
      4347,
      4697,
      5015,
      5405,
      5702,
      6006,
      6397,
      6321,
      6606,
      6720,
      6951,
      6798,
      6758,
      6569,
      6565,
      6250,
      5965,
      5844,
      5403,
      5159,
      4887,
      4410,
      3962,
      3599,
      3366,
      2973,
      2624,
      2417,
      2096,
      1901,
      1584,
      1402,
      1272,
      1050,
      936,
      774,
      711,
      560,
      532,
      422,
      357,
      313,
      272,
      239,
      216,
      138,
      145,
      136,
      115,
      75,
      70,
      64,
      47,
      41,
      30,
      26,
      26,
      19,
      15,
      10,
      3,
      4,
      2,
      5,
      4,
      1,
      0,
      3,
      0,
      0,
      1,
      2
    ],
    "bin_edges": [
      -7.893974304199219,
      -7.779895305633545,
      -7.665815830230713,
      -7.551736831665039,
      -7.437657356262207,
      -7.323578357696533,
      -7.209498882293701,
      -7.095419883728027,
      -6.981340408325195,
      -6.8672614097595215,
      -6.7531819343566895,
      -6.639102935791016,
      -6.525023460388184,
      -6.41094446182251,
      -6.296864986419678,
      -6.182785987854004,
      -6.068706512451172,
      -5.954627513885498,
      -5.840548038482666,
      -5.726469039916992,
      -5.61238956451416,
      -5.498310565948486,
      -5.384231090545654,
      -5.2701520919799805,
      -5.156072616577148,
      -5.041993618011475,
      -4.927914142608643,
      -4.813835144042969,
      -4.699755668640137,
      -4.585676670074463,
      -4.471597194671631,
      -4.357518196105957,
      -4.243438720703125,
      -4.129359722137451,
      -4.015280723571777,
      -3.9012012481689453,
      -3.7871220111846924,
      -3.6730427742004395,
      -3.5589635372161865,
      -3.4448843002319336,
      -3.3308050632476807,
      -3.2167258262634277,
      -3.102646589279175,
      -2.988567352294922,
      -2.874488115310669,
      -2.760408878326416,
      -2.646329641342163,
      -2.53225040435791,
      -2.4181714057922363,
      -2.3040921688079834,
      -2.1900129318237305,
      -2.0759336948394775,
      -1.961854338645935,
      -1.8477751016616821,
      -1.7336958646774292,
      -1.6196166276931763,
      -1.505537509918213,
      -1.39145827293396,
      -1.277379035949707,
      -1.163299798965454,
      -1.0492205619812012,
      -0.9351413249969482,
      -0.8210620880126953,
      -0.7069828510284424,
      -0.5929036140441895,
      -0.4788243770599365,
      -0.3647451400756836,
      -0.25066593289375305,
      -0.13658669590950012,
      -0.02250746637582779,
      0.09157176315784454,
      0.20565098524093628,
      0.3197302222251892,
      0.43380945920944214,
      0.5478886961936951,
      0.661967933177948,
      0.7760471105575562,
      0.8901263475418091,
      1.004205584526062,
      1.118284821510315,
      1.2323640584945679,
      1.3464432954788208,
      1.4605225324630737,
      1.5746017694473267,
      1.6886810064315796,
      1.8027602434158325,
      1.9168394804000854,
      2.030918598175049,
      2.1449978351593018,
      2.2590770721435547,
      2.3731563091278076,
      2.4872355461120605,
      2.6013147830963135,
      2.7153940200805664,
      2.8294732570648193,
      2.9435524940490723,
      3.057631731033325,
      3.171710968017578,
      3.285790205001831,
      3.399869441986084,
      3.513948678970337,
      3.62802791595459,
      3.7421071529388428,
      3.8561863899230957,
      3.9702656269073486,
      4.084344863891602,
      4.198423862457275,
      4.312503337860107,
      4.426582336425781,
      4.540661811828613,
      4.654740810394287,
      4.768820285797119,
      4.882899284362793,
      4.996978759765625,
      5.111057758331299,
      5.225137233734131,
      5.339216232299805,
      5.453295707702637,
      5.5673747062683105,
      5.681454181671143,
      5.795533180236816,
      5.909612655639648,
      6.023691654205322,
      6.137771129608154,
      6.251850128173828,
      6.36592960357666,
      6.480008602142334,
      6.594088077545166,
      6.70816707611084
    ]
  }
}