{
  "module": "block.1.attn.k_lif",
  "state_shape": [
    64,
    384,
    64
  ],
  "time_steps": 1,
  "numel_sampled": 196608,
  "mean": 0.05254283547401428,
  "std": 0.7413696646690369,
  "min": -3.439326763153076,
  "max": 5.029143810272217,
  "quantiles": {
    "0.00": -3.439326763153076,
    "0.01": -1.723452091217041,
    "0.05": -1.1218334436416626,
    "0.10": -0.8339034914970398,
    "0.25": -0.39339762926101685,
    "0.50": 0.03502266854047775,
    "0.75": 0.4634075164794922,
    "0.90": 0.9397265911102295,
    "0.95": 1.3080159425735474,
    "0.99": 2.130953788757324,
    "1.00": 5.029143810272217
  },
  "histogram": {
    "counts": [
      2,
      3,
      3,
      4,
      1,
      5,
      3,
      8,
      4,
      16,
      12,
      18,
      38,
      32,
      39,
      57,
      60,
      80,
      96,
      125,
      131,
      161,
      202,
      261,
      280,
      348,
      454,
      455,
      574,
      670,
      773,
      933,
      1111,
      1290,
      1534,
      1735,
      1987,
      2347,
      2703,
      3027,
      3379,
      3859,
      4244,
      4835,
      5244,
      5771,
      6456,
      6920,
      7402,
      7663,
      8108,
      8460,
      8631,
      8322,
      8013,
      7841,
      7447,
      6991,
      6355,
      5610,
      5150,
      4626,
      4122,
      3592,
      3085,
      2749,
      2366,
      2095,
      1787,
      1592,
      1469,
      1348,
      1173,
      989,
      878,
      784,
      703,
      594,
      554,
      425,
      421,
      355,
      299,
      299,
      256,
      218,
      197,
      187,
      163,
      137,
      107,
      105,
      83,
      70,
      72,
      51,
      51,
      39,
      32,
      33,
      35,
      26,
      14,
      26,
      12,
      16,
      13,
      13,
      12,
      12,
      2,
      10,
      5,
      3,
      6,
      4,
      3,
      2,
      1,
      1,
      1,
      0,
      1,
      0,
      0,
      0,
      0,
      1
    ],
    "bin_edges": [
      -3.439326763153076,
      -3.373166799545288,
      -3.3070068359375,
      -3.240846872329712,
      -3.174687147140503,
      -3.108527183532715,
      -3.0423672199249268,
      -2.9762072563171387,
      -2.9100472927093506,
      -2.8438873291015625,
      -2.7777276039123535,
      -2.7115676403045654,
      -2.6454076766967773,
      -2.5792477130889893,
      -2.513087749481201,
      -2.446927785873413,
      -2.380767822265625,
      -2.314608097076416,
      -2.248448133468628,
      -2.18228816986084,
      -2.1161282062530518,
      -2.0499682426452637,
      -1.9838083982467651,
      -1.917648434638977,
      -1.8514885902404785,
      -1.7853286266326904,
      -1.7191686630249023,
      -1.6530086994171143,
      -1.5868488550186157,
      -1.5206888914108276,
      -1.4545289278030396,
      -1.388369083404541,
      -1.322209119796753,
      -1.2560491561889648,
      -1.1898893117904663,
      -1.1237293481826782,
      -1.0575693845748901,
      -0.9914094805717468,
      -0.9252495765686035,
      -0.8590896129608154,
      -0.7929297089576721,
      -0.7267698049545288,
      -0.6606098413467407,
      -0.5944499373435974,
      -0.5282900333404541,
      -0.462130069732666,
      -0.3959701657295227,
      -0.329810231924057,
      -0.2636502981185913,
      -0.1974903643131256,
      -0.1313304454088211,
      -0.065170519053936,
      0.0009894073009490967,
      0.0671493336558342,
      0.1333092600107193,
      0.1994691789150238,
      0.2656291127204895,
      0.3317890465259552,
      0.3979489803314209,
      0.4641088843345642,
      0.5302687883377075,
      0.5964287519454956,
      0.6625886559486389,
      0.728748619556427,
      0.7949085235595703,
      0.8610684275627136,
      0.9272283911705017,
      0.993388295173645,
      1.059548258781433,
      1.1257081031799316,
      1.1918680667877197,
      1.2580280303955078,
      1.324187994003296,
      1.3903478384017944,
      1.4565078020095825,
      1.5226677656173706,
      1.5888276100158691,
      1.6549875736236572,
      1.7211475372314453,
      1.7873073816299438,
      1.853467345237732,
      1.91962730884552,
      1.9857871532440186,
      2.0519471168518066,
      2.1181070804595947,
      2.184267044067383,
      2.250427007675171,
      2.31658673286438,
      2.382746696472168,
      2.448906660079956,
      2.515066623687744,
      2.5812265872955322,
      2.6473865509033203,
      2.7135462760925293,
      2.7797062397003174,
      2.8458662033081055,
      2.9120261669158936,
      2.9781861305236816,
      3.0443460941314697,
      3.110506057739258,
      3.176665782928467,
      3.242825746536255,
      3.308985710144043,
      3.375145673751831,
      3.441305637359619,
      3.5074656009674072,
      3.573625326156616,
      3.6397852897644043,
      3.7059452533721924,
      3.7721052169799805,
      3.8382651805877686,
      3.9044251441955566,
      3.9705848693847656,
      4.036745071411133,
      4.102904796600342,
      4.169064998626709,
      4.235224723815918,
      4.301384449005127,
      4.367544651031494,
      4.433704376220703,
      4.49986457824707,
      4.566024303436279,
      4.632184028625488,
      4.6983442306518555,
      4.7645039558410645,
      4.830664157867432,
      4.896823883056641,
      4.962984085083008,
      5.029143810272217
    ]
  }
}