{
  "module": "block.2.mlp.mlp1_lif",
  "state_shape": [
    64,
    384,
    8,
    8
  ],
  "time_steps": 1,
  "numel_sampled": 196608,
  "mean": -0.16307789087295532,
  "std": 1.6288526058197021,
  "min": -7.152958869934082,
  "max": 6.944004058837891,
  "quantiles": {
    "0.00": -7.152958869934082,
    "0.01": -3.828660011291504,
    "0.05": -2.827378511428833,
    "0.10": -2.2722389698028564,
    "0.25": -1.287337303161621,
    "0.50": -0.16194118559360504,
    "0.75": 0.9451309442520142,
    "0.90": 1.9338483810424805,
    "0.95": 2.5197300910949707,
    "0.99": 3.6384806632995605,
    "1.00": 6.944004058837891
  },
  "histogram": {
    "counts": [
      3,
      0,
      0,
      1,
      0,
      2,
      5,
      2,
      5,
      5,
      6,
      9,
      7,
      12,
      20,
      14,
      20,
      26,
      35,
      40,
      64,
      73,
      89,
      114,
      113,
      156,
      215,
      239,
      272,
      349,
      418,
      501,
      585,
      649,
      802,
      934,
      1063,
      1231,
      1361,
      1502,
      1670,
      1877,
      2093,
      2320,
      2385,
      2739,
      2855,
      3068,
      3275,
      3464,
      3658,
      3759,
      3992,
      4133,
      4336,
      4571,
      4603,
      4717,
      4819,
      4985,
      5049,
      5207,
      5307,
      5198,
      5259,
      5163,
      5178,
      5090,
      5072,
      4799,
      4676,
      4593,
      4297,
      4199,
      4083,
      3855,
      3672,
      3343,
      3194,
      2988,
      2705,
      2536,
      2347,
      2146,
      2025,
      1748,
      1612,
      1403,
      1254,
      1160,
      984,
      877,
      804,
      643,
      607,
      509,
      437,
      366,
      344,
      270,
      243,
      195,
      154,
      142,
      110,
      98,
      82,
      79,
      44,
      39,
      34,
      25,
      20,
      22,
      17,
      14,
      5,
      7,
      4,
      2,
      3,
      1,
      4,
      1,
      0,
      1,
      1,
      1
    ],
    "bin_edges": [
      -7.152958869934082,
      -7.042826175689697,
      -6.932693958282471,
      -6.822561264038086,
      -6.712428569793701,
      -6.602296352386475,
      -6.49216365814209,
      -6.382031440734863,
      -6.2718987464904785,
      -6.161766052246094,
      -6.051633834838867,
      -5.941501140594482,
      -5.831368446350098,
      -5.721236228942871,
      -5.611103534698486,
      -5.500970840454102,
      -5.390838623046875,
      -5.28070592880249,
      -5.1705732345581055,
      -5.060441017150879,
      -4.950308322906494,
      -4.840176105499268,
      -4.730043411254883,
      -4.619910717010498,
      -4.5097784996032715,
      -4.399645805358887,
      -4.289513111114502,
      -4.179380893707275,
      -4.069248199462891,
      -3.959115743637085,
      -3.8489832878112793,
      -3.7388505935668945,
      -3.628718137741089,
      -3.518585681915283,
      -3.4084529876708984,
      -3.2983205318450928,
      -3.188188076019287,
      -3.0780556201934814,
      -2.9679229259490967,
      -2.857790470123291,
      -2.7476580142974854,
      -2.6375253200531006,
      -2.527392864227295,
      -2.4172604084014893,
      -2.3071279525756836,
      -2.196995258331299,
      -2.086862802505493,
      -1.9767303466796875,
      -1.8665977716445923,
      -1.756465196609497,
      -1.6463327407836914,
      -1.5362001657485962,
      -1.4260677099227905,
      -1.3159351348876953,
      -1.2058026790618896,
      -1.0956701040267944,
      -0.985537588596344,
      -0.8754050731658936,
      -0.7652725577354431,
      -0.6551400423049927,
      -0.5450074672698975,
      -0.4348749816417694,
      -0.3247424364089966,
      -0.21460992097854614,
      -0.1044774055480957,
      0.005655117332935333,
      0.11578764021396637,
      0.225920170545578,
      0.33605268597602844,
      0.4461852014064789,
      0.5563177466392517,
      0.6664502620697021,
      0.7765827775001526,
      0.886715292930603,
      0.9968478083610535,
      1.106980323791504,
      1.2171128988265991,
      1.3272453546524048,
      1.4373779296875,
      1.5475103855133057,
      1.6576429605484009,
      1.767775535583496,
      1.8779079914093018,
      1.988040566444397,
      2.098173141479492,
      2.208305597305298,
      2.3184380531311035,
      2.428570508956909,
      2.538703203201294,
      2.6488356590270996,
      2.7589681148529053,
      2.86910080909729,
      2.9792332649230957,
      3.0893657207489014,
      3.199498176574707,
      3.309630870819092,
      3.4197633266448975,
      3.529895782470703,
      3.640028476715088,
      3.7501609325408936,
      3.860293388366699,
      3.970425844192505,
      4.0805583000183105,
      4.190690994262695,
      4.30082368850708,
      4.410955905914307,
      4.521088600158691,
      4.631221294403076,
      4.741353511810303,
      4.8514862060546875,
      4.961618423461914,
      5.071751117706299,
      5.181883811950684,
      5.29201602935791,
      5.402148723602295,
      5.51228141784668,
      5.622413635253906,
      5.732546329498291,
      5.842679023742676,
      5.952811241149902,
      6.062943935394287,
      6.173076629638672,
      6.283208847045898,
      6.393341541290283,
      6.50347375869751,
      6.6136064529418945,
      6.723739147186279,
      6.833871364593506,
      6.944004058837891
    ]
  }
}