{
  "module": "block.1.attn.attn_lif",
  "state_shape": [
    64,
    384,
    64
  ],
  "time_steps": 1,
  "numel_sampled": 196608,
  "mean": 10.420254707336426,
  "std": 7.198368072509766,
  "min": 0.0,
  "max": 49.75,
  "quantiles": {
    "0.00": 0.0,
    "0.01": 0.0,
    "0.05": 1.375,
    "0.10": 2.5,
    "0.25": 5.0,
    "0.50": 8.875,
    "0.75": 14.375,
    "0.90": 20.625,
    "0.95": 24.75,
    "0.99": 31.625,
    "1.00": 49.75
  },
  "histogram": {
    "counts": [
      3979,
      1958,
      2354,
      2543,
      3198,
      3518,
      3559,
      3853,
      4093,
      5950,
      4612,
      4878,
      5011,
      4937,
      5007,
      5098,
      4995,
      5010,
      6462,
      4745,
      4677,
      4551,
      4472,
      4324,
      3964,
      4094,
      3706,
      4573,
      3389,
      3289,
      3166,
      3108,
      3043,
      2966,
      2764,
      2696,
      3313,
      2411,
      2435,
      2201,
      2147,
      2059,
      1798,
      1899,
      1810,
      2218,
      1582,
      1579,
      1543,
      1405,
      1295,
      1310,
      1169,
      1128,
      1414,
      1056,
      944,
      830,
      925,
      821,
      922,
      688,
      684,
      659,
      959,
      678,
      552,
      553,
      551,
      478,
      435,
      480,
      396,
      529,
      372,
      347,
      304,
      324,
      264,
      271,
      236,
      223,
      266,
      173,
      127,
      113,
      139,
      116,
      82,
      73,
      85,
      91,
      40,
      70,
      53,
      76,
      37,
      25,
      18,
      41,
      44,
      36,
      14,
      6,
      33,
      17,
      8,
      14,
      9,
      4,
      11,
      1,
      3,
      12,
      5,
      6,
      3,
      1,
      8,
      0,
      4,
      2,
      2,
      0,
      0,
      0,
      0,
      1
    ],
    "bin_edges": [
      0.0,
      0.388671875,
      0.77734375,
      1.166015625,
      1.5546875,
      1.943359375,
      2.33203125,
      2.720703125,
      3.109375,
      3.498046875,
      3.88671875,
      4.275390625,
      4.6640625,
      5.052734375,
      5.44140625,
      5.830078125,
      6.21875,
      6.607421875,
      6.99609375,
      7.384765625,
      7.7734375,
      8.162109375,
      8.55078125,
      8.939453125,
      9.328125,
      9.716796875,
      10.10546875,
      10.494140625,
      10.8828125,
      11.271484375,
      11.66015625,
      12.048828125,
      12.4375,
      12.826171875,
      13.21484375,
      13.603515625,
      13.9921875,
      14.380859375,
      14.76953125,
      15.158203125,
      15.546875,
      15.935546875,
      16.32421875,
      16.712890625,
      17.1015625,
      17.490234375,
      17.87890625,
      18.267578125,
      18.65625,
      19.044921875,
      19.43359375,
      19.822265625,
      20.2109375,
      20.599609375,
      20.98828125,
      21.376953125,
      21.765625,
      22.154296875,
      22.54296875,
      22.931640625,
      23.3203125,
      23.708984375,
      24.09765625,
      24.486328125,
      24.875,
      25.263671875,
      25.65234375,
      26.041015625,
      26.4296875,
      26.818359375,
      27.20703125,
      27.595703125,
      27.984375,
      28.373046875,
      28.76171875,
      29.150390625,
      29.5390625,
      29.927734375,
      30.31640625,
      30.705078125,
      31.09375,
      31.482421875,
      31.87109375,
      32.259765625,
      32.6484375,
      33.037109375,
      33.42578125,
      33.814453125,
      34.203125,
      34.591796875,
      34.98046875,
      35.369140625,
      35.7578125,
      36.146484375,
      36.53515625,
      36.923828125,
      37.3125,
      37.701171875,
      38.08984375,
      38.478515625,
      38.8671875,
      39.255859375,
      39.64453125,
      40.033203125,
      40.421875,
      40.810546875,
      41.19921875,
      41.587890625,
      41.9765625,
      42.365234375,
      42.75390625,
      43.142578125,
      43.53125,
      43.919921875,
      44.30859375,
      44.697265625,
      45.0859375,
      45.474609375,
      45.86328125,
      46.251953125,
      46.640625,
      47.029296875,
      47.41796875,
      47.806640625,
      48.1953125,
      48.583984375,
      48.97265625,
      49.361328125,
      49.75
    ]
  }
}