{
  "module": "block.2.attn.attn_lif",
  "state_shape": [
    64,
    384,
    64
  ],
  "time_steps": 1,
  "numel_sampled": 196608,
  "mean": 1.5096988677978516,
  "std": 1.6753485202789307,
  "min": 0.0,
  "max": 19.375,
  "quantiles": {
    "0.00": 0.0,
    "0.01": 0.0,
    "0.05": 0.0,
    "0.10": 0.0,
    "0.25": 0.375,
    "0.50": 1.0,
    "0.75": 2.125,
    "0.90": 3.625,
    "0.95": 4.875,
    "0.99": 7.875,
    "1.00": 19.375
  },
  "histogram": {
    "counts": [
      33112,
      12103,
      11389,
      10688,
      18908,
      8448,
      7854,
      7264,
      6780,
      11872,
      5259,
      4797,
      4402,
      4083,
      7262,
      3138,
      2955,
      2640,
      4596,
      2071,
      1956,
      1762,
      1615,
      2978,
      1304,
      1232,
      1113,
      1015,
      1844,
      850,
      763,
      697,
      641,
      1179,
      533,
      477,
      448,
      817,
      379,
      364,
      324,
      288,
      529,
      265,
      229,
      231,
      194,
      356,
      189,
      139,
      147,
      128,
      259,
      120,
      110,
      104,
      192,
      73,
      62,
      74,
      67,
      104,
      47,
      50,
      42,
      45,
      71,
      37,
      29,
      37,
      29,
      59,
      24,
      31,
      23,
      52,
      20,
      18,
      12,
      20,
      23,
      14,
      3,
      10,
      9,
      14,
      12,
      5,
      4,
      11,
      9,
      3,
      2,
      8,
      8,
      5,
      2,
      3,
      3,
      7,
      3,
      2,
      3,
      3,
      2,
      3,
      1,
      2,
      2,
      5,
      0,
      0,
      0,
      3,
      0,
      1,
      2,
      0,
      0,
      1,
      0,
      1,
      0,
      0,
      0,
      0,
      0,
      1
    ],
    "bin_edges": [
      0.0,
      0.1513671875,
      0.302734375,
      0.4541015625,
      0.60546875,
      0.7568359375,
      0.908203125,
      1.0595703125,
      1.2109375,
      1.3623046875,
      1.513671875,
      1.6650390625,
      1.81640625,
      1.9677734375,
      2.119140625,
      2.2705078125,
      2.421875,
      2.5732421875,
      2.724609375,
      2.8759765625,
      3.02734375,
      3.1787109375,
      3.330078125,
      3.4814453125,
      3.6328125,
      3.7841796875,
      3.935546875,
      4.0869140625,
      4.23828125,
      4.3896484375,
      4.541015625,
      4.6923828125,
      4.84375,
      4.9951171875,
      5.146484375,
      5.2978515625,
      5.44921875,
      5.6005859375,
      5.751953125,
      5.9033203125,
      6.0546875,
      6.2060546875,
      6.357421875,
      6.5087890625,
      6.66015625,
      6.8115234375,
      6.962890625,
      7.1142578125,
      7.265625,
      7.4169921875,
      7.568359375,
      7.7197265625,
      7.87109375,
      8.0224609375,
      8.173828125,
      8.3251953125,
      8.4765625,
      8.6279296875,
      8.779296875,
      8.9306640625,
      9.08203125,
      9.2333984375,
      9.384765625,
      9.5361328125,
      9.6875,
      9.8388671875,
      9.990234375,
      10.1416015625,
      10.29296875,
      10.4443359375,
      10.595703125,
      10.7470703125,
      10.8984375,
      11.0498046875,
      11.201171875,
      11.3525390625,
      11.50390625,
      11.6552734375,
      11.806640625,
      11.9580078125,
      12.109375,
      12.2607421875,
      12.412109375,
      12.5634765625,
      12.71484375,
      12.8662109375,
      13.017578125,
      13.1689453125,
      13.3203125,
      13.4716796875,
      13.623046875,
      13.7744140625,
      13.92578125,
      14.0771484375,
      14.228515625,
      14.3798828125,
      14.53125,
      14.6826171875,
      14.833984375,
      14.9853515625,
      15.13671875,
      15.2880859375,
      15.439453125,
      15.5908203125,
      15.7421875,
      15.8935546875,
      16.044921875,
      16.1962890625,
      16.34765625,
      16.4990234375,
      16.650390625,
      16.8017578125,
      16.953125,
      17.1044921875,
      17.255859375,
      17.4072265625,
      17.55859375,
      17.7099609375,
      17.861328125,
      18.0126953125,
      18.1640625,
      18.3154296875,
      18.466796875,
      18.6181640625,
      18.76953125,
      18.9208984375,
      19.072265625,
      19.2236328125,
      19.375
    ]
  }
}