{
  "module": "block.3.attn.attn_lif",
  "state_shape": [
    64,
    384,
    64
  ],
  "time_steps": 1,
  "numel_sampled": 196608,
  "mean": 0.9954344630241394,
  "std": 1.2694284915924072,
  "min": 0.0,
  "max": 11.75,
  "quantiles": {
    "0.00": 0.0,
    "0.01": 0.0,
    "0.05": 0.0,
    "0.10": 0.0,
    "0.25": 0.125,
    "0.50": 0.5,
    "0.75": 1.375,
    "0.90": 2.625,
    "0.95": 3.625,
    "0.99": 5.75,
    "1.00": 11.75
  },
  "histogram": {
    "counts": [
      40233,
      20029,
      16315,
      0,
      13277,
      11365,
      9798,
      0,
      8520,
      7471,
      6508,
      0,
      5813,
      5346,
      4723,
      0,
      4136,
      3719,
      0,
      3470,
      3155,
      2755,
      0,
      2559,
      2222,
      2022,
      0,
      2001,
      1749,
      1678,
      0,
      1492,
      1286,
      0,
      1289,
      1189,
      1033,
      0,
      985,
      911,
      740,
      0,
      771,
      727,
      637,
      0,
      571,
      506,
      0,
      471,
      464,
      430,
      0,
      388,
      378,
      313,
      0,
      306,
      300,
      278,
      0,
      236,
      184,
      0,
      173,
      168,
      140,
      0,
      134,
      108,
      115,
      0,
      125,
      87,
      70,
      0,
      76,
      67,
      69,
      0,
      59,
      50,
      0,
      40,
      50,
      32,
      0,
      32,
      25,
      27,
      0,
      23,
      18,
      27,
      0,
      17,
      16,
      0,
      21,
      6,
      5,
      0,
      8,
      6,
      14,
      0,
      6,
      6,
      7,
      0,
      5,
      4,
      0,
      2,
      4,
      3,
      0,
      0,
      5,
      1,
      0,
      1,
      0,
      1,
      0,
      0,
      2,
      4
    ],
    "bin_edges": [
      0.0,
      0.091796875,
      0.18359375,
      0.275390625,
      0.3671875,
      0.458984375,
      0.55078125,
      0.642578125,
      0.734375,
      0.826171875,
      0.91796875,
      1.009765625,
      1.1015625,
      1.193359375,
      1.28515625,
      1.376953125,
      1.46875,
      1.560546875,
      1.65234375,
      1.744140625,
      1.8359375,
      1.927734375,
      2.01953125,
      2.111328125,
      2.203125,
      2.294921875,
      2.38671875,
      2.478515625,
      2.5703125,
      2.662109375,
      2.75390625,
      2.845703125,
      2.9375,
      3.029296875,
      3.12109375,
      3.212890625,
      3.3046875,
      3.396484375,
      3.48828125,
      3.580078125,
      3.671875,
      3.763671875,
      3.85546875,
      3.947265625,
      4.0390625,
      4.130859375,
      4.22265625,
      4.314453125,
      4.40625,
      4.498046875,
      4.58984375,
      4.681640625,
      4.7734375,
      4.865234375,
      4.95703125,
      5.048828125,
      5.140625,
      5.232421875,
      5.32421875,
      5.416015625,
      5.5078125,
      5.599609375,
      5.69140625,
      5.783203125,
      5.875,
      5.966796875,
      6.05859375,
      6.150390625,
      6.2421875,
      6.333984375,
      6.42578125,
      6.517578125,
      6.609375,
      6.701171875,
      6.79296875,
      6.884765625,
      6.9765625,
      7.068359375,
      7.16015625,
      7.251953125,
      7.34375,
      7.435546875,
      7.52734375,
      7.619140625,
      7.7109375,
      7.802734375,
      7.89453125,
      7.986328125,
      8.078125,
      8.169921875,
      8.26171875,
      8.353515625,
      8.4453125,
      8.537109375,
      8.62890625,
      8.720703125,
      8.8125,
      8.904296875,
      8.99609375,
      9.087890625,
      9.1796875,
      9.271484375,
      9.36328125,
      9.455078125,
      9.546875,
      9.638671875,
      9.73046875,
      9.822265625,
      9.9140625,
      10.005859375,
      10.09765625,
      10.189453125,
      10.28125,
      10.373046875,
      10.46484375,
      10.556640625,
      10.6484375,
      10.740234375,
      10.83203125,
      10.923828125,
      11.015625,
      11.107421875,
      11.19921875,
      11.291015625,
      11.3828125,
      11.474609375,
      11.56640625,
      11.658203125,
      11.75
    ]
  }
}