{
  "module": "block.1.mlp.mlp1_lif",
  "state_shape": [
    64,
    384,
    8,
    8
  ],
  "time_steps": 1,
  "numel_sampled": 196608,
  "mean": -0.10619872063398361,
  "std": 1.2468645572662354,
  "min": -5.691097259521484,
  "max": 6.226474285125732,
  "quantiles": {
    "0.00": -5.691097259521484,
    "0.01": -2.9403514862060547,
    "0.05": -2.0911738872528076,
    "0.10": -1.6764469146728516,
    "0.25": -0.972251832485199,
    "0.50": -0.1282282918691635,
    "0.75": 0.7470076084136963,
    "0.90": 1.5085124969482422,
    "0.95": 1.9438667297363281,
    "0.99": 2.7967276573181152,
    "1.00": 6.226474285125732
  },
  "histogram": {
    "counts": [
      1,
      0,
      1,
      2,
      2,
      1,
      3,
      2,
      11,
      5,
      7,
      5,
      9,
      21,
      19,
      23,
      38,
      48,
      60,
      50,
      81,
      100,
      113,
      109,
      153,
      172,
      180,
      240,
      307,
      394,
      438,
      508,
      603,
      722,
      834,
      1003,
      1176,
      1369,
      1596,
      1846,
      2109,
      2353,
      2619,
      2895,
      3245,
      3463,
      3824,
      4244,
      4283,
      4577,
      4823,
      4990,
      5208,
      5401,
      5334,
      5606,
      5586,
      5716,
      5672,
      5512,
      5626,
      5630,
      5522,
      5443,
      5207,
      5105,
      5129,
      4832,
      4559,
      4433,
      4307,
      3997,
      3856,
      3577,
      3259,
      3063,
      2788,
      2646,
      2306,
      2202,
      1887,
      1684,
      1390,
      1377,
      1193,
      928,
      773,
      712,
      535,
      514,
      377,
      349,
      246,
      266,
      161,
      169,
      133,
      125,
      90,
      68,
      61,
      66,
      34,
      42,
      30,
      37,
      24,
      22,
      20,
      7,
      10,
      15,
      10,
      8,
      5,
      12,
      4,
      4,
      7,
      2,
      1,
      1,
      4,
      1,
      0,
      0,
      3,
      2
    ],
    "bin_edges": [
      -5.691097259521484,
      -5.597990989685059,
      -5.504885196685791,
      -5.411779403686523,
      -5.318673133850098,
      -5.225566864013672,
      -5.132461071014404,
      -5.039355278015137,
      -4.946249008178711,
      -4.853142738342285,
      -4.760036945343018,
      -4.66693115234375,
      -4.573824882507324,
      -4.480718612670898,
      -4.387612819671631,
      -4.294507026672363,
      -4.2014007568359375,
      -4.108294486999512,
      -4.015188694000244,
      -3.9220826625823975,
      -3.828976631164551,
      -3.735870599746704,
      -3.6427645683288574,
      -3.5496585369110107,
      -3.456552505493164,
      -3.3634464740753174,
      -3.2703404426574707,
      -3.177234411239624,
      -3.0841283798217773,
      -2.9910223484039307,
      -2.897916316986084,
      -2.8048102855682373,
      -2.7117042541503906,
      -2.618598222732544,
      -2.5254921913146973,
      -2.4323861598968506,
      -2.339280128479004,
      -2.2461740970611572,
      -2.1530680656433105,
      -2.059962034225464,
      -1.9668560028076172,
      -1.8737499713897705,
      -1.7806439399719238,
      -1.6875379085540771,
      -1.5944318771362305,
      -1.5013258457183838,
      -1.408219814300537,
      -1.3151137828826904,
      -1.2220077514648438,
      -1.128901720046997,
      -1.0357956886291504,
      -0.9426896572113037,
      -0.849583625793457,
      -0.7564775943756104,
      -0.6633715629577637,
      -0.570265531539917,
      -0.4771595001220703,
      -0.38405346870422363,
      -0.29094743728637695,
      -0.19784140586853027,
      -0.1047353744506836,
      -0.011629343032836914,
      0.08147668838500977,
      0.17458271980285645,
      0.2676882743835449,
      0.3607943058013916,
      0.4539003372192383,
      0.547006368637085,
      0.6401124000549316,
      0.7332184314727783,
      0.826324462890625,
      0.9194304943084717,
      1.0125365257263184,
      1.105642557144165,
      1.1987485885620117,
      1.2918546199798584,
      1.384960651397705,
      1.4780666828155518,
      1.5711727142333984,
      1.6642787456512451,
      1.7573847770690918,
      1.8504908084869385,
      1.9435968399047852,
      2.036702871322632,
      2.1298089027404785,
      2.222914934158325,
      2.316020965576172,
      2.4091269969940186,
      2.5022330284118652,
      2.595339059829712,
      2.6884450912475586,
      2.7815511226654053,
      2.874657154083252,
      2.9677631855010986,
      3.0608692169189453,
      3.153975248336792,
      3.2470812797546387,
      3.3401873111724854,
      3.433293342590332,
      3.5263993740081787,
      3.6195054054260254,
      3.712611436843872,
      3.8057174682617188,
      3.8988234996795654,
      3.991929531097412,
      4.08503532409668,
      4.1781415939331055,
      4.271247863769531,
      4.364353656768799,
      4.457459449768066,
      4.550565719604492,
      4.643671989440918,
      4.7367777824401855,
      4.829883575439453,
      4.922989845275879,
      5.016096115112305,
      5.109201908111572,
      5.20230770111084,
      5.295413970947266,
      5.388520240783691,
      5.481626033782959,
      5.574731826782227,
      5.667838096618652,
      5.760944366455078,
      5.854050159454346,
      5.947155952453613,
      6.040262222290039,
      6.133368492126465,
      6.226474285125732
    ]
  }
}