{
  "module": "block.2.attn.attn_lif",
  "state_shape": [
    64,
    384,
    64
  ],
  "time_steps": 1,
  "numel_sampled": 196608,
  "mean": 0.6759700775146484,
  "std": 1.1361668109893799,
  "min": 0.0,
  "max": 16.375,
  "quantiles": {
    "0.00": 0.0,
    "0.01": 0.0,
    "0.05": 0.0,
    "0.10": 0.0,
    "0.25": 0.0,
    "0.50": 0.25,
    "0.75": 0.875,
    "0.90": 2.0,
    "0.95": 3.0,
    "0.99": 5.375,
    "1.00": 16.375
  },
  "histogram": {
    "counts": [
      96540,
      14931,
      11157,
      8954,
      7276,
      6301,
      5270,
      4775,
      4213,
      3616,
      3288,
      2852,
      2480,
      2324,
      2088,
      1870,
      1625,
      1559,
      1369,
      1261,
      1057,
      1012,
      922,
      845,
      813,
      676,
      643,
      587,
      527,
      505,
      418,
      390,
      327,
      344,
      284,
      247,
      250,
      248,
      215,
      179,
      146,
      191,
      317,
      131,
      120,
      112,
      90,
      97,
      64,
      86,
      67,
      74,
      79,
      59,
      64,
      44,
      48,
      36,
      42,
      42,
      37,
      29,
      24,
      20,
      16,
      23,
      23,
      13,
      20,
      18,
      20,
      23,
      16,
      18,
      17,
      8,
      9,
      9,
      10,
      5,
      8,
      5,
      7,
      6,
      8,
      6,
      5,
      8,
      8,
      7,
      4,
      5,
      1,
      6,
      1,
      1,
      2,
      1,
      0,
      0,
      2,
      0,
      3,
      1,
      0,
      1,
      0,
      2,
      0,
      1,
      0,
      0,
      0,
      1,
      1,
      0,
      0,
      0,
      0,
      0,
      0,
      1,
      0,
      0,
      0,
      0,
      0,
      1
    ],
    "bin_edges": [
      0.0,
      0.1279296875,
      0.255859375,
      0.3837890625,
      0.51171875,
      0.6396484375,
      0.767578125,
      0.8955078125,
      1.0234375,
      1.1513671875,
      1.279296875,
      1.4072265625,
      1.53515625,
      1.6630859375,
      1.791015625,
      1.9189453125,
      2.046875,
      2.1748046875,
      2.302734375,
      2.4306640625,
      2.55859375,
      2.6865234375,
      2.814453125,
      2.9423828125,
      3.0703125,
      3.1982421875,
      3.326171875,
      3.4541015625,
      3.58203125,
      3.7099609375,
      3.837890625,
      3.9658203125,
      4.09375,
      4.2216796875,
      4.349609375,
      4.4775390625,
      4.60546875,
      4.7333984375,
      4.861328125,
      4.9892578125,
      5.1171875,
      5.2451171875,
      5.373046875,
      5.5009765625,
      5.62890625,
      5.7568359375,
      5.884765625,
      6.0126953125,
      6.140625,
      6.2685546875,
      6.396484375,
      6.5244140625,
      6.65234375,
      6.7802734375,
      6.908203125,
      7.0361328125,
      7.1640625,
      7.2919921875,
      7.419921875,
      7.5478515625,
      7.67578125,
      7.8037109375,
      7.931640625,
      8.0595703125,
      8.1875,
      8.3154296875,
      8.443359375,
      8.5712890625,
      8.69921875,
      8.8271484375,
      8.955078125,
      9.0830078125,
      9.2109375,
      9.3388671875,
      9.466796875,
      9.5947265625,
      9.72265625,
      9.8505859375,
      9.978515625,
      10.1064453125,
      10.234375,
      10.3623046875,
      10.490234375,
      10.6181640625,
      10.74609375,
      10.8740234375,
      11.001953125,
      11.1298828125,
      11.2578125,
      11.3857421875,
      11.513671875,
      11.6416015625,
      11.76953125,
      11.8974609375,
      12.025390625,
      12.1533203125,
      12.28125,
      12.4091796875,
      12.537109375,
      12.6650390625,
      12.79296875,
      12.9208984375,
      13.048828125,
      13.1767578125,
      13.3046875,
      13.4326171875,
      13.560546875,
      13.6884765625,
      13.81640625,
      13.9443359375,
      14.072265625,
      14.2001953125,
      14.328125,
      14.4560546875,
      14.583984375,
      14.7119140625,
      14.83984375,
      14.9677734375,
      15.095703125,
      15.2236328125,
      15.3515625,
      15.4794921875,
      15.607421875,
      15.7353515625,
      15.86328125,
      15.9912109375,
      16.119140625,
      16.2470703125,
      16.375
    ]
  }
}