{
  "module": "block.1.mlp.mlp2_lif",
  "state_shape": [
    64,
    1536,
    8,
    8
  ],
  "time_steps": 1,
  "numel_sampled": 196608,
  "mean": -0.16254009306430817,
  "std": 0.9026095867156982,
  "min": -4.517506122589111,
  "max": 4.228829383850098,
  "quantiles": {
    "0.00": -4.517506122589111,
    "0.01": -2.0904037952423096,
    "0.05": -1.5472681522369385,
    "0.10": -1.2617452144622803,
    "0.25": -0.7827456593513489,
    "0.50": -0.21532967686653137,
    "0.75": 0.40483197569847107,
    "0.90": 1.0107144117355347,
    "0.95": 1.4047956466674805,
    "0.99": 2.193175792694092,
    "1.00": 4.228829383850098
  },
  "histogram": {
    "counts": [
      1,
      0,
      0,
      0,
      1,
      0,
      0,
      0,
      0,
      1,
      1,
      0,
      6,
      2,
      3,
      9,
      2,
      7,
      7,
      7,
      18,
      14,
      24,
      29,
      38,
      37,
      66,
      75,
      90,
      105,
      135,
      176,
      251,
      278,
      338,
      480,
      505,
      678,
      765,
      920,
      1115,
      1289,
      1543,
      1772,
      2155,
      2286,
      2579,
      2924,
      3229,
      3662,
      4067,
      4397,
      4555,
      5052,
      5320,
      5497,
      5796,
      5948,
      6068,
      5892,
      6147,
      6116,
      6052,
      6102,
      5988,
      5821,
      5641,
      5433,
      5290,
      5084,
      4945,
      4475,
      4317,
      4026,
      3884,
      3517,
      3315,
      3038,
      2869,
      2568,
      2319,
      2139,
      1904,
      1754,
      1518,
      1418,
      1284,
      1122,
      1005,
      888,
      836,
      734,
      637,
      540,
      459,
      447,
      395,
      315,
      301,
      241,
      205,
      170,
      184,
      155,
      116,
      110,
      96,
      73,
      68,
      69,
      42,
      37,
      32,
      31,
      21,
      18,
      16,
      12,
      10,
      13,
      4,
      11,
      3,
      4,
      5,
      0,
      0,
      4
    ],
    "bin_edges": [
      -4.517506122589111,
      -4.4491753578186035,
      -4.380844593048096,
      -4.312513828277588,
      -4.24418306350708,
      -4.175852298736572,
      -4.1075215339660645,
      -4.039190769195557,
      -3.970860004425049,
      -3.90252947807312,
      -3.8341987133026123,
      -3.7658679485321045,
      -3.6975371837615967,
      -3.629206418991089,
      -3.560875654220581,
      -3.4925448894500732,
      -3.4242141246795654,
      -3.3558833599090576,
      -3.28755259513855,
      -3.219221830368042,
      -3.150891065597534,
      -3.0825603008270264,
      -3.0142295360565186,
      -2.9458987712860107,
      -2.877568244934082,
      -2.809237480163574,
      -2.7409067153930664,
      -2.6725759506225586,
      -2.604245185852051,
      -2.535914421081543,
      -2.467583656311035,
      -2.3992528915405273,
      -2.3309221267700195,
      -2.2625913619995117,
      -2.194260597229004,
      -2.125929832458496,
      -2.0575990676879883,
      -1.98926842212677,
      -1.9209376573562622,
      -1.8526068925857544,
      -1.7842761278152466,
      -1.7159453630447388,
      -1.647614598274231,
      -1.5792838335037231,
      -1.5109531879425049,
      -1.442622423171997,
      -1.3742916584014893,
      -1.3059608936309814,
      -1.2376301288604736,
      -1.1692993640899658,
      -1.100968599319458,
      -1.0326378345489502,
      -0.9643071293830872,
      -0.8959763646125793,
      -0.8276456594467163,
      -0.7593148946762085,
      -0.6909841299057007,
      -0.6226533651351929,
      -0.5543226003646851,
      -0.485991895198822,
      -0.4176611304283142,
      -0.3493303656578064,
      -0.28099963068962097,
      -0.21266888082027435,
      -0.14433860778808594,
      -0.07600785791873932,
      -0.0076771080493927,
      0.06065364181995392,
      0.12898439168930054,
      0.19731514155864716,
      0.2656458914279938,
      0.3339766263961792,
      0.402307391166687,
      0.4706381559371948,
      0.5389689207077026,
      0.6072996258735657,
      0.6756303906440735,
      0.7439611554145813,
      0.8122918605804443,
      0.8806226253509521,
      0.94895339012146,
      1.0172841548919678,
      1.0856149196624756,
      1.1539456844329834,
      1.2222764492034912,
      1.2906070947647095,
      1.3589378595352173,
      1.427268624305725,
      1.495599389076233,
      1.5639301538467407,
      1.6322609186172485,
      1.7005916833877563,
      1.7689223289489746,
      1.8372530937194824,
      1.9055838584899902,
      1.973914623260498,
      2.042245388031006,
      2.1105761528015137,
      2.1789069175720215,
      2.2472376823425293,
      2.315568447113037,
      2.383899211883545,
      2.4522299766540527,
      2.5205607414245605,
      2.5888915061950684,
      2.657222032546997,
      2.725552797317505,
      2.7938835620880127,
      2.8622143268585205,
      2.9305450916290283,
      2.998875856399536,
      3.067206621170044,
      3.1355373859405518,
      3.2038681507110596,
      3.2721989154815674,
      3.340529680252075,
      3.408860445022583,
      3.477191209793091,
      3.5455219745635986,
      3.6138527393341064,
      3.682183265686035,
      3.750514030456543,
      3.818844795227051,
      3.8871755599975586,
      3.9555063247680664,
      4.023837089538574,
      4.092167854309082,
      4.16049861907959,
      4.228829383850098
    ]
  }
}