{
  "module": "block.2.attn.k_lif",
  "state_shape": [
    64,
    384,
    64
  ],
  "time_steps": 1,
  "numel_sampled": 196608,
  "mean": -0.4033183157444,
  "std": 0.5776427388191223,
  "min": -3.2249977588653564,
  "max": 3.758633852005005,
  "quantiles": {
    "0.00": -3.2249977588653564,
    "0.01": -1.6737712621688843,
    "0.05": -1.3104926347732544,
    "0.10": -1.1185239553451538,
    "0.25": -0.7959952354431152,
    "0.50": -0.4211040735244751,
    "0.75": -0.03483395650982857,
    "0.90": 0.3306538462638855,
    "0.95": 0.5542128086090088,
    "0.99": 1.040391445159912,
    "1.00": 3.758633852005005
  },
  "histogram": {
    "counts": [
      1,
      0,
      0,
      0,
      0,
      0,
      0,
      1,
      2,
      1,
      3,
      2,
      1,
      2,
      6,
      7,
      9,
      24,
      24,
      32,
      54,
      87,
      104,
      137,
      213,
      254,
      352,
      424,
      571,
      701,
      885,
      1085,
      1297,
      1524,
      1855,
      2261,
      2632,
      3014,
      3555,
      3973,
      4556,
      4989,
      5422,
      5867,
      6105,
      6734,
      6840,
      7091,
      7504,
      7553,
      7587,
      7619,
      7457,
      7464,
      7022,
      6942,
      6624,
      6227,
      5776,
      5374,
      5096,
      4416,
      4034,
      3704,
      3308,
      2987,
      2652,
      2265,
      1996,
      1663,
      1398,
      1197,
      1033,
      843,
      718,
      567,
      476,
      382,
      327,
      242,
      205,
      183,
      148,
      122,
      101,
      89,
      81,
      65,
      45,
      37,
      37,
      28,
      28,
      25,
      32,
      28,
      18,
      13,
      20,
      10,
      15,
      8,
      8,
      11,
      12,
      7,
      6,
      11,
      4,
      5,
      1,
      10,
      4,
      4,
      5,
      5,
      5,
      2,
      3,
      4,
      2,
      2,
      3,
      3,
      2,
      0,
      0,
      1
    ],
    "bin_edges": [
      -3.2249977588653564,
      -3.170438051223755,
      -3.1158785820007324,
      -3.061318874359131,
      -3.0067591667175293,
      -2.952199697494507,
      -2.8976399898529053,
      -2.843080520629883,
      -2.7885208129882812,
      -2.7339611053466797,
      -2.6794016361236572,
      -2.6248419284820557,
      -2.570282220840454,
      -2.5157227516174316,
      -2.46116304397583,
      -2.4066033363342285,
      -2.352043867111206,
      -2.2974841594696045,
      -2.242924451828003,
      -2.1883649826049805,
      -2.133805274963379,
      -2.0792458057403564,
      -2.024686098098755,
      -1.9701265096664429,
      -1.9155668020248413,
      -1.8610072135925293,
      -1.8064476251602173,
      -1.7518879175186157,
      -1.6973283290863037,
      -1.6427687406539917,
      -1.5882091522216797,
      -1.5336494445800781,
      -1.4790898561477661,
      -1.424530267715454,
      -1.3699705600738525,
      -1.3154109716415405,
      -1.2608513832092285,
      -1.2062917947769165,
      -1.151732087135315,
      -1.097172498703003,
      -1.042612910270691,
      -0.9880532622337341,
      -0.9334936141967773,
      -0.8789340257644653,
      -0.8243743777275085,
      -0.7698147892951965,
      -0.7152551412582397,
      -0.6606955528259277,
      -0.606135904788971,
      -0.5515762567520142,
      -0.49701666831970215,
      -0.44245705008506775,
      -0.38789743185043335,
      -0.33333778381347656,
      -0.27877816557884216,
      -0.22421854734420776,
      -0.16965892910957336,
      -0.11509931087493896,
      -0.06053968518972397,
      -0.005980063229799271,
      0.04857955873012543,
      0.10313917696475983,
      0.15769881010055542,
      0.21225842833518982,
      0.2668180465698242,
      0.3213776648044586,
      0.375937283039093,
      0.4304969012737274,
      0.4850565195083618,
      0.5396161675453186,
      0.5941757559776306,
      0.6487354040145874,
      0.7032949924468994,
      0.7578546404838562,
      0.812414288520813,
      0.866973876953125,
      0.9215335249900818,
      0.9760931134223938,
      1.0306527614593506,
      1.0852123498916626,
      1.1397719383239746,
      1.1943316459655762,
      1.2488912343978882,
      1.3034508228302002,
      1.3580105304718018,
      1.4125701189041138,
      1.4671297073364258,
      1.5216892957687378,
      1.5762490034103394,
      1.6308085918426514,
      1.6853681802749634,
      1.739927887916565,
      1.794487476348877,
      1.849047064781189,
      1.903606653213501,
      1.9581663608551025,
      2.012725830078125,
      2.0672855377197266,
      2.121845245361328,
      2.1764047145843506,
      2.230964422225952,
      2.2855241298675537,
      2.340083599090576,
      2.3946433067321777,
      2.4492030143737793,
      2.5037624835968018,
      2.5583221912384033,
      2.612881898880005,
      2.6674413681030273,
      2.722001075744629,
      2.7765605449676514,
      2.831120252609253,
      2.8856799602508545,
      2.940239429473877,
      2.9947991371154785,
      3.04935884475708,
      3.1039183139801025,
      3.158478021621704,
      3.2130377292633057,
      3.267597198486328,
      3.3221569061279297,
      3.3767166137695312,
      3.4312760829925537,
      3.4858357906341553,
      3.5403952598571777,
      3.5949549674987793,
      3.649514675140381,
      3.7040741443634033,
      3.758633852005005
    ]
  }
}