{
  "module": "patch_embed.block3_lif",
  "state_shape": [
    64,
    192,
    32,
    32
  ],
  "time_steps": 1,
  "numel_sampled": 199729,
  "mean": -0.4771556556224823,
  "std": 0.6008264422416687,
  "min": -3.7741215229034424,
  "max": 2.869595527648926,
  "quantiles": {
    "0.00": -3.7741215229034424,
    "0.01": -1.8986153602600098,
    "0.05": -1.4363768100738525,
    "0.10": -1.216664433479309,
    "0.25": -0.8654770851135254,
    "0.50": -0.4884681701660156,
    "0.75": -0.10288845747709274,
    "0.90": 0.2804740071296692,
    "0.95": 0.5324651002883911,
    "0.99": 1.044274926185608,
    "1.00": 2.869595527648926
  },
  "histogram": {
    "counts": [
      2,
      0,
      1,
      0,
      0,
      2,
      1,
      1,
      1,
      0,
      5,
      5,
      3,
      5,
      3,
      8,
      10,
      13,
      14,
      17,
      22,
      28,
      34,
      45,
      26,
      37,
      57,
      66,
      98,
      104,
      134,
      162,
      202,
      229,
      278,
      345,
      390,
      464,
      578,
      692,
      848,
      988,
      1092,
      1316,
      1590,
      1808,
      2132,
      2495,
      2777,
      3141,
      3520,
      4002,
      4293,
      4845,
      5156,
      5601,
      5996,
      6382,
      6891,
      6868,
      7074,
      7275,
      7394,
      7409,
      7456,
      7135,
      7017,
      6703,
      6471,
      6004,
      5446,
      5241,
      4776,
      4363,
      4046,
      3666,
      3175,
      2972,
      2606,
      2339,
      2038,
      1802,
      1551,
      1408,
      1213,
      1030,
      933,
      805,
      702,
      626,
      496,
      430,
      356,
      308,
      306,
      237,
      193,
      150,
      165,
      112,
      97,
      75,
      56,
      54,
      35,
      33,
      27,
      21,
      18,
      11,
      11,
      13,
      4,
      4,
      5,
      4,
      2,
      2,
      0,
      0,
      0,
      1,
      0,
      1,
      1,
      0,
      0,
      2
    ],
    "bin_edges": [
      -3.7741215229034424,
      -3.722217559814453,
      -3.6703133583068848,
      -3.6184093952178955,
      -3.5665054321289062,
      -3.514601230621338,
      -3.4626972675323486,
      -3.4107933044433594,
      -3.358889102935791,
      -3.3069851398468018,
      -3.2550811767578125,
      -3.2031772136688232,
      -3.151273012161255,
      -3.0993690490722656,
      -3.0474650859832764,
      -2.995560884475708,
      -2.9436569213867188,
      -2.8917529582977295,
      -2.839848756790161,
      -2.787944793701172,
      -2.7360408306121826,
      -2.6841366291046143,
      -2.632232666015625,
      -2.5803287029266357,
      -2.5284247398376465,
      -2.476520538330078,
      -2.424616575241089,
      -2.3727126121520996,
      -2.3208084106445312,
      -2.268904447555542,
      -2.2170004844665527,
      -2.1650962829589844,
      -2.113192319869995,
      -2.061288356781006,
      -2.0093841552734375,
      -1.9574801921844482,
      -1.905576229095459,
      -1.8536721467971802,
      -1.8017680644989014,
      -1.749864101409912,
      -1.6979600191116333,
      -1.6460559368133545,
      -1.5941519737243652,
      -1.5422478914260864,
      -1.4903438091278076,
      -1.4384398460388184,
      -1.3865357637405396,
      -1.3346318006515503,
      -1.2827277183532715,
      -1.2308236360549927,
      -1.1789196729660034,
      -1.1270155906677246,
      -1.0751116275787354,
      -1.0232075452804565,
      -0.9713034629821777,
      -0.9193994402885437,
      -0.8674954175949097,
      -0.8155913949012756,
      -0.7636873722076416,
      -0.7117832899093628,
      -0.6598792672157288,
      -0.6079752445220947,
      -0.5560711622238159,
      -0.5041671395301819,
      -0.45226287841796875,
      -0.4003588557243347,
      -0.3484548032283783,
      -0.2965507507324219,
      -0.24464672803878784,
      -0.19274269044399261,
      -0.1408386528491974,
      -0.08893461525440216,
      -0.037030577659606934,
      0.014873459935188293,
      0.06677749752998352,
      0.11868153512477875,
      0.17058557271957397,
      0.2224896103143692,
      0.27439364790916443,
      0.32629770040512085,
      0.3782017230987549,
      0.4301057457923889,
      0.48200979828834534,
      0.5339138507843018,
      0.5858178734779358,
      0.6377218961715698,
      0.6896259784698486,
      0.7415300011634827,
      0.7934340238571167,
      0.8453380465507507,
      0.8972420692443848,
      0.9491461515426636,
      1.0010502338409424,
      1.0529541969299316,
      1.1048582792282104,
      1.1567622423171997,
      1.2086663246154785,
      1.2605704069137573,
      1.3124743700027466,
      1.3643784523010254,
      1.4162824153900146,
      1.4681864976882935,
      1.5200905799865723,
      1.5719945430755615,
      1.6238986253738403,
      1.6758027076721191,
      1.7277066707611084,
      1.7796107530593872,
      1.831514835357666,
      1.8834187984466553,
      1.935322880744934,
      1.9872268438339233,
      2.039130926132202,
      2.0910348892211914,
      2.1429390907287598,
      2.194843053817749,
      2.2467470169067383,
      2.2986512184143066,
      2.350555181503296,
      2.402459144592285,
      2.4543633460998535,
      2.5062673091888428,
      2.558171272277832,
      2.6100752353668213,
      2.6619794368743896,
      2.713883399963379,
      2.765787363052368,
      2.8176915645599365,
      2.869595527648926
    ]
  }
}