{
  "module": "patch_embed.block1_lif",
  "state_shape": [
    64,
    48,
    32,
    32
  ],
  "time_steps": 1,
  "numel_sampled": 196608,
  "mean": 0.30454930663108826,
  "std": 0.742003321647644,
  "min": -5.716983318328857,
  "max": 7.066860675811768,
  "quantiles": {
    "0.00": -5.716983318328857,
    "0.01": -1.7236448526382446,
    "0.05": -0.9453297257423401,
    "0.10": -0.565069854259491,
    "0.25": -0.07117176800966263,
    "0.50": 0.33368903398513794,
    "0.75": 0.6827508211135864,
    "0.90": 1.1085559129714966,
    "0.95": 1.4540926218032837,
    "0.99": 2.4309937953948975,
    "1.00": 7.066860675811768
  },
  "histogram": {
    "counts": [
      2,
      0,
      0,
      0,
      0,
      0,
      0,
      1,
      1,
      1,
      1,
      1,
      1,
      1,
      2,
      3,
      3,
      3,
      2,
      6,
      5,
      7,
      11,
      12,
      12,
      13,
      20,
      20,
      31,
      40,
      61,
      61,
      85,
      102,
      130,
      211,
      224,
      261,
      255,
      385,
      485,
      634,
      699,
      858,
      1087,
      1283,
      1446,
      1769,
      1913,
      2426,
      3123,
      3555,
      4436,
      5088,
      6168,
      7583,
      9216,
      10857,
      11976,
      13325,
      14626,
      15518,
      14468,
      12081,
      9570,
      7855,
      6389,
      5023,
      4087,
      3201,
      2466,
      1942,
      1463,
      1310,
      1193,
      890,
      660,
      604,
      441,
      421,
      361,
      291,
      332,
      260,
      234,
      213,
      145,
      98,
      118,
      102,
      73,
      63,
      37,
      35,
      26,
      12,
      9,
      15,
      9,
      11,
      8,
      8,
      2,
      10,
      5,
      4,
      3,
      3,
      1,
      1,
      1,
      1,
      2,
      1,
      2,
      0,
      1,
      1,
      0,
      0,
      0,
      0,
      0,
      0,
      0,
      0,
      0,
      1
    ],
    "bin_edges": [
      -5.716983318328857,
      -5.617109298706055,
      -5.51723575592041,
      -5.417362213134766,
      -5.317488193511963,
      -5.21761417388916,
      -5.117740631103516,
      -5.017867088317871,
      -4.917993068695068,
      -4.818119049072266,
      -4.718245506286621,
      -4.618371963500977,
      -4.518497943878174,
      -4.418623924255371,
      -4.318750381469727,
      -4.218876838684082,
      -4.119002819061279,
      -4.019128799438477,
      -3.919255256652832,
      -3.8193814754486084,
      -3.7195076942443848,
      -3.619633913040161,
      -3.5197601318359375,
      -3.419886350631714,
      -3.3200125694274902,
      -3.2201387882232666,
      -3.120265007019043,
      -3.0203912258148193,
      -2.9205174446105957,
      -2.820643663406372,
      -2.7207698822021484,
      -2.620896100997925,
      -2.521022319793701,
      -2.4211485385894775,
      -2.321274757385254,
      -2.2214009761810303,
      -2.1215271949768066,
      -2.021653413772583,
      -1.9217796325683594,
      -1.8219058513641357,
      -1.722032070159912,
      -1.6221582889556885,
      -1.5222845077514648,
      -1.4224107265472412,
      -1.3225369453430176,
      -1.222663164138794,
      -1.1227893829345703,
      -1.0229156017303467,
      -0.923041820526123,
      -0.8231680393218994,
      -0.7232942581176758,
      -0.6234204769134521,
      -0.5235466957092285,
      -0.4236729145050049,
      -0.32379913330078125,
      -0.22392535209655762,
      -0.12405157089233398,
      -0.02417778968811035,
      0.07569599151611328,
      0.17556977272033691,
      0.27544355392456055,
      0.3753173351287842,
      0.4751911163330078,
      0.5750648975372314,
      0.6749386787414551,
      0.7748124599456787,
      0.8746862411499023,
      0.974560022354126,
      1.0744338035583496,
      1.1743075847625732,
      1.2741813659667969,
      1.3740551471710205,
      1.4739289283752441,
      1.5738027095794678,
      1.6736764907836914,
      1.773550271987915,
      1.8734240531921387,
      1.9732978343963623,
      2.073171615600586,
      2.1730453968048096,
      2.272919178009033,
      2.372792959213257,
      2.4726667404174805,
      2.572540521621704,
      2.6724143028259277,
      2.7722880840301514,
      2.872161865234375,
      2.9720356464385986,
      3.0719094276428223,
      3.171783208847046,
      3.2716569900512695,
      3.371530771255493,
      3.471404552459717,
      3.5712783336639404,
      3.671152114868164,
      3.7710258960723877,
      3.8708996772766113,
      3.970773458480835,
      4.070647239685059,
      4.170520782470703,
      4.270394802093506,
      4.370268821716309,
      4.470142364501953,
      4.570015907287598,
      4.6698899269104,
      4.769763946533203,
      4.869637489318848,
      4.969511032104492,
      5.069385051727295,
      5.169259071350098,
      5.269132614135742,
      5.369006156921387,
      5.4688801765441895,
      5.568754196166992,
      5.668627738952637,
      5.768501281738281,
      5.868375301361084,
      5.968249320983887,
      6.068122863769531,
      6.167996406555176,
      6.2678704261779785,
      6.367744445800781,
      6.467617988586426,
      6.56749153137207,
      6.667365550994873,
      6.767239570617676,
      6.86711311340332,
      6.966986656188965,
      7.066860675811768
    ]
  }
}