{
  "module": "patch_embed.block4_lif",
  "state_shape": [
    64,
    384,
    16,
    16
  ],
  "time_steps": 1,
  "numel_sampled": 196608,
  "mean": -0.2139759212732315,
  "std": 0.5752661228179932,
  "min": -3.476431369781494,
  "max": 2.2950637340545654,
  "quantiles": {
    "0.00": -3.476431369781494,
    "0.01": -1.636773705482483,
    "0.05": -1.1625745296478271,
    "0.10": -0.9384370446205139,
    "0.25": -0.5820357203483582,
    "0.50": -0.21002042293548584,
    "0.75": 0.16282030940055847,
    "0.90": 0.5114098191261292,
    "0.95": 0.7246168851852417,
    "0.99": 1.1388190984725952,
    "1.00": 2.2950637340545654
  },
  "histogram": {
    "counts": [
      1,
      0,
      2,
      0,
      0,
      0,
      0,
      0,
      2,
      1,
      2,
      2,
      4,
      3,
      1,
      3,
      4,
      8,
      4,
      11,
      8,
      12,
      8,
      19,
      24,
      25,
      28,
      35,
      50,
      43,
      59,
      76,
      97,
      116,
      118,
      127,
      165,
      190,
      229,
      237,
      310,
      354,
      394,
      479,
      558,
      674,
      733,
      823,
      988,
      1119,
      1264,
      1434,
      1696,
      1873,
      2125,
      2425,
      2597,
      2964,
      3152,
      3522,
      3774,
      4150,
      4446,
      4667,
      4997,
      5324,
      5593,
      5979,
      6204,
      6424,
      6453,
      6339,
      6424,
      6474,
      6306,
      6276,
      5975,
      5800,
      5653,
      5340,
      5075,
      4842,
      4531,
      4082,
      3874,
      3473,
      3225,
      2854,
      2675,
      2432,
      2127,
      1837,
      1681,
      1492,
      1232,
      1139,
      979,
      839,
      723,
      643,
      486,
      459,
      392,
      322,
      286,
      244,
      190,
      144,
      108,
      104,
      74,
      47,
      38,
      42,
      30,
      21,
      22,
      10,
      6,
      7,
      4,
      5,
      2,
      6,
      4,
      1,
      0,
      3
    ],
    "bin_edges": [
      -3.476431369781494,
      -3.4313416481018066,
      -3.38625168800354,
      -3.3411619663238525,
      -3.296072244644165,
      -3.2509822845458984,
      -3.205892562866211,
      -3.1608028411865234,
      -3.115712881088257,
      -3.0706231594085693,
      -3.025533437728882,
      -2.9804434776306152,
      -2.9353537559509277,
      -2.8902640342712402,
      -2.8451740741729736,
      -2.800084352493286,
      -2.7549943923950195,
      -2.709904670715332,
      -2.6648149490356445,
      -2.619724988937378,
      -2.5746352672576904,
      -2.529545545578003,
      -2.4844555854797363,
      -2.439365863800049,
      -2.3942761421203613,
      -2.3491861820220947,
      -2.3040964603424072,
      -2.2590067386627197,
      -2.213916778564453,
      -2.1688270568847656,
      -2.123737335205078,
      -2.0786473751068115,
      -2.033557653427124,
      -1.988467812538147,
      -1.9433780908584595,
      -1.8982882499694824,
      -1.8531984090805054,
      -1.8081086874008179,
      -1.7630188465118408,
      -1.7179290056228638,
      -1.6728391647338867,
      -1.6277494430541992,
      -1.5826596021652222,
      -1.5375697612762451,
      -1.4924800395965576,
      -1.4473901987075806,
      -1.4023003578186035,
      -1.357210636138916,
      -1.312120795249939,
      -1.267030954360962,
      -1.2219412326812744,
      -1.1768513917922974,
      -1.1317615509033203,
      -1.0866718292236328,
      -1.0415819883346558,
      -0.9964921474456787,
      -0.9514023661613464,
      -0.9063125848770142,
      -0.8612227439880371,
      -0.8161329627037048,
      -0.7710431814193726,
      -0.7259533405303955,
      -0.6808635592460632,
      -0.6357737183570862,
      -0.5906836986541748,
      -0.5455939173698425,
      -0.5005040764808655,
      -0.4554142951965332,
      -0.41032448410987854,
      -0.3652346730232239,
      -0.3201448917388916,
      -0.27505508065223694,
      -0.22996526956558228,
      -0.1848754584789276,
      -0.13978566229343414,
      -0.09469585865736008,
      -0.04960605502128601,
      -0.004516251385211945,
      0.04057355225086212,
      0.08566335588693619,
      0.13075315952301025,
      0.17584297060966492,
      0.2209327667951584,
      0.26602256298065186,
      0.3111123740673065,
      0.3562021851539612,
      0.40129196643829346,
      0.4463817775249481,
      0.4914715886116028,
      0.5365613698959351,
      0.5816512107849121,
      0.6267409920692444,
      0.6718307733535767,
      0.7169206142425537,
      0.762010395526886,
      0.807100236415863,
      0.8521900177001953,
      0.8972797989845276,
      0.9423696398735046,
      0.9874594211578369,
      1.032549262046814,
      1.0776389837265015,
      1.1227288246154785,
      1.1678186655044556,
      1.2129085063934326,
      1.2579982280731201,
      1.3030880689620972,
      1.3481779098510742,
      1.3932676315307617,
      1.4383574724197388,
      1.4834473133087158,
      1.5285370349884033,
      1.5736268758773804,
      1.6187167167663574,
      1.663806438446045,
      1.708896279335022,
      1.753986120223999,
      1.7990758419036865,
      1.8441656827926636,
      1.8892555236816406,
      1.9343452453613281,
      1.9794350862503052,
      2.0245249271392822,
      2.0696146488189697,
      2.1147046089172363,
      2.159794330596924,
      2.2048840522766113,
      2.249974012374878,
      2.2950637340545654
    ]
  }
}