{
  "module": "patch_embed.block2_lif",
  "state_shape": [
    64,
    96,
    32,
    32
  ],
  "time_steps": 1,
  "numel_sampled": 196608,
  "mean": 0.08624055981636047,
  "std": 0.6948516368865967,
  "min": -3.399669885635376,
  "max": 3.5353550910949707,
  "quantiles": {
    "0.00": -3.399669885635376,
    "0.01": -1.6907390356063843,
    "0.05": -1.0859776735305786,
    "0.10": -0.795644223690033,
    "0.25": -0.34679457545280457,
    "0.50": 0.11132027208805084,
    "0.75": 0.5329368710517883,
    "0.90": 0.9308621883392334,
    "0.95": 1.1856509447097778,
    "0.99": 1.7400741577148438,
    "1.00": 3.5353550910949707
  },
  "histogram": {
    "counts": [
      1,
      3,
      1,
      0,
      2,
      4,
      1,
      4,
      6,
      5,
      13,
      14,
      18,
      15,
      23,
      23,
      30,
      41,
      43,
      41,
      57,
      67,
      79,
      69,
      99,
      108,
      148,
      182,
      222,
      212,
      287,
      310,
      364,
      429,
      481,
      540,
      616,
      696,
      793,
      872,
      955,
      1071,
      1285,
      1451,
      1607,
      1908,
      2005,
      2297,
      2527,
      2746,
      2906,
      3339,
      3566,
      4009,
      4299,
      4587,
      4896,
      5102,
      5528,
      5594,
      5910,
      5937,
      6222,
      6336,
      6633,
      6538,
      6461,
      6587,
      6538,
      6260,
      6137,
      5962,
      5499,
      5115,
      4771,
      4210,
      3905,
      3571,
      3123,
      2839,
      2679,
      2207,
      1997,
      1761,
      1566,
      1310,
      1080,
      949,
      804,
      724,
      637,
      547,
      477,
      431,
      367,
      345,
      303,
      229,
      171,
      145,
      142,
      114,
      104,
      68,
      77,
      53,
      32,
      22,
      29,
      13,
      14,
      14,
      9,
      8,
      6,
      6,
      4,
      3,
      3,
      1,
      2,
      1,
      1,
      1,
      0,
      0,
      0,
      1
    ],
    "bin_edges": [
      -3.399669885635376,
      -3.345489978790283,
      -3.2913100719451904,
      -3.2371301651000977,
      -3.182950258255005,
      -3.128770351409912,
      -3.0745906829833984,
      -3.0204107761383057,
      -2.966230869293213,
      -2.91205096244812,
      -2.8578710556030273,
      -2.8036911487579346,
      -2.749511241912842,
      -2.695331335067749,
      -2.6411514282226562,
      -2.5869715213775635,
      -2.5327916145324707,
      -2.478611946105957,
      -2.4244320392608643,
      -2.3702521324157715,
      -2.3160722255706787,
      -2.261892318725586,
      -2.207712411880493,
      -2.1535325050354004,
      -2.0993525981903076,
      -2.045172691345215,
      -1.9909929037094116,
      -1.9368129968643188,
      -1.882633090019226,
      -1.8284531831741333,
      -1.77427339553833,
      -1.7200934886932373,
      -1.6659135818481445,
      -1.6117336750030518,
      -1.557553768157959,
      -1.5033739805221558,
      -1.449194073677063,
      -1.3950141668319702,
      -1.3408342599868774,
      -1.2866543531417847,
      -1.2324745655059814,
      -1.1782946586608887,
      -1.124114751815796,
      -1.0699348449707031,
      -1.0157549381256104,
      -0.9615750908851624,
      -0.9073951840400696,
      -0.8532153367996216,
      -0.7990354299545288,
      -0.744855523109436,
      -0.690675675868988,
      -0.6364957690238953,
      -0.5823159217834473,
      -0.5281360149383545,
      -0.4739561080932617,
      -0.41977623105049133,
      -0.36559635400772095,
      -0.31141647696495056,
      -0.2572365999221802,
      -0.2030566930770874,
      -0.14887681603431702,
      -0.09469693154096603,
      -0.04051704704761505,
      0.013662837445735931,
      0.06784248352050781,
      0.1220223680138588,
      0.17620225250720978,
      0.23038214445114136,
      0.28456202149391174,
      0.33874189853668213,
      0.3929218053817749,
      0.4471016824245453,
      0.5012815594673157,
      0.5554614663124084,
      0.6096413135528564,
      0.6638212203979492,
      0.718001127243042,
      0.77218097448349,
      0.8263608813285828,
      0.8805407285690308,
      0.9347206354141235,
      0.9889005422592163,
      1.043080449104309,
      1.0972602367401123,
      1.151440143585205,
      1.2056200504302979,
      1.2597999572753906,
      1.3139798641204834,
      1.3681597709655762,
      1.4223395586013794,
      1.4765194654464722,
      1.530699372291565,
      1.5848792791366577,
      1.6390591859817505,
      1.6932389736175537,
      1.7474188804626465,
      1.8015987873077393,
      1.855778694152832,
      1.9099586009979248,
      1.964138388633728,
      2.0183184146881104,
      2.072498321533203,
      2.126677989959717,
      2.1808578968048096,
      2.2350378036499023,
      2.289217710494995,
      2.343397617340088,
      2.3975775241851807,
      2.4517574310302734,
      2.505937337875366,
      2.560117244720459,
      2.6142971515655518,
      2.6684770584106445,
      2.722656726837158,
      2.776836633682251,
      2.8310165405273438,
      2.8851964473724365,
      2.9393763542175293,
      2.993556261062622,
      3.047736167907715,
      3.1019160747528076,
      3.1560959815979004,
      3.210275888442993,
      3.264455556869507,
      3.3186354637145996,
      3.3728153705596924,
      3.426995277404785,
      3.481175184249878,
      3.5353550910949707
    ]
  }
}