{
  "module": "block.3.attn.v_lif",
  "state_shape": [
    64,
    384,
    64
  ],
  "time_steps": 1,
  "numel_sampled": 196608,
  "mean": -0.05490671098232269,
  "std": 0.8319026231765747,
  "min": -3.1599457263946533,
  "max": 3.7650837898254395,
  "quantiles": {
    "0.00": -3.1599457263946533,
    "0.01": -1.7723066806793213,
    "0.05": -1.3098641633987427,
    "0.10": -1.0669302940368652,
    "0.25": -0.6427372097969055,
    "0.50": -0.12268286943435669,
    "0.75": 0.48371270298957825,
    "0.90": 1.0634145736694336,
    "0.95": 1.411824345588684,
    "0.99": 2.057767629623413,
    "1.00": 3.7650837898254395
  },
  "histogram": {
    "counts": [
      5,
      0,
      0,
      1,
      0,
      3,
      5,
      2,
      5,
      5,
      16,
      12,
      19,
      26,
      30,
      53,
      71,
      82,
      114,
      128,
      143,
      176,
      228,
      259,
      344,
      374,
      492,
      561,
      722,
      854,
      941,
      1099,
      1316,
      1442,
      1715,
      1924,
      2181,
      2466,
      2639,
      3075,
      3241,
      3534,
      3664,
      4085,
      4242,
      4405,
      4653,
      4907,
      5025,
      5130,
      5217,
      5149,
      5237,
      5241,
      5220,
      5120,
      5015,
      4889,
      4793,
      4754,
      4451,
      4480,
      4378,
      4177,
      4152,
      3817,
      3710,
      3492,
      3403,
      3218,
      3044,
      2988,
      2838,
      2677,
      2416,
      2275,
      2171,
      2055,
      1900,
      1717,
      1628,
      1415,
      1412,
      1339,
      1177,
      1082,
      952,
      900,
      810,
      686,
      588,
      535,
      474,
      449,
      326,
      326,
      303,
      241,
      220,
      189,
      150,
      145,
      133,
      108,
      95,
      86,
      73,
      53,
      42,
      41,
      50,
      30,
      30,
      27,
      27,
      15,
      5,
      10,
      5,
      2,
      8,
      4,
      1,
      3,
      1,
      2,
      1,
      1
    ],
    "bin_edges": [
      -3.1599457263946533,
      -3.105844020843506,
      -3.0517420768737793,
      -2.997640371322632,
      -2.9435386657714844,
      -2.889436721801758,
      -2.8353350162506104,
      -2.781233072280884,
      -2.7271313667297363,
      -2.673029661178589,
      -2.6189277172088623,
      -2.564826011657715,
      -2.5107240676879883,
      -2.456622362136841,
      -2.4025206565856934,
      -2.348418712615967,
      -2.2943170070648193,
      -2.240215301513672,
      -2.1861133575439453,
      -2.132011651992798,
      -2.0779099464416504,
      -2.023808002471924,
      -1.9697062969207764,
      -1.9156044721603394,
      -1.8615026473999023,
      -1.8074008226394653,
      -1.7532989978790283,
      -1.6991972923278809,
      -1.6450954675674438,
      -1.5909936428070068,
      -1.5368919372558594,
      -1.4827901124954224,
      -1.4286882877349854,
      -1.3745864629745483,
      -1.3204846382141113,
      -1.2663829326629639,
      -1.2122811079025269,
      -1.1581792831420898,
      -1.1040775775909424,
      -1.0499757528305054,
      -0.9958739280700684,
      -0.9417721033096313,
      -0.8876703381538391,
      -0.8335685729980469,
      -0.7794667482376099,
      -0.7253649234771729,
      -0.6712631583213806,
      -0.6171613931655884,
      -0.5630595684051514,
      -0.5089577436447144,
      -0.4548559784889221,
      -0.4007541835308075,
      -0.34665238857269287,
      -0.29255059361457825,
      -0.23844879865646362,
      -0.184347003698349,
      -0.13024520874023438,
      -0.07614341378211975,
      -0.022041618824005127,
      0.0320601761341095,
      0.08616197109222412,
      0.14026376605033875,
      0.19436556100845337,
      0.248467355966568,
      0.3025689125061035,
      0.35667070746421814,
      0.41077250242233276,
      0.4648742973804474,
      0.518976092338562,
      0.573077917098999,
      0.6271796822547913,
      0.6812814474105835,
      0.7353832721710205,
      0.7894850969314575,
      0.8435868620872498,
      0.897688627243042,
      0.951790452003479,
      1.005892276763916,
      1.0599939823150635,
      1.1140958070755005,
      1.1681976318359375,
      1.2222994565963745,
      1.2764012813568115,
      1.330502986907959,
      1.384604811668396,
      1.438706636428833,
      1.4928083419799805,
      1.5469101667404175,
      1.6010119915008545,
      1.6551138162612915,
      1.7092156410217285,
      1.763317346572876,
      1.817419171333313,
      1.87152099609375,
      1.9256227016448975,
      1.9797245264053345,
      2.0338263511657715,
      2.087928056716919,
      2.1420300006866455,
      2.196131706237793,
      2.2502336502075195,
      2.304335355758667,
      2.3584370613098145,
      2.412539005279541,
      2.4666407108306885,
      2.520742416381836,
      2.5748443603515625,
      2.62894606590271,
      2.6830477714538574,
      2.737149715423584,
      2.7912514209747314,
      2.845353364944458,
      2.8994550704956055,
      2.953556776046753,
      3.0076587200164795,
      3.061760425567627,
      3.1158623695373535,
      3.169964075088501,
      3.2240657806396484,
      3.278167724609375,
      3.3322694301605225,
      3.38637113571167,
      3.4404730796813965,
      3.494574785232544,
      3.5486764907836914,
      3.602778434753418,
      3.6568801403045654,
      3.710982084274292,
      3.7650837898254395
    ]
  }
}