{
  "module": "block.1.conv2.mlp1_lif",
  "state_shape": [
    64,
    384,
    8,
    8
  ],
  "time_steps": 1,
  "numel_sampled": 196608,
  "mean": -0.238342747092247,
  "std": 1.0069526433944702,
  "min": -4.393484115600586,
  "max": 4.5626349449157715,
  "quantiles": {
    "0.00": -4.393484115600586,
    "0.01": -2.543666124343872,
    "0.05": -1.8780608177185059,
    "0.10": -1.5197641849517822,
    "0.25": -0.9207055568695068,
    "0.50": -0.24962258338928223,
    "0.75": 0.43461984395980835,
    "0.90": 1.0589219331741333,
    "0.95": 1.4394190311431885,
    "0.99": 2.14536452293396,
    "1.00": 4.5626349449157715
  },
  "histogram": {
    "counts": [
      1,
      2,
      0,
      2,
      1,
      6,
      12,
      8,
      11,
      9,
      14,
      25,
      37,
      41,
      29,
      52,
      50,
      67,
      80,
      100,
      130,
      179,
      160,
      207,
      260,
      310,
      383,
      444,
      535,
      642,
      674,
      789,
      967,
      1100,
      1232,
      1344,
      1463,
      1792,
      1951,
      2104,
      2280,
      2471,
      2782,
      2989,
      3204,
      3538,
      3694,
      3958,
      4230,
      4396,
      4589,
      4815,
      4977,
      4940,
      5258,
      5397,
      5559,
      5410,
      5412,
      5469,
      5397,
      5366,
      5327,
      5343,
      5013,
      4782,
      4660,
      4602,
      4378,
      4184,
      3972,
      3681,
      3520,
      3261,
      3123,
      2896,
      2583,
      2439,
      2227,
      2061,
      1845,
      1610,
      1397,
      1384,
      1199,
      1061,
      968,
      840,
      712,
      659,
      539,
      472,
      405,
      333,
      315,
      266,
      190,
      176,
      164,
      112,
      112,
      80,
      74,
      50,
      56,
      40,
      43,
      19,
      20,
      17,
      13,
      6,
      3,
      5,
      6,
      6,
      4,
      0,
      3,
      0,
      1,
      1,
      0,
      2,
      0,
      2,
      1,
      1
    ],
    "bin_edges": [
      -4.393484115600586,
      -4.323514461517334,
      -4.253544807434082,
      -4.18357515335083,
      -4.113605499267578,
      -4.043635845184326,
      -3.973665952682495,
      -3.903696298599243,
      -3.833726644515991,
      -3.7637569904327393,
      -3.6937873363494873,
      -3.6238176822662354,
      -3.5538477897644043,
      -3.4838781356811523,
      -3.4139084815979004,
      -3.3439388275146484,
      -3.2739691734313965,
      -3.2039995193481445,
      -3.1340298652648926,
      -3.0640602111816406,
      -2.9940905570983887,
      -2.9241206645965576,
      -2.8541510105133057,
      -2.7841813564300537,
      -2.7142117023468018,
      -2.64424204826355,
      -2.574272394180298,
      -2.504302740097046,
      -2.434332847595215,
      -2.364363193511963,
      -2.294393539428711,
      -2.224423885345459,
      -2.154454231262207,
      -2.084484577178955,
      -2.014514923095703,
      -1.9445451498031616,
      -1.8745754957199097,
      -1.8046058416366577,
      -1.7346360683441162,
      -1.6646664142608643,
      -1.5946967601776123,
      -1.5247271060943604,
      -1.4547574520111084,
      -1.384787678718567,
      -1.314818024635315,
      -1.244848370552063,
      -1.1748785972595215,
      -1.1049089431762695,
      -1.0349392890930176,
      -0.9649696350097656,
      -0.8949999213218689,
      -0.8250302076339722,
      -0.7550605535507202,
      -0.6850908994674683,
      -0.6151211857795715,
      -0.5451514720916748,
      -0.47518181800842285,
      -0.4052121341228485,
      -0.33524245023727417,
      -0.26527276635169983,
      -0.1953030824661255,
      -0.12533339858055115,
      -0.05536371469497681,
      0.014605969190597534,
      0.08457517623901367,
      0.154544860124588,
      0.22451454401016235,
      0.2944842278957367,
      0.36445391178131104,
      0.4344235956668854,
      0.5043932795524597,
      0.5743629932403564,
      0.6443326473236084,
      0.7143023014068604,
      0.7842720150947571,
      0.8542417287826538,
      0.9242113828659058,
      0.9941810369491577,
      1.0641508102416992,
      1.1341204643249512,
      1.2040901184082031,
      1.274059772491455,
      1.344029426574707,
      1.4139991998672485,
      1.4839688539505005,
      1.5539385080337524,
      1.623908281326294,
      1.693877935409546,
      1.7638475894927979,
      1.8338172435760498,
      1.9037868976593018,
      1.9737566709518433,
      2.0437264442443848,
      2.1136960983276367,
      2.1836657524108887,
      2.2536354064941406,
      2.3236050605773926,
      2.3935747146606445,
      2.4635443687438965,
      2.5335140228271484,
      2.6034836769104004,
      2.6734535694122314,
      2.7434232234954834,
      2.8133928775787354,
      2.8833625316619873,
      2.9533321857452393,
      3.023301839828491,
      3.093271493911743,
      3.163241386413574,
      3.233211040496826,
      3.303180694580078,
      3.37315034866333,
      3.443120002746582,
      3.513089656829834,
      3.583059310913086,
      3.653028964996338,
      3.72299861907959,
      3.792968511581421,
      3.862938165664673,
      3.932907819747925,
      4.002877235412598,
      4.072847366333008,
      4.14281702041626,
      4.212786674499512,
      4.282756328582764,
      4.352725982666016,
      4.422695636749268,
      4.4926652908325195,
      4.5626349449157715
    ]
  }
}