{
  "module": "block.1.mlp.mlp1_lif",
  "state_shape": [
    64,
    384,
    8,
    8
  ],
  "time_steps": 1,
  "numel_sampled": 196608,
  "mean": -0.04180460795760155,
  "std": 0.8022441267967224,
  "min": -3.845926523208618,
  "max": 4.080422401428223,
  "quantiles": {
    "0.00": -3.845926523208618,
    "0.01": -1.9068915843963623,
    "0.05": -1.3559105396270752,
    "0.10": -1.0659147500991821,
    "0.25": -0.5763508677482605,
    "0.50": -0.04437630623579025,
    "0.75": 0.49010446667671204,
    "0.90": 0.9804437160491943,
    "0.95": 1.2815643548965454,
    "0.99": 1.8643568754196167,
    "1.00": 4.080422401428223
  },
  "histogram": {
    "counts": [
      1,
      0,
      0,
      1,
      0,
      1,
      3,
      2,
      4,
      2,
      2,
      7,
      7,
      2,
      9,
      14,
      18,
      24,
      32,
      42,
      45,
      54,
      68,
      76,
      100,
      123,
      151,
      198,
      220,
      304,
      333,
      418,
      464,
      592,
      656,
      852,
      932,
      1077,
      1256,
      1421,
      1559,
      1845,
      2123,
      2341,
      2594,
      2769,
      3070,
      3310,
      3552,
      3956,
      4247,
      4482,
      4822,
      5125,
      5354,
      5602,
      5526,
      5904,
      5880,
      6155,
      6198,
      6307,
      6226,
      5981,
      5864,
      5791,
      5531,
      5399,
      5375,
      4968,
      4732,
      4377,
      4205,
      3831,
      3482,
      3331,
      2985,
      2782,
      2366,
      2169,
      2002,
      1773,
      1643,
      1367,
      1216,
      1092,
      947,
      771,
      659,
      567,
      499,
      403,
      347,
      289,
      260,
      206,
      176,
      129,
      114,
      103,
      70,
      78,
      57,
      46,
      40,
      26,
      29,
      16,
      17,
      10,
      4,
      11,
      2,
      2,
      4,
      1,
      2,
      0,
      0,
      0,
      0,
      0,
      0,
      1,
      1,
      0,
      0,
      1
    ],
    "bin_edges": [
      -3.845926523208618,
      -3.7840018272399902,
      -3.7220773696899414,
      -3.6601526737213135,
      -3.5982282161712646,
      -3.5363035202026367,
      -3.474378824234009,
      -3.41245436668396,
      -3.350529670715332,
      -3.288605213165283,
      -3.2266805171966553,
      -3.1647558212280273,
      -3.1028313636779785,
      -3.0409066677093506,
      -2.9789822101593018,
      -2.917057514190674,
      -2.855133056640625,
      -2.793208360671997,
      -2.731283664703369,
      -2.6693592071533203,
      -2.6074345111846924,
      -2.5455100536346436,
      -2.4835853576660156,
      -2.4216606616973877,
      -2.359736204147339,
      -2.297811508178711,
      -2.235887050628662,
      -2.173962354660034,
      -2.1120376586914062,
      -2.0501132011413574,
      -1.9881885051727295,
      -1.9262639284133911,
      -1.8643393516540527,
      -1.8024147748947144,
      -1.740490198135376,
      -1.678565502166748,
      -1.6166409254074097,
      -1.5547163486480713,
      -1.492791771888733,
      -1.4308671951293945,
      -1.3689424991607666,
      -1.3070179224014282,
      -1.2450933456420898,
      -1.1831687688827515,
      -1.121244192123413,
      -1.0593196153640747,
      -0.9973949790000916,
      -0.9354703426361084,
      -0.87354576587677,
      -0.8116211891174316,
      -0.7496965527534485,
      -0.6877719759941101,
      -0.625847339630127,
      -0.5639227628707886,
      -0.5019981861114502,
      -0.44007357954978943,
      -0.37814897298812866,
      -0.3162243664264679,
      -0.25429975986480713,
      -0.19237518310546875,
      -0.13045057654380798,
      -0.06852597743272781,
      -0.006601378321647644,
      0.055323220789432526,
      0.1172480583190918,
      0.17917266488075256,
      0.24109725654125214,
      0.3030218482017517,
      0.3649464547634125,
      0.42687106132507324,
      0.4887956380844116,
      0.5507202744483948,
      0.6126448512077332,
      0.6745694279670715,
      0.7364940643310547,
      0.7984186410903931,
      0.8603432178497314,
      0.9222678542137146,
      0.984192430973053,
      1.0461170673370361,
      1.1080416440963745,
      1.169966220855713,
      1.2318907976150513,
      1.2938154935836792,
      1.3557400703430176,
      1.417664647102356,
      1.4795892238616943,
      1.5415138006210327,
      1.603438377380371,
      1.665363073348999,
      1.7272876501083374,
      1.7892122268676758,
      1.8511368036270142,
      1.9130613803863525,
      1.9749860763549805,
      2.0369105339050293,
      2.0988352298736572,
      2.160759925842285,
      2.222684383392334,
      2.284609079360962,
      2.3465335369110107,
      2.4084582328796387,
      2.4703829288482666,
      2.5323073863983154,
      2.5942320823669434,
      2.656156539916992,
      2.71808123588562,
      2.780005931854248,
      2.841930389404297,
      2.903855085372925,
      2.9657795429229736,
      3.0277042388916016,
      3.0896286964416504,
      3.1515533924102783,
      3.2134780883789062,
      3.275402545928955,
      3.337327241897583,
      3.399251699447632,
      3.4611763954162598,
      3.5231010913848877,
      3.5850255489349365,
      3.6469502449035645,
      3.7088747024536133,
      3.770799398422241,
      3.832724094390869,
      3.894648551940918,
      3.956573247909546,
      4.018497943878174,
      4.080422401428223
    ]
  }
}