{
  "module": "block.1.attn.v_lif",
  "state_shape": [
    64,
    384,
    64
  ],
  "time_steps": 1,
  "numel_sampled": 196608,
  "mean": -0.1003238782286644,
  "std": 1.0112882852554321,
  "min": -5.737446308135986,
  "max": 5.017120838165283,
  "quantiles": {
    "0.00": -5.737446308135986,
    "0.01": -2.429434299468994,
    "0.05": -1.710889458656311,
    "0.10": -1.3566938638687134,
    "0.25": -0.779873251914978,
    "0.50": -0.12497088313102722,
    "0.75": 0.5614581108093262,
    "0.90": 1.1944222450256348,
    "0.95": 1.5825984477996826,
    "0.99": 2.354851722717285,
    "1.00": 5.017120838165283
  },
  "histogram": {
    "counts": [
      2,
      0,
      1,
      0,
      0,
      0,
      1,
      0,
      2,
      1,
      1,
      4,
      2,
      2,
      1,
      4,
      3,
      4,
      7,
      8,
      10,
      13,
      12,
      17,
      26,
      24,
      29,
      45,
      41,
      65,
      73,
      74,
      106,
      109,
      139,
      195,
      201,
      290,
      315,
      372,
      492,
      619,
      738,
      779,
      939,
      1200,
      1385,
      1608,
      1821,
      2081,
      2540,
      2829,
      3216,
      3483,
      3866,
      4384,
      4699,
      4977,
      5267,
      5654,
      5984,
      6086,
      6373,
      6525,
      6522,
      6660,
      6654,
      6551,
      6406,
      6323,
      6159,
      5934,
      5734,
      5649,
      5272,
      4847,
      4626,
      4360,
      3978,
      3675,
      3357,
      3102,
      2741,
      2513,
      2193,
      1917,
      1676,
      1414,
      1334,
      1100,
      948,
      822,
      745,
      625,
      512,
      442,
      352,
      278,
      234,
      200,
      166,
      160,
      114,
      109,
      91,
      75,
      47,
      53,
      39,
      21,
      27,
      13,
      12,
      17,
      14,
      8,
      11,
      9,
      5,
      1,
      3,
      5,
      2,
      3,
      1,
      1,
      1,
      1
    ],
    "bin_edges": [
      -5.737446308135986,
      -5.653426170349121,
      -5.569406032562256,
      -5.485386371612549,
      -5.401366233825684,
      -5.317346096038818,
      -5.233325958251953,
      -5.149305820465088,
      -5.065285682678223,
      -4.981266021728516,
      -4.89724588394165,
      -4.813225746154785,
      -4.72920560836792,
      -4.645185470581055,
      -4.5611653327941895,
      -4.477145671844482,
      -4.393125534057617,
      -4.309105396270752,
      -4.225085258483887,
      -4.1410651206970215,
      -4.057044982910156,
      -3.97302508354187,
      -3.889005184173584,
      -3.8049850463867188,
      -3.7209649085998535,
      -3.6369450092315674,
      -3.552924871444702,
      -3.468904733657837,
      -3.384884834289551,
      -3.3008646965026855,
      -3.2168445587158203,
      -3.132824659347534,
      -3.048804521560669,
      -2.9647843837738037,
      -2.8807644844055176,
      -2.7967443466186523,
      -2.712724208831787,
      -2.628704309463501,
      -2.5446841716766357,
      -2.4606640338897705,
      -2.3766441345214844,
      -2.292623996734619,
      -2.208603858947754,
      -2.1245839595794678,
      -2.0405638217926025,
      -1.9565438032150269,
      -1.8725237846374512,
      -1.788503646850586,
      -1.7044836282730103,
      -1.6204636096954346,
      -1.5364434719085693,
      -1.4524234533309937,
      -1.368403434753418,
      -1.2843832969665527,
      -1.200363278388977,
      -1.1163432598114014,
      -1.0323231220245361,
      -0.9483031034469604,
      -0.8642830848693848,
      -0.7802630066871643,
      -0.6962429285049438,
      -0.6122229099273682,
      -0.5282028317451477,
      -0.44418278336524963,
      -0.36016273498535156,
      -0.2761426866054535,
      -0.19212262332439423,
      -0.10810256749391556,
      -0.02408251166343689,
      0.05993754416704178,
      0.14395759999752045,
      0.2279776632785797,
      0.3119977116584778,
      0.39601776003837585,
      0.4800378084182739,
      0.5640578866004944,
      0.6480779647827148,
      0.7320979833602905,
      0.816118061542511,
      0.9001380801200867,
      0.9841581583023071,
      1.0681781768798828,
      1.152198314666748,
      1.2362183332443237,
      1.3202383518218994,
      1.4042584896087646,
      1.4882785081863403,
      1.572298526763916,
      1.6563186645507812,
      1.740338683128357,
      1.8243587017059326,
      1.9083787202835083,
      1.9923988580703735,
      2.076418876647949,
      2.1604390144348145,
      2.2444589138031006,
      2.328479051589966,
      2.412499189376831,
      2.496519088745117,
      2.5805392265319824,
      2.6645593643188477,
      2.748579263687134,
      2.832599401473999,
      2.9166195392608643,
      3.0006394386291504,
      3.0846595764160156,
      3.168679714202881,
      3.252699613571167,
      3.3367197513580322,
      3.4207398891448975,
      3.5047597885131836,
      3.588779926300049,
      3.672800064086914,
      3.7568199634552,
      3.8408401012420654,
      3.9248600006103516,
      4.008880138397217,
      4.092900276184082,
      4.176920413970947,
      4.2609405517578125,
      4.3449602127075195,
      4.428980350494385,
      4.51300048828125,
      4.597020626068115,
      4.6810407638549805,
      4.765060901641846,
      4.849080562591553,
      4.933100700378418,
      5.017120838165283
    ]
  }
}