{
  "module": "block.2.attn.v_lif",
  "state_shape": [
    64,
    384,
    64
  ],
  "time_steps": 1,
  "numel_sampled": 196608,
  "mean": 0.02803213894367218,
  "std": 1.0159600973129272,
  "min": -4.736105918884277,
  "max": 4.767354965209961,
  "quantiles": {
    "0.00": -4.736105918884277,
    "0.01": -2.2540814876556396,
    "0.05": -1.5938756465911865,
    "0.10": -1.2460259199142456,
    "0.25": -0.6610482931137085,
    "0.50": -0.0004426305531524122,
    "0.75": 0.6948561072349548,
    "0.90": 1.3373109102249146,
    "0.95": 1.744786262512207,
    "0.99": 2.5065536499023438,
    "1.00": 4.767354965209961
  },
  "histogram": {
    "counts": [
      1,
      0,
      1,
      1,
      1,
      1,
      2,
      2,
      2,
      3,
      1,
      8,
      5,
      5,
      6,
      15,
      14,
      13,
      24,
      26,
      22,
      40,
      59,
      56,
      73,
      76,
      85,
      155,
      147,
      185,
      209,
      262,
      306,
      387,
      476,
      551,
      702,
      764,
      910,
      1079,
      1247,
      1439,
      1554,
      1842,
      1953,
      2347,
      2592,
      2739,
      3075,
      3444,
      3641,
      3866,
      4231,
      4398,
      4679,
      4780,
      5183,
      5464,
      5424,
      5728,
      5781,
      5773,
      5943,
      5661,
      5702,
      5572,
      5634,
      5513,
      5419,
      5244,
      4973,
      4784,
      4572,
      4371,
      4150,
      3781,
      3587,
      3396,
      3201,
      2927,
      2687,
      2442,
      2219,
      1894,
      1806,
      1604,
      1430,
      1323,
      1232,
      1043,
      927,
      851,
      678,
      662,
      525,
      449,
      397,
      341,
      263,
      254,
      203,
      195,
      155,
      133,
      116,
      88,
      65,
      51,
      55,
      39,
      39,
      36,
      22,
      13,
      17,
      13,
      12,
      14,
      7,
      3,
      3,
      3,
      4,
      2,
      2,
      3,
      0,
      3
    ],
    "bin_edges": [
      -4.736105918884277,
      -4.66185998916626,
      -4.5876145362854,
      -4.513368606567383,
      -4.439122676849365,
      -4.364876747131348,
      -4.290631294250488,
      -4.216385364532471,
      -4.142139434814453,
      -4.067893981933594,
      -3.993648052215576,
      -3.9194023609161377,
      -3.84515643119812,
      -3.7709107398986816,
      -3.696664810180664,
      -3.6224191188812256,
      -3.548173427581787,
      -3.4739274978637695,
      -3.399681806564331,
      -3.3254358768463135,
      -3.251190185546875,
      -3.1769442558288574,
      -3.102698564529419,
      -3.0284528732299805,
      -2.954206943511963,
      -2.8799612522125244,
      -2.805715322494507,
      -2.7314696311950684,
      -2.65722393989563,
      -2.5829780101776123,
      -2.508732318878174,
      -2.4344863891601562,
      -2.3602406978607178,
      -2.2859950065612793,
      -2.2117490768432617,
      -2.1375033855438232,
      -2.0632574558258057,
      -1.9890117645263672,
      -1.9147659540176392,
      -1.8405201435089111,
      -1.7662744522094727,
      -1.6920286417007446,
      -1.6177828311920166,
      -1.5435370206832886,
      -1.4692912101745605,
      -1.3950453996658325,
      -1.320799708366394,
      -1.246553897857666,
      -1.172308087348938,
      -1.09806227684021,
      -1.023816466331482,
      -0.9495707154273987,
      -0.8753249645233154,
      -0.8010791540145874,
      -0.7268333435058594,
      -0.6525875926017761,
      -0.5783417820930481,
      -0.5040959715843201,
      -0.4298502206802368,
      -0.3556044101715088,
      -0.28135862946510315,
      -0.2071128487586975,
      -0.13286705315113068,
      -0.05862126499414444,
      0.015624523162841797,
      0.08987031131982803,
      0.16411609947681427,
      0.2383618950843811,
      0.31260767579078674,
      0.3868534564971924,
      0.4610992670059204,
      0.5353450179100037,
      0.6095908284187317,
      0.6838366389274597,
      0.758082389831543,
      0.832328200340271,
      0.906574010848999,
      0.9808197617530823,
      1.0550655126571655,
      1.1293113231658936,
      1.2035571336746216,
      1.2778029441833496,
      1.3520487546920776,
      1.4262944459915161,
      1.5005402565002441,
      1.5747860670089722,
      1.6490318775177002,
      1.7232776880264282,
      1.7975234985351562,
      1.8717691898345947,
      1.9460150003433228,
      2.020260810852051,
      2.0945065021514893,
      2.168752431869507,
      2.2429981231689453,
      2.317244052886963,
      2.3914897441864014,
      2.46573543548584,
      2.5399813652038574,
      2.614227056503296,
      2.6884729862213135,
      2.762718677520752,
      2.8369643688201904,
      2.911210298538208,
      2.9854559898376465,
      3.059701919555664,
      3.1339476108551025,
      3.208193302154541,
      3.2824392318725586,
      3.356684923171997,
      3.4309308528900146,
      3.505176544189453,
      3.5794224739074707,
      3.653668165206909,
      3.7279138565063477,
      3.8021597862243652,
      3.8764054775238037,
      3.9506514072418213,
      4.02489709854126,
      4.099143028259277,
      4.173388481140137,
      4.247634410858154,
      4.321880340576172,
      4.396125793457031,
      4.470371723175049,
      4.544617652893066,
      4.618863582611084,
      4.693109035491943,
      4.767354965209961
    ]
  }
}