{
  "module": "block.0.conv2.mlp1_lif",
  "state_shape": [
    64,
    384,
    8,
    8
  ],
  "time_steps": 1,
  "numel_sampled": 196608,
  "mean": -0.3456049859523773,
  "std": 0.959980309009552,
  "min": -4.84354305267334,
  "max": 3.8820018768310547,
  "quantiles": {
    "0.00": -4.84354305267334,
    "0.01": -2.5926613807678223,
    "0.05": -1.9355419874191284,
    "0.10": -1.5828665494918823,
    "0.25": -0.9881850481033325,
    "0.50": -0.342195063829422,
    "0.75": 0.30102765560150146,
    "0.90": 0.8752182722091675,
    "0.95": 1.2247114181518555,
    "0.99": 1.8927669525146484,
    "1.00": 3.8820018768310547
  },
  "histogram": {
    "counts": [
      1,
      1,
      0,
      1,
      0,
      1,
      2,
      2,
      0,
      1,
      1,
      5,
      3,
      8,
      4,
      12,
      10,
      17,
      17,
      27,
      33,
      31,
      42,
      55,
      76,
      80,
      104,
      146,
      174,
      209,
      260,
      310,
      323,
      388,
      472,
      517,
      662,
      752,
      863,
      1003,
      1053,
      1258,
      1393,
      1559,
      1729,
      1962,
      2102,
      2423,
      2525,
      2707,
      2959,
      3279,
      3415,
      3725,
      3908,
      4191,
      4345,
      4489,
      4753,
      4981,
      5229,
      5328,
      5407,
      5596,
      5505,
      5673,
      5544,
      5540,
      5466,
      5450,
      5420,
      5269,
      5019,
      4806,
      4736,
      4456,
      4308,
      3969,
      3847,
      3551,
      3263,
      2969,
      2886,
      2628,
      2340,
      2111,
      1886,
      1674,
      1508,
      1331,
      1169,
      1104,
      924,
      787,
      711,
      599,
      508,
      443,
      380,
      307,
      276,
      218,
      212,
      153,
      154,
      110,
      86,
      80,
      54,
      52,
      37,
      32,
      24,
      20,
      17,
      17,
      14,
      8,
      6,
      7,
      6,
      3,
      2,
      0,
      0,
      3,
      0,
      1
    ],
    "bin_edges": [
      -4.84354305267334,
      -4.775374889373779,
      -4.7072062492370605,
      -4.6390380859375,
      -4.5708699226379395,
      -4.502701282501221,
      -4.43453311920166,
      -4.3663649559021,
      -4.298196315765381,
      -4.23002815246582,
      -4.16185998916626,
      -4.093691349029541,
      -4.0255231857299805,
      -3.957354784011841,
      -3.8891866207122803,
      -3.8210182189941406,
      -3.75285005569458,
      -3.6846816539764404,
      -3.616513252258301,
      -3.5483450889587402,
      -3.4801766872406006,
      -3.412008285522461,
      -3.3438401222229004,
      -3.2756717205047607,
      -3.207503318786621,
      -3.1393351554870605,
      -3.071166753768921,
      -3.0029983520507812,
      -2.9348301887512207,
      -2.866661787033081,
      -2.7984933853149414,
      -2.730325222015381,
      -2.662156820297241,
      -2.5939884185791016,
      -2.525820255279541,
      -2.4576518535614014,
      -2.3894834518432617,
      -2.321315288543701,
      -2.2531468868255615,
      -2.184978485107422,
      -2.1168103218078613,
      -2.0486419200897217,
      -1.9804736375808716,
      -1.9123053550720215,
      -1.8441369533538818,
      -1.7759686708450317,
      -1.7078003883361816,
      -1.639631986618042,
      -1.571463704109192,
      -1.5032954216003418,
      -1.4351270198822021,
      -1.366958737373352,
      -1.298790454864502,
      -1.2306220531463623,
      -1.1624537706375122,
      -1.094285488128662,
      -1.0261170864105225,
      -0.9579488039016724,
      -0.8897805213928223,
      -0.8216121792793274,
      -0.7534438371658325,
      -0.6852755546569824,
      -0.6171072125434875,
      -0.5489389300346375,
      -0.4807705879211426,
      -0.4126022756099701,
      -0.3444339632987976,
      -0.27626562118530273,
      -0.20809730887413025,
      -0.13992899656295776,
      -0.07176066935062408,
      -0.003592349588871002,
      0.06457597017288208,
      0.13274428248405457,
      0.20091260969638824,
      0.2690809369087219,
      0.3372492492198944,
      0.4054175615310669,
      0.47358590364456177,
      0.5417541861534119,
      0.6099225282669067,
      0.6780908703804016,
      0.7462591528892517,
      0.8144274950027466,
      0.8825957775115967,
      0.9507641196250916,
      1.0189324617385864,
      1.0871007442474365,
      1.1552691459655762,
      1.2234374284744263,
      1.2916057109832764,
      1.3597739934921265,
      1.4279423952102661,
      1.4961106777191162,
      1.5642789602279663,
      1.632447361946106,
      1.700615644454956,
      1.7687839269638062,
      1.8369523286819458,
      1.905120611190796,
      1.973288893699646,
      2.041457176208496,
      2.1096255779266357,
      2.1777939796447754,
      2.245962142944336,
      2.3141305446624756,
      2.3822989463806152,
      2.450467109680176,
      2.5186355113983154,
      2.586803913116455,
      2.6549720764160156,
      2.7231404781341553,
      2.791308879852295,
      2.8594770431518555,
      2.927645444869995,
      2.9958136081695557,
      3.0639820098876953,
      3.132150411605835,
      3.2003185749053955,
      3.268486976623535,
      3.336655378341675,
      3.4048235416412354,
      3.472991943359375,
      3.5411603450775146,
      3.609328508377075,
      3.677496910095215,
      3.7456653118133545,
      3.813833475112915,
      3.8820018768310547
    ]
  }
}