{
  "module": "block.2.attn.k_lif",
  "state_shape": [
    64,
    384,
    64
  ],
  "time_steps": 1,
  "numel_sampled": 196608,
  "mean": -0.2410106658935547,
  "std": 0.8794199228286743,
  "min": -4.169069290161133,
  "max": 4.071071147918701,
  "quantiles": {
    "0.00": -4.169069290161133,
    "0.01": -2.164503574371338,
    "0.05": -1.6045111417770386,
    "0.10": -1.3144686222076416,
    "0.25": -0.8366652727127075,
    "0.50": -0.2876223027706146,
    "0.75": 0.3061186671257019,
    "0.90": 0.9032227396965027,
    "0.95": 1.2897343635559082,
    "0.99": 2.0253612995147705,
    "1.00": 4.071071147918701
  },
  "histogram": {
    "counts": [
      2,
      0,
      0,
      0,
      0,
      1,
      0,
      1,
      2,
      5,
      3,
      8,
      5,
      5,
      13,
      19,
      21,
      16,
      27,
      38,
      58,
      73,
      72,
      90,
      96,
      126,
      157,
      188,
      226,
      307,
      352,
      438,
      493,
      573,
      712,
      821,
      994,
      1213,
      1342,
      1583,
      1765,
      1999,
      2307,
      2605,
      2881,
      3169,
      3527,
      3768,
      4037,
      4422,
      4730,
      5088,
      5268,
      5474,
      5595,
      5814,
      6010,
      6009,
      6030,
      5960,
      5899,
      5944,
      5866,
      5548,
      5394,
      5359,
      5058,
      4803,
      4807,
      4287,
      3994,
      3802,
      3585,
      3425,
      3100,
      2776,
      2638,
      2345,
      2239,
      1967,
      1828,
      1670,
      1559,
      1349,
      1248,
      1134,
      1002,
      911,
      784,
      749,
      645,
      605,
      515,
      472,
      377,
      353,
      276,
      264,
      235,
      190,
      170,
      142,
      98,
      102,
      90,
      83,
      62,
      47,
      41,
      45,
      35,
      25,
      18,
      25,
      21,
      13,
      10,
      6,
      8,
      4,
      7,
      6,
      1,
      5,
      1,
      0,
      1,
      2
    ],
    "bin_edges": [
      -4.169069290161133,
      -4.104693412780762,
      -4.040317058563232,
      -3.9759409427642822,
      -3.911564826965332,
      -3.847188711166382,
      -3.7828125953674316,
      -3.7184364795684814,
      -3.6540603637695312,
      -3.58968448638916,
      -3.52530837059021,
      -3.4609322547912598,
      -3.3965561389923096,
      -3.3321800231933594,
      -3.267803907394409,
      -3.203427791595459,
      -3.139051675796509,
      -3.0746755599975586,
      -3.0102994441986084,
      -2.945923328399658,
      -2.881547212600708,
      -2.817171096801758,
      -2.7527949810028076,
      -2.6884188652038574,
      -2.6240429878234863,
      -2.559666872024536,
      -2.495290756225586,
      -2.4309146404266357,
      -2.3665385246276855,
      -2.3021624088287354,
      -2.237786293029785,
      -2.173410177230835,
      -2.1090340614318848,
      -2.0446579456329346,
      -1.9802818298339844,
      -1.9159057140350342,
      -1.851529598236084,
      -1.7871536016464233,
      -1.7227774858474731,
      -1.658401370048523,
      -1.5940252542495728,
      -1.5296491384506226,
      -1.4652730226516724,
      -1.4008969068527222,
      -1.3365209102630615,
      -1.2721447944641113,
      -1.2077686786651611,
      -1.143392562866211,
      -1.0790164470672607,
      -1.0146403312683105,
      -0.9502642154693604,
      -0.8858881592750549,
      -0.8215120434761047,
      -0.7571359276771545,
      -0.6927598714828491,
      -0.6283837556838989,
      -0.5640076398849487,
      -0.49963152408599854,
      -0.4352554380893707,
      -0.3708793520927429,
      -0.3065032362937927,
      -0.24212713539600372,
      -0.17775103449821472,
      -0.11337493360042572,
      -0.04899930953979492,
      0.01537679135799408,
      0.07975289225578308,
      0.14412899315357208,
      0.20850509405136108,
      0.2728812098503113,
      0.3372572958469391,
      0.4016333818435669,
      0.4660094976425171,
      0.5303856134414673,
      0.5947617292404175,
      0.6591377854347229,
      0.7235139012336731,
      0.7878900170326233,
      0.8522660732269287,
      0.9166421890258789,
      0.9810183048248291,
      1.0453944206237793,
      1.1097705364227295,
      1.1741466522216797,
      1.2385227680206299,
      1.3028987646102905,
      1.3672748804092407,
      1.431650996208191,
      1.4960271120071411,
      1.5604032278060913,
      1.6247793436050415,
      1.6891554594039917,
      1.7535314559936523,
      1.8179075717926025,
      1.8822836875915527,
      1.946659803390503,
      2.011035919189453,
      2.0754120349884033,
      2.1397881507873535,
      2.2041642665863037,
      2.268540382385254,
      2.332916498184204,
      2.3972926139831543,
      2.4616687297821045,
      2.5260448455810547,
      2.590420722961426,
      2.654796838760376,
      2.719172954559326,
      2.7835490703582764,
      2.8479251861572266,
      2.9123013019561768,
      2.976677417755127,
      3.041053533554077,
      3.1054296493530273,
      3.1698057651519775,
      3.2341818809509277,
      3.298557996749878,
      3.362934112548828,
      3.4273102283477783,
      3.4916863441467285,
      3.5560622215270996,
      3.62043833732605,
      3.684814453125,
      3.74919056892395,
      3.8135666847229004,
      3.8779428005218506,
      3.942318916320801,
      4.00669527053833,
      4.071071147918701
    ]
  }
}