{
  "module": "block.2.conv1.mlp1_lif",
  "state_shape": [
    64,
    384,
    8,
    8
  ],
  "time_steps": 1,
  "numel_sampled": 196608,
  "mean": -0.08907186985015869,
  "std": 0.9625860452651978,
  "min": -3.957740545272827,
  "max": 4.388773441314697,
  "quantiles": {
    "0.00": -3.957740545272827,
    "0.01": -2.208082914352417,
    "0.05": -1.6213629245758057,
    "0.10": -1.3021172285079956,
    "0.25": -0.7518173456192017,
    "0.50": -0.11609580367803574,
    "0.75": 0.543712854385376,
    "0.90": 1.1665689945220947,
    "0.95": 1.5412485599517822,
    "0.99": 2.2618541717529297,
    "1.00": 4.388773441314697
  },
  "histogram": {
    "counts": [
      2,
      2,
      0,
      0,
      1,
      0,
      8,
      6,
      8,
      5,
      14,
      10,
      17,
      22,
      26,
      44,
      63,
      65,
      75,
      88,
      127,
      139,
      183,
      190,
      246,
      314,
      380,
      452,
      586,
      620,
      721,
      892,
      985,
      1104,
      1251,
      1441,
      1683,
      1831,
      2018,
      2262,
      2507,
      2705,
      2965,
      3115,
      3422,
      3722,
      3775,
      4023,
      4275,
      4582,
      4664,
      4810,
      4913,
      5205,
      5163,
      5160,
      5277,
      5312,
      5248,
      5268,
      5290,
      5266,
      5042,
      4981,
      4885,
      4705,
      4528,
      4377,
      4247,
      4001,
      3742,
      3548,
      3364,
      3171,
      2969,
      2744,
      2446,
      2369,
      2218,
      2038,
      1861,
      1654,
      1527,
      1381,
      1233,
      1129,
      921,
      897,
      810,
      749,
      618,
      585,
      505,
      362,
      397,
      293,
      283,
      238,
      207,
      165,
      148,
      121,
      90,
      76,
      72,
      59,
      51,
      54,
      38,
      33,
      28,
      22,
      16,
      12,
      15,
      6,
      10,
      4,
      5,
      2,
      2,
      2,
      1,
      1,
      1,
      0,
      0,
      1
    ],
    "bin_edges": [
      -3.957740545272827,
      -3.892533302307129,
      -3.8273262977600098,
      -3.7621190547943115,
      -3.6969120502471924,
      -3.631704807281494,
      -3.566497802734375,
      -3.5012905597686768,
      -3.4360833168029785,
      -3.3708763122558594,
      -3.305669069290161,
      -3.240462064743042,
      -3.1752548217773438,
      -3.1100478172302246,
      -3.0448405742645264,
      -2.9796335697174072,
      -2.914426326751709,
      -2.8492190837860107,
      -2.7840120792388916,
      -2.7188048362731934,
      -2.653597831726074,
      -2.588390588760376,
      -2.523183584213257,
      -2.4579763412475586,
      -2.3927693367004395,
      -2.327562093734741,
      -2.262354850769043,
      -2.197147846221924,
      -2.1319406032562256,
      -2.0667335987091064,
      -2.001526355743408,
      -1.9363192319869995,
      -1.8711121082305908,
      -1.8059049844741821,
      -1.7406978607177734,
      -1.6754907369613647,
      -1.610283613204956,
      -1.5450763702392578,
      -1.4798692464828491,
      -1.4146621227264404,
      -1.3494549989700317,
      -1.284247875213623,
      -1.2190407514572144,
      -1.1538336277008057,
      -1.0886263847351074,
      -1.0234192609786987,
      -0.95821213722229,
      -0.8930050134658813,
      -0.8277978897094727,
      -0.762590765953064,
      -0.6973836421966553,
      -0.6321764588356018,
      -0.5669693350791931,
      -0.5017622113227844,
      -0.43655505776405334,
      -0.37134790420532227,
      -0.3061407804489136,
      -0.2409336417913437,
      -0.1757265031337738,
      -0.11051936447620392,
      -0.04531222581863403,
      0.019894912838935852,
      0.08510205149650574,
      0.15030919015407562,
      0.2155165672302246,
      0.2807236909866333,
      0.3459308445453644,
      0.41113799810409546,
      0.47634512186050415,
      0.5415522456169128,
      0.6067594289779663,
      0.671966552734375,
      0.7371736764907837,
      0.8023808002471924,
      0.8675879240036011,
      0.9327951073646545,
      0.9980022311210632,
      1.0632094144821167,
      1.1284165382385254,
      1.193623661994934,
      1.2588307857513428,
      1.3240379095077515,
      1.3892450332641602,
      1.4544521570205688,
      1.5196592807769775,
      1.5848665237426758,
      1.6500736474990845,
      1.7152807712554932,
      1.7804878950119019,
      1.8456950187683105,
      1.9109021425247192,
      1.976109266281128,
      2.041316509246826,
      2.1065235137939453,
      2.1717307567596436,
      2.2369377613067627,
      2.302145004272461,
      2.367352247238159,
      2.4325592517852783,
      2.4977664947509766,
      2.5629734992980957,
      2.628180742263794,
      2.693387746810913,
      2.7585949897766113,
      2.8238019943237305,
      2.8890092372894287,
      2.954216480255127,
      3.019423484802246,
      3.0846307277679443,
      3.1498377323150635,
      3.2150449752807617,
      3.280251979827881,
      3.345459222793579,
      3.4106664657592773,
      3.4758734703063965,
      3.5410807132720947,
      3.606287717819214,
      3.671494960784912,
      3.7367019653320312,
      3.8019092082977295,
      3.8671164512634277,
      3.932323455810547,
      3.997530698776245,
      4.062737941741943,
      4.1279449462890625,
      4.193151950836182,
      4.258358955383301,
      4.323566436767578,
      4.388773441314697
    ]
  }
}