{
  "module": "block.3.conv2.mlp1_lif",
  "state_shape": [
    64,
    384,
    8,
    8
  ],
  "time_steps": 1,
  "numel_sampled": 196608,
  "mean": 0.6259772777557373,
  "std": 1.6802854537963867,
  "min": -4.583982467651367,
  "max": 5.377739906311035,
  "quantiles": {
    "0.00": -4.583982467651367,
    "0.01": -2.6979222297668457,
    "0.05": -2.0198795795440674,
    "0.10": -1.6246994733810425,
    "0.25": -0.8208948969841003,
    "0.50": 0.7872107625007629,
    "0.75": 2.0599472522735596,
    "0.90": 2.6947128772735596,
    "0.95": 3.05849027633667,
    "0.99": 3.717369794845581,
    "1.00": 5.377739906311035
  },
  "histogram": {
    "counts": [
      2,
      0,
      1,
      5,
      2,
      5,
      9,
      15,
      19,
      21,
      32,
      29,
      45,
      47,
      86,
      76,
      91,
      101,
      103,
      138,
      193,
      235,
      294,
      334,
      406,
      478,
      579,
      771,
      830,
      1051,
      1119,
      1334,
      1468,
      1577,
      1843,
      1974,
      2069,
      2240,
      2339,
      2478,
      2620,
      2713,
      2882,
      2969,
      3075,
      3045,
      3112,
      3180,
      3192,
      3324,
      3118,
      3070,
      3108,
      2991,
      2950,
      2755,
      2615,
      2454,
      2316,
      2202,
      2073,
      1991,
      1832,
      1697,
      1666,
      1634,
      1755,
      1745,
      1755,
      1778,
      1946,
      2013,
      2050,
      2179,
      2415,
      2615,
      2833,
      3096,
      3308,
      3508,
      3811,
      3867,
      3975,
      4081,
      4164,
      4091,
      4111,
      4059,
      3781,
      3820,
      3407,
      3309,
      3000,
      2673,
      2495,
      2179,
      1953,
      1677,
      1467,
      1304,
      1216,
      1048,
      879,
      749,
      657,
      535,
      465,
      351,
      343,
      256,
      202,
      150,
      113,
      93,
      80,
      51,
      48,
      26,
      27,
      23,
      11,
      8,
      9,
      5,
      8,
      6,
      3,
      3
    ],
    "bin_edges": [
      -4.583982467651367,
      -4.5061564445495605,
      -4.428330421447754,
      -4.350504398345947,
      -4.272678852081299,
      -4.194852828979492,
      -4.1170268058776855,
      -4.039200782775879,
      -3.9613747596740723,
      -3.8835489749908447,
      -3.805722951889038,
      -3.7278969287872314,
      -3.650070905685425,
      -3.5722451210021973,
      -3.4944190979003906,
      -3.416593074798584,
      -3.3387670516967773,
      -3.26094126701355,
      -3.183115243911743,
      -3.1052892208099365,
      -3.027463436126709,
      -2.9496374130249023,
      -2.8718113899230957,
      -2.793985366821289,
      -2.7161595821380615,
      -2.638333559036255,
      -2.5605075359344482,
      -2.4826817512512207,
      -2.404855728149414,
      -2.3270297050476074,
      -2.249203681945801,
      -2.1713778972625732,
      -2.0935518741607666,
      -2.01572585105896,
      -1.9378999471664429,
      -1.8600740432739258,
      -1.7822480201721191,
      -1.704422116279602,
      -1.6265960931777954,
      -1.5487701892852783,
      -1.4709441661834717,
      -1.3931182622909546,
      -1.3152923583984375,
      -1.2374663352966309,
      -1.1596404314041138,
      -1.0818144083023071,
      -1.00398850440979,
      -0.9261625409126282,
      -0.8483365774154663,
      -0.7705106139183044,
      -0.6926846504211426,
      -0.6148586869239807,
      -0.5370327234268188,
      -0.45920678973197937,
      -0.3813808560371399,
      -0.303554892539978,
      -0.22572892904281616,
      -0.1479029655456543,
      -0.07007701694965363,
      0.007748939096927643,
      0.08557489514350891,
      0.16340085864067078,
      0.24122680723667145,
      0.3190527558326721,
      0.396878719329834,
      0.47470468282699585,
      0.5525306463241577,
      0.6303566098213196,
      0.7081825733184814,
      0.7860084772109985,
      0.8638344407081604,
      0.9416604042053223,
      1.019486427307129,
      1.097312331199646,
      1.175138235092163,
      1.2529642581939697,
      1.3307901620864868,
      1.4086161851882935,
      1.4864420890808105,
      1.5642681121826172,
      1.6420940160751343,
      1.7199199199676514,
      1.797745943069458,
      1.875571846961975,
      1.9533978700637817,
      2.031223773956299,
      2.1090497970581055,
      2.186875820159912,
      2.2647016048431396,
      2.3425276279449463,
      2.420353651046753,
      2.4981794357299805,
      2.576005458831787,
      2.6538314819335938,
      2.7316575050354004,
      2.809483289718628,
      2.8873093128204346,
      2.965135335922241,
      3.0429611206054688,
      3.1207871437072754,
      3.198613166809082,
      3.2764391899108887,
      3.354264974594116,
      3.432090997695923,
      3.5099170207977295,
      3.587742805480957,
      3.6655688285827637,
      3.7433948516845703,
      3.821220874786377,
      3.8990466594696045,
      3.976872682571411,
      4.054698467254639,
      4.132524490356445,
      4.210350513458252,
      4.288176536560059,
      4.366002559661865,
      4.443828582763672,
      4.5216546058654785,
      4.599480152130127,
      4.677306175231934,
      4.75513219833374,
      4.832958221435547,
      4.9107842445373535,
      4.98861026763916,
      5.066436290740967,
      5.144261837005615,
      5.222087860107422,
      5.2999138832092285,
      5.377739906311035
    ]
  }
}