{
  "module": "block.3.conv1.mlp1_lif",
  "state_shape": [
    64,
    384,
    8,
    8
  ],
  "time_steps": 1,
  "numel_sampled": 196608,
  "mean": -0.2566244900226593,
  "std": 1.3409984111785889,
  "min": -6.883858680725098,
  "max": 8.196595191955566,
  "quantiles": {
    "0.00": -6.883858680725098,
    "0.01": -3.236755609512329,
    "0.05": -2.3370249271392822,
    "0.10": -1.8823034763336182,
    "0.25": -1.1444059610366821,
    "0.50": -0.31824588775634766,
    "0.75": 0.5797736048698425,
    "0.90": 1.4623407125473022,
    "0.95": 2.0050888061523438,
    "0.99": 3.14449405670166,
    "1.00": 8.196595191955566
  },
  "histogram": {
    "counts": [
      1,
      1,
      1,
      2,
      2,
      0,
      7,
      3,
      7,
      10,
      12,
      13,
      21,
      22,
      24,
      15,
      22,
      21,
      35,
      44,
      61,
      48,
      82,
      70,
      105,
      130,
      139,
      184,
      229,
      320,
      354,
      449,
      603,
      746,
      929,
      1078,
      1358,
      1610,
      1837,
      2211,
      2568,
      2892,
      3269,
      3823,
      4241,
      4543,
      5158,
      5673,
      5987,
      6390,
      6608,
      7084,
      7202,
      7357,
      7384,
      7308,
      7225,
      7249,
      6888,
      6524,
      6200,
      5796,
      5441,
      5121,
      4762,
      4463,
      4116,
      3868,
      3439,
      3132,
      2896,
      2592,
      2276,
      1991,
      1743,
      1594,
      1373,
      1129,
      952,
      881,
      718,
      596,
      521,
      436,
      374,
      331,
      253,
      145,
      165,
      120,
      117,
      107,
      100,
      86,
      77,
      57,
      55,
      56,
      36,
      43,
      38,
      32,
      32,
      20,
      11,
      10,
      10,
      14,
      11,
      13,
      15,
      12,
      17,
      12,
      11,
      7,
      3,
      2,
      0,
      0,
      0,
      0,
      0,
      0,
      0,
      0,
      0,
      1
    ],
    "bin_edges": [
      -6.883858680725098,
      -6.766042709350586,
      -6.648226737976074,
      -6.5304107666015625,
      -6.412594318389893,
      -6.294778347015381,
      -6.176962375640869,
      -6.059146404266357,
      -5.941330432891846,
      -5.823514461517334,
      -5.705698013305664,
      -5.587882041931152,
      -5.470066070556641,
      -5.352250099182129,
      -5.234434127807617,
      -5.1166181564331055,
      -4.998802185058594,
      -4.880985736846924,
      -4.763169765472412,
      -4.6453537940979,
      -4.527537822723389,
      -4.409721851348877,
      -4.291905879974365,
      -4.174089431762695,
      -4.056273460388184,
      -3.938457489013672,
      -3.82064151763916,
      -3.7028255462646484,
      -3.5850093364715576,
      -3.467193365097046,
      -3.349377393722534,
      -3.2315611839294434,
      -3.1137452125549316,
      -2.99592924118042,
      -2.878113031387329,
      -2.7602970600128174,
      -2.6424810886383057,
      -2.524664878845215,
      -2.406848907470703,
      -2.2890329360961914,
      -2.1712169647216797,
      -2.053400754928589,
      -1.9355847835540771,
      -1.8177686929702759,
      -1.6999526023864746,
      -1.582136631011963,
      -1.4643205404281616,
      -1.34650456905365,
      -1.2286884784698486,
      -1.1108723878860474,
      -0.9930564165115356,
      -0.8752403259277344,
      -0.7574242949485779,
      -0.6396082639694214,
      -0.5217921733856201,
      -0.4039761424064636,
      -0.28616011142730713,
      -0.16834406554698944,
      -0.05052801966667175,
      0.06728802621364594,
      0.18510407209396362,
      0.3029201030731201,
      0.420736163854599,
      0.5385522246360779,
      0.6563682556152344,
      0.7741842865943909,
      0.8920003175735474,
      1.0098164081573486,
      1.1276323795318604,
      1.2454484701156616,
      1.363264560699463,
      1.4810805320739746,
      1.5988966226577759,
      1.7167127132415771,
      1.8345286846160889,
      1.9523447751998901,
      2.0701608657836914,
      2.187976837158203,
      2.305792808532715,
      2.4236090183258057,
      2.5414249897003174,
      2.659240961074829,
      2.77705717086792,
      2.8948731422424316,
      3.0126891136169434,
      3.130505323410034,
      3.248321294784546,
      3.3661372661590576,
      3.4839534759521484,
      3.60176944732666,
      3.719585418701172,
      3.8374013900756836,
      3.9552175998687744,
      4.073033809661865,
      4.190849781036377,
      4.308665752410889,
      4.4264817237854,
      4.544297695159912,
      4.662113666534424,
      4.7799296379089355,
      4.8977460861206055,
      5.015562057495117,
      5.133378028869629,
      5.251194000244141,
      5.369009971618652,
      5.486825942993164,
      5.604642391204834,
      5.722458362579346,
      5.840274333953857,
      5.958090305328369,
      6.075906276702881,
      6.193722248077393,
      6.3115386962890625,
      6.429354667663574,
      6.547170639038086,
      6.664986610412598,
      6.782802581787109,
      6.900618553161621,
      7.018434524536133,
      7.136250972747803,
      7.2540669441223145,
      7.371882915496826,
      7.489698886871338,
      7.60751485824585,
      7.725330829620361,
      7.843147277832031,
      7.960963249206543,
      8.078779220581055,
      8.196595191955566
    ]
  }
}