{
  "module": "block.0.attn.q_lif",
  "state_shape": [
    64,
    384,
    64
  ],
  "time_steps": 1,
  "numel_sampled": 196608,
  "mean": -0.037249159067869186,
  "std": 0.8486526012420654,
  "min": -3.772157907485962,
  "max": 3.562670946121216,
  "quantiles": {
    "0.00": -3.772157907485962,
    "0.01": -1.9855071306228638,
    "0.05": -1.418805480003357,
    "0.10": -1.1222337484359741,
    "0.25": -0.6149529218673706,
    "0.50": -0.042136989533901215,
    "0.75": 0.5348930358886719,
    "0.90": 1.0592960119247437,
    "0.95": 1.3728179931640625,
    "0.99": 1.9290128946304321,
    "1.00": 3.562670946121216
  },
  "histogram": {
    "counts": [
      1,
      0,
      0,
      0,
      2,
      2,
      1,
      3,
      3,
      6,
      14,
      9,
      3,
      12,
      15,
      16,
      18,
      28,
      29,
      56,
      51,
      70,
      83,
      85,
      118,
      140,
      147,
      181,
      222,
      275,
      311,
      404,
      420,
      518,
      596,
      704,
      813,
      894,
      1054,
      1146,
      1283,
      1535,
      1696,
      1892,
      2009,
      2240,
      2413,
      2716,
      2855,
      3152,
      3230,
      3474,
      3749,
      3892,
      4158,
      4382,
      4526,
      4636,
      4716,
      5068,
      4975,
      5095,
      5179,
      5272,
      5241,
      5193,
      5213,
      5219,
      5049,
      4971,
      4885,
      4817,
      4699,
      4502,
      4385,
      4124,
      3926,
      3731,
      3431,
      3294,
      3165,
      2807,
      2655,
      2364,
      2249,
      2042,
      1899,
      1692,
      1530,
      1407,
      1270,
      1124,
      955,
      959,
      800,
      664,
      563,
      569,
      446,
      389,
      299,
      280,
      209,
      189,
      149,
      123,
      109,
      79,
      59,
      65,
      46,
      34,
      38,
      13,
      23,
      11,
      15,
      10,
      9,
      4,
      6,
      4,
      1,
      5,
      1,
      1,
      3,
      1
    ],
    "bin_edges": [
      -3.772157907485962,
      -3.7148544788360596,
      -3.6575512886047363,
      -3.600247859954834,
      -3.5429444313049316,
      -3.4856412410736084,
      -3.428337812423706,
      -3.3710343837738037,
      -3.3137311935424805,
      -3.256427764892578,
      -3.199124336242676,
      -3.1418211460113525,
      -3.08451771736145,
      -3.027214288711548,
      -2.9699110984802246,
      -2.9126076698303223,
      -2.85530424118042,
      -2.7980010509490967,
      -2.7406976222991943,
      -2.683394193649292,
      -2.6260910034179688,
      -2.5687875747680664,
      -2.511484146118164,
      -2.454180955886841,
      -2.3968775272369385,
      -2.339574098587036,
      -2.282270908355713,
      -2.2249674797058105,
      -2.167664051055908,
      -2.110360860824585,
      -2.0530574321746826,
      -1.9957540035247803,
      -1.9384506940841675,
      -1.8811473846435547,
      -1.8238439559936523,
      -1.7665406465530396,
      -1.7092373371124268,
      -1.6519339084625244,
      -1.5946305990219116,
      -1.5373272895812988,
      -1.4800238609313965,
      -1.4227205514907837,
      -1.365417242050171,
      -1.3081138134002686,
      -1.2508105039596558,
      -1.193507194519043,
      -1.1362037658691406,
      -1.0789004564285278,
      -1.021597146987915,
      -0.9642937183380127,
      -0.9069904088973999,
      -0.8496870398521423,
      -0.7923836708068848,
      -0.735080361366272,
      -0.6777769923210144,
      -0.6204736232757568,
      -0.563170313835144,
      -0.5058669447898865,
      -0.4485635757446289,
      -0.3912602365016937,
      -0.33395689725875854,
      -0.276653528213501,
      -0.2193501889705658,
      -0.16204683482646942,
      -0.10474348068237305,
      -0.04744013026356697,
      0.009863220155239105,
      0.06716656684875488,
      0.12446992099285126,
      0.18177327513694763,
      0.2390766143798828,
      0.2963799834251404,
      0.35368332266807556,
      0.41098666191101074,
      0.4682900309562683,
      0.5255934000015259,
      0.5828967094421387,
      0.6402000784873962,
      0.6975034475326538,
      0.7548067569732666,
      0.8121101260185242,
      0.8694134950637817,
      0.9267168045043945,
      0.9840201735496521,
      1.0413235425949097,
      1.0986268520355225,
      1.1559302806854248,
      1.2132335901260376,
      1.2705368995666504,
      1.3278403282165527,
      1.3851436376571655,
      1.4424469470977783,
      1.4997503757476807,
      1.5570536851882935,
      1.6143569946289062,
      1.6716604232788086,
      1.7289637327194214,
      1.7862670421600342,
      1.8435704708099365,
      1.9008737802505493,
      1.958177089691162,
      2.0154805183410645,
      2.072783946990967,
      2.13008713722229,
      2.1873905658721924,
      2.2446939945220947,
      2.301997184753418,
      2.3593006134033203,
      2.4166040420532227,
      2.473907232284546,
      2.5312106609344482,
      2.5885140895843506,
      2.645817279815674,
      2.703120708465576,
      2.7604241371154785,
      2.8177273273468018,
      2.875030755996704,
      2.9323341846466064,
      2.9896373748779297,
      3.046940803527832,
      3.1042442321777344,
      3.1615474224090576,
      3.21885085105896,
      3.2761542797088623,
      3.3334574699401855,
      3.390760898590088,
      3.4480643272399902,
      3.5053675174713135,
      3.562670946121216
    ]
  }
}