{
  "module": "block.1.attn.attn_lif",
  "state_shape": [
    64,
    384,
    64
  ],
  "time_steps": 1,
  "numel_sampled": 196608,
  "mean": 3.603747606277466,
  "std": 3.418795347213745,
  "min": 0.0,
  "max": 46.875,
  "quantiles": {
    "0.00": 0.0,
    "0.01": 0.0,
    "0.05": 0.25,
    "0.10": 0.625,
    "0.25": 1.25,
    "0.50": 2.625,
    "0.75": 4.875,
    "0.90": 7.875,
    "0.95": 10.125,
    "0.99": 16.125,
    "1.00": 46.875
  },
  "histogram": {
    "counts": [
      9859,
      14303,
      15947,
      15814,
      14993,
      13561,
      12362,
      11090,
      9578,
      8777,
      7534,
      6944,
      6212,
      5442,
      3273,
      4361,
      3960,
      3596,
      3129,
      2740,
      2527,
      2265,
      1926,
      1800,
      1530,
      1342,
      1193,
      1121,
      644,
      838,
      843,
      693,
      614,
      564,
      463,
      480,
      415,
      367,
      317,
      310,
      260,
      248,
      160,
      225,
      168,
      160,
      151,
      139,
      101,
      114,
      88,
      93,
      83,
      70,
      70,
      61,
      39,
      44,
      50,
      42,
      36,
      45,
      38,
      28,
      24,
      26,
      25,
      21,
      24,
      20,
      17,
      9,
      16,
      22,
      7,
      16,
      10,
      8,
      13,
      11,
      7,
      6,
      6,
      5,
      7,
      3,
      6,
      7,
      1,
      2,
      4,
      4,
      3,
      3,
      2,
      4,
      3,
      0,
      4,
      0,
      2,
      1,
      3,
      3,
      1,
      1,
      1,
      0,
      1,
      2,
      0,
      0,
      1,
      2,
      0,
      0,
      2,
      0,
      0,
      1,
      0,
      0,
      0,
      0,
      0,
      0,
      0,
      1
    ],
    "bin_edges": [
      0.0,
      0.3662109375,
      0.732421875,
      1.0986328125,
      1.46484375,
      1.8310546875,
      2.197265625,
      2.5634765625,
      2.9296875,
      3.2958984375,
      3.662109375,
      4.0283203125,
      4.39453125,
      4.7607421875,
      5.126953125,
      5.4931640625,
      5.859375,
      6.2255859375,
      6.591796875,
      6.9580078125,
      7.32421875,
      7.6904296875,
      8.056640625,
      8.4228515625,
      8.7890625,
      9.1552734375,
      9.521484375,
      9.8876953125,
      10.25390625,
      10.6201171875,
      10.986328125,
      11.3525390625,
      11.71875,
      12.0849609375,
      12.451171875,
      12.8173828125,
      13.18359375,
      13.5498046875,
      13.916015625,
      14.2822265625,
      14.6484375,
      15.0146484375,
      15.380859375,
      15.7470703125,
      16.11328125,
      16.4794921875,
      16.845703125,
      17.2119140625,
      17.578125,
      17.9443359375,
      18.310546875,
      18.6767578125,
      19.04296875,
      19.4091796875,
      19.775390625,
      20.1416015625,
      20.5078125,
      20.8740234375,
      21.240234375,
      21.6064453125,
      21.97265625,
      22.3388671875,
      22.705078125,
      23.0712890625,
      23.4375,
      23.8037109375,
      24.169921875,
      24.5361328125,
      24.90234375,
      25.2685546875,
      25.634765625,
      26.0009765625,
      26.3671875,
      26.7333984375,
      27.099609375,
      27.4658203125,
      27.83203125,
      28.1982421875,
      28.564453125,
      28.9306640625,
      29.296875,
      29.6630859375,
      30.029296875,
      30.3955078125,
      30.76171875,
      31.1279296875,
      31.494140625,
      31.8603515625,
      32.2265625,
      32.5927734375,
      32.958984375,
      33.3251953125,
      33.69140625,
      34.0576171875,
      34.423828125,
      34.7900390625,
      35.15625,
      35.5224609375,
      35.888671875,
      36.2548828125,
      36.62109375,
      36.9873046875,
      37.353515625,
      37.7197265625,
      38.0859375,
      38.4521484375,
      38.818359375,
      39.1845703125,
      39.55078125,
      39.9169921875,
      40.283203125,
      40.6494140625,
      41.015625,
      41.3818359375,
      41.748046875,
      42.1142578125,
      42.48046875,
      42.8466796875,
      43.212890625,
      43.5791015625,
      43.9453125,
      44.3115234375,
      44.677734375,
      45.0439453125,
      45.41015625,
      45.7763671875,
      46.142578125,
      46.5087890625,
      46.875
    ]
  }
}