{
  "module": "block.1.conv1.mlp1_lif",
  "state_shape": [
    64,
    384,
    8,
    8
  ],
  "time_steps": 1,
  "numel_sampled": 196608,
  "mean": -0.21785931289196014,
  "std": 0.8674163818359375,
  "min": -3.9518063068389893,
  "max": 3.7355504035949707,
  "quantiles": {
    "0.00": -3.9518063068389893,
    "0.01": -2.204770803451538,
    "0.05": -1.6302827596664429,
    "0.10": -1.325797438621521,
    "0.25": -0.8088086843490601,
    "0.50": -0.2222578227519989,
    "0.75": 0.3671264052391052,
    "0.90": 0.9010432362556458,
    "0.95": 1.218809962272644,
    "0.99": 1.8250735998153687,
    "1.00": 3.7355504035949707
  },
  "histogram": {
    "counts": [
      1,
      0,
      1,
      0,
      3,
      1,
      2,
      1,
      8,
      4,
      4,
      10,
      12,
      20,
      22,
      22,
      28,
      42,
      32,
      64,
      69,
      102,
      110,
      142,
      182,
      188,
      251,
      260,
      342,
      409,
      490,
      568,
      628,
      724,
      832,
      999,
      1069,
      1252,
      1487,
      1656,
      1713,
      1933,
      2227,
      2469,
      2594,
      2865,
      3049,
      3414,
      3594,
      3779,
      3874,
      4180,
      4408,
      4572,
      4654,
      4899,
      5107,
      5182,
      5278,
      5296,
      5275,
      5347,
      5492,
      5436,
      5282,
      5316,
      5051,
      5032,
      4906,
      4698,
      4555,
      4313,
      4286,
      4004,
      3824,
      3462,
      3262,
      3023,
      2791,
      2650,
      2277,
      2297,
      2017,
      1841,
      1637,
      1438,
      1334,
      1217,
      1032,
      875,
      812,
      710,
      552,
      521,
      484,
      405,
      348,
      297,
      244,
      210,
      155,
      149,
      118,
      79,
      74,
      55,
      58,
      59,
      35,
      31,
      22,
      25,
      15,
      13,
      8,
      8,
      4,
      5,
      5,
      2,
      5,
      1,
      0,
      1,
      0,
      0,
      2,
      2
    ],
    "bin_edges": [
      -3.9518063068389893,
      -3.8917489051818848,
      -3.831691265106201,
      -3.7716338634490967,
      -3.711576461791992,
      -3.6515188217163086,
      -3.591461420059204,
      -3.5314040184020996,
      -3.471346378326416,
      -3.4112889766693115,
      -3.351231575012207,
      -3.2911741733551025,
      -3.231116533279419,
      -3.1710591316223145,
      -3.11100172996521,
      -3.0509440898895264,
      -2.990886688232422,
      -2.9308292865753174,
      -2.870771646499634,
      -2.8107142448425293,
      -2.750656843185425,
      -2.690599203109741,
      -2.6305418014526367,
      -2.5704843997955322,
      -2.5104269981384277,
      -2.450369358062744,
      -2.3903119564056396,
      -2.330254554748535,
      -2.2701969146728516,
      -2.210139513015747,
      -2.1500821113586426,
      -2.090024471282959,
      -2.0299670696258545,
      -1.9699095487594604,
      -1.909852147102356,
      -1.849794626235962,
      -1.7897372245788574,
      -1.7296797037124634,
      -1.6696221828460693,
      -1.6095647811889648,
      -1.5495072603225708,
      -1.4894497394561768,
      -1.4293923377990723,
      -1.3693348169326782,
      -1.3092772960662842,
      -1.2492198944091797,
      -1.1891623735427856,
      -1.1291049718856812,
      -1.069047451019287,
      -1.008989930152893,
      -0.9489325284957886,
      -0.8888750076293945,
      -0.8288175463676453,
      -0.768760085105896,
      -0.708702564239502,
      -0.6486451029777527,
      -0.5885876417160034,
      -0.5285301804542542,
      -0.4684726893901825,
      -0.40841519832611084,
      -0.3483577370643616,
      -0.2883002758026123,
      -0.22824278473854065,
      -0.1681853085756302,
      -0.10812807083129883,
      -0.04807059466838837,
      0.011986881494522095,
      0.07204435765743256,
      0.13210183382034302,
      0.19215930998325348,
      0.25221678614616394,
      0.3122742772102356,
      0.37233173847198486,
      0.43238919973373413,
      0.4924466907978058,
      0.5525041818618774,
      0.6125616431236267,
      0.672619104385376,
      0.73267662525177,
      0.7927340865135193,
      0.8527915477752686,
      0.9128490090370178,
      0.9729064702987671,
      1.0329639911651611,
      1.0930213928222656,
      1.1530789136886597,
      1.2131364345550537,
      1.2731938362121582,
      1.3332513570785522,
      1.3933088779449463,
      1.4533662796020508,
      1.5134238004684448,
      1.5734813213348389,
      1.6335387229919434,
      1.6935962438583374,
      1.753653645515442,
      1.813711166381836,
      1.87376868724823,
      1.9338260889053345,
      1.9938836097717285,
      2.053941011428833,
      2.1139986515045166,
      2.174056053161621,
      2.2341134548187256,
      2.29417085647583,
      2.3542284965515137,
      2.414285898208618,
      2.4743432998657227,
      2.5344009399414062,
      2.5944583415985107,
      2.6545157432556152,
      2.714573383331299,
      2.7746307849884033,
      2.834688186645508,
      2.8947458267211914,
      2.954803228378296,
      3.0148606300354004,
      3.074918270111084,
      3.1349756717681885,
      3.195033073425293,
      3.2550907135009766,
      3.315148115158081,
      3.3752055168151855,
      3.43526291847229,
      3.4953205585479736,
      3.555377960205078,
      3.6154353618621826,
      3.675493001937866,
      3.7355504035949707
    ]
  }
}