{
  "module": "block.1.attn.q_lif",
  "state_shape": [
    64,
    384,
    64
  ],
  "time_steps": 1,
  "numel_sampled": 196608,
  "mean": 0.06414466351270676,
  "std": 0.9044588804244995,
  "min": -3.655107021331787,
  "max": 4.191341876983643,
  "quantiles": {
    "0.00": -3.655107021331787,
    "0.01": -1.9913175106048584,
    "0.05": -1.3927254676818848,
    "0.10": -1.0787123441696167,
    "0.25": -0.5563141703605652,
    "0.50": 0.0486346110701561,
    "0.75": 0.6704807281494141,
    "0.90": 1.2343568801879883,
    "0.95": 1.5716744661331177,
    "0.99": 2.214099407196045,
    "1.00": 4.191341876983643
  },
  "histogram": {
    "counts": [
      1,
      1,
      2,
      2,
      1,
      3,
      4,
      4,
      6,
      14,
      13,
      16,
      33,
      37,
      36,
      33,
      49,
      44,
      69,
      104,
      117,
      137,
      171,
      205,
      231,
      258,
      330,
      391,
      456,
      509,
      618,
      730,
      767,
      932,
      1118,
      1160,
      1357,
      1517,
      1768,
      1905,
      2078,
      2365,
      2534,
      2860,
      3104,
      3291,
      3503,
      3814,
      3921,
      4237,
      4231,
      4400,
      4691,
      4830,
      5017,
      5070,
      5302,
      5208,
      5244,
      5282,
      5251,
      5274,
      5126,
      5161,
      5070,
      4906,
      4767,
      4679,
      4446,
      4233,
      4142,
      3943,
      3799,
      3479,
      3366,
      3118,
      2966,
      2754,
      2569,
      2320,
      2151,
      1955,
      1765,
      1573,
      1464,
      1279,
      1116,
      1084,
      960,
      754,
      734,
      637,
      542,
      433,
      427,
      339,
      352,
      281,
      198,
      153,
      149,
      118,
      119,
      84,
      68,
      67,
      56,
      45,
      47,
      29,
      30,
      14,
      19,
      17,
      13,
      11,
      3,
      4,
      6,
      4,
      0,
      3,
      2,
      0,
      0,
      1,
      1,
      1
    ],
    "bin_edges": [
      -3.655107021331787,
      -3.593806743621826,
      -3.532506227493286,
      -3.471205949783325,
      -3.409905433654785,
      -3.348605155944824,
      -3.287304639816284,
      -3.2260043621063232,
      -3.164703845977783,
      -3.1034035682678223,
      -3.0421032905578613,
      -2.9808027744293213,
      -2.9195024967193604,
      -2.8582019805908203,
      -2.7969017028808594,
      -2.7356011867523193,
      -2.6743009090423584,
      -2.6130006313323975,
      -2.5517001152038574,
      -2.4903998374938965,
      -2.4290993213653564,
      -2.3677990436553955,
      -2.3064985275268555,
      -2.2451982498168945,
      -2.1838979721069336,
      -2.1225974559783936,
      -2.0612971782684326,
      -1.9999966621398926,
      -1.9386963844299316,
      -1.8773959875106812,
      -1.8160955905914307,
      -1.7547951936721802,
      -1.6934947967529297,
      -1.6321943998336792,
      -1.5708940029144287,
      -1.5095936059951782,
      -1.4482932090759277,
      -1.3869929313659668,
      -1.3256925344467163,
      -1.2643921375274658,
      -1.2030917406082153,
      -1.1417913436889648,
      -1.0804909467697144,
      -1.0191905498504639,
      -0.9578902125358582,
      -0.8965898156166077,
      -0.835289478302002,
      -0.7739890813827515,
      -0.712688684463501,
      -0.6513882875442505,
      -0.590087890625,
      -0.5287875533103943,
      -0.4674871563911438,
      -0.4061867594718933,
      -0.3448863923549652,
      -0.2835860252380371,
      -0.22228562831878662,
      -0.16098524630069733,
      -0.09968486428260803,
      -0.03838448226451874,
      0.022915899753570557,
      0.08421628177165985,
      0.14551666378974915,
      0.20681704580783844,
      0.26811742782592773,
      0.3294178247451782,
      0.3907181918621063,
      0.4520185589790344,
      0.5133189558982849,
      0.5746193528175354,
      0.6359196901321411,
      0.6972200870513916,
      0.7585204839706421,
      0.8198208808898926,
      0.8811212778091431,
      0.9424216151237488,
      1.0037219524383545,
      1.065022349357605,
      1.1263227462768555,
      1.187623143196106,
      1.2489235401153564,
      1.310223937034607,
      1.3715243339538574,
      1.432824730873108,
      1.4941251277923584,
      1.5554254055023193,
      1.6167258024215698,
      1.6780261993408203,
      1.7393265962600708,
      1.8006269931793213,
      1.8619273900985718,
      1.9232277870178223,
      1.9845280647277832,
      2.0458285808563232,
      2.107128858566284,
      2.168429374694824,
      2.229729652404785,
      2.291029930114746,
      2.352330446243286,
      2.413630723953247,
      2.474931240081787,
      2.536231517791748,
      2.597532033920288,
      2.658832311630249,
      2.720132827758789,
      2.78143310546875,
      2.842733383178711,
      2.904033899307251,
      2.965334177017212,
      3.026634693145752,
      3.087934970855713,
      3.149235486984253,
      3.210535764694214,
      3.271836042404175,
      3.333136558532715,
      3.394436836242676,
      3.455737352371216,
      3.5170376300811768,
      3.578338146209717,
      3.6396384239196777,
      3.7009387016296387,
      3.7622392177581787,
      3.8235394954681396,
      3.8848400115966797,
      3.9461402893066406,
      4.007440567016602,
      4.068741321563721,
      4.130041599273682,
      4.191341876983643
    ]
  }
}