{
  "module": "block.1.attn.k_lif",
  "state_shape": [
    64,
    384,
    64
  ],
  "time_steps": 1,
  "numel_sampled": 196608,
  "mean": -0.29794833064079285,
  "std": 0.7506584525108337,
  "min": -3.9077115058898926,
  "max": 5.044728755950928,
  "quantiles": {
    "0.00": -3.9077115058898926,
    "0.01": -1.938733458518982,
    "0.05": -1.4705054759979248,
    "0.10": -1.2257826328277588,
    "0.25": -0.8133681416511536,
    "0.50": -0.32998859882354736,
    "0.75": 0.18747137486934662,
    "0.90": 0.6768644452095032,
    "0.95": 0.9826721549034119,
    "0.99": 1.5863518714904785,
    "1.00": 5.044728755950928
  },
  "histogram": {
    "counts": [
      3,
      1,
      0,
      1,
      2,
      0,
      0,
      0,
      2,
      2,
      3,
      11,
      2,
      9,
      14,
      22,
      24,
      35,
      24,
      44,
      74,
      91,
      116,
      135,
      192,
      285,
      384,
      403,
      556,
      690,
      905,
      1132,
      1346,
      1649,
      1998,
      2429,
      2692,
      3159,
      3709,
      4097,
      4681,
      5176,
      5632,
      5959,
      6353,
      6720,
      6981,
      7124,
      7301,
      7511,
      7427,
      7409,
      7332,
      7132,
      6789,
      6530,
      6185,
      5851,
      5543,
      5318,
      4922,
      4350,
      3964,
      3602,
      3331,
      2870,
      2548,
      2376,
      2006,
      1747,
      1530,
      1356,
      1123,
      941,
      781,
      679,
      598,
      479,
      415,
      323,
      288,
      217,
      168,
      160,
      113,
      90,
      81,
      56,
      67,
      37,
      39,
      42,
      16,
      17,
      10,
      13,
      4,
      14,
      5,
      7,
      6,
      3,
      4,
      3,
      1,
      2,
      1,
      2,
      2,
      0,
      1,
      0,
      0,
      0,
      0,
      1,
      0,
      1,
      0,
      0,
      0,
      0,
      0,
      0,
      0,
      0,
      0,
      1
    ],
    "bin_edges": [
      -3.9077115058898926,
      -3.837770462036133,
      -3.767829656600952,
      -3.6978886127471924,
      -3.6279478073120117,
      -3.558006763458252,
      -3.4880659580230713,
      -3.4181249141693115,
      -3.348184108734131,
      -3.278243064880371,
      -3.2083020210266113,
      -3.1383612155914307,
      -3.068420171737671,
      -2.9984793663024902,
      -2.9285383224487305,
      -2.85859751701355,
      -2.78865647315979,
      -2.7187154293060303,
      -2.6487746238708496,
      -2.57883358001709,
      -2.508892774581909,
      -2.4389517307281494,
      -2.3690109252929688,
      -2.299069881439209,
      -2.229128837585449,
      -2.1591880321502686,
      -2.089246988296509,
      -2.019306182861328,
      -1.9493651390075684,
      -1.8794242143630981,
      -1.809483289718628,
      -1.7395423650741577,
      -1.6696014404296875,
      -1.5996605157852173,
      -1.529719591140747,
      -1.4597786664962769,
      -1.3898377418518066,
      -1.3198966979980469,
      -1.2499557733535767,
      -1.1800148487091064,
      -1.1100739240646362,
      -1.040132999420166,
      -0.9701920747756958,
      -0.9002510905265808,
      -0.8303101658821106,
      -0.7603692412376404,
      -0.6904282569885254,
      -0.6204873323440552,
      -0.550546407699585,
      -0.48060548305511475,
      -0.41066452860832214,
      -0.34072357416152954,
      -0.2707826495170593,
      -0.20084170997142792,
      -0.1309007704257965,
      -0.0609598308801651,
      0.008981108665466309,
      0.07892204821109772,
      0.14886298775672913,
      0.21880392730236053,
      0.28874486684799194,
      0.35868579149246216,
      0.42862674593925476,
      0.49856770038604736,
      0.5685086250305176,
      0.6384495496749878,
      0.708390474319458,
      0.778331458568573,
      0.8482723832130432,
      0.9182133078575134,
      0.9881542921066284,
      1.0580952167510986,
      1.1280361413955688,
      1.197977066040039,
      1.2679179906845093,
      1.3378589153289795,
      1.4077999591827393,
      1.4777408838272095,
      1.5476818084716797,
      1.61762273311615,
      1.6875636577606201,
      1.7575045824050903,
      1.8274455070495605,
      1.8973864316940308,
      1.967327356338501,
      2.0372684001922607,
      2.1072092056274414,
      2.177150249481201,
      2.247091293334961,
      2.3170320987701416,
      2.3869731426239014,
      2.456913948059082,
      2.526854991912842,
      2.5967957973480225,
      2.6667368412017822,
      2.736677646636963,
      2.8066186904907227,
      2.8765597343444824,
      2.946500539779663,
      3.016441583633423,
      3.0863823890686035,
      3.1563234329223633,
      3.226264238357544,
      3.2962052822113037,
      3.3661460876464844,
      3.436087131500244,
      3.506028175354004,
      3.5759689807891846,
      3.6459100246429443,
      3.715850830078125,
      3.7857918739318848,
      3.8557326793670654,
      3.925673723220825,
      3.995614767074585,
      4.065555572509766,
      4.135496616363525,
      4.205437660217285,
      4.275378227233887,
      4.3453192710876465,
      4.415260314941406,
      4.485201358795166,
      4.555142402648926,
      4.625082969665527,
      4.695024013519287,
      4.764965057373047,
      4.834906101226807,
      4.904846668243408,
      4.974787712097168,
      5.044728755950928
    ]
  }
}