{
  "module": "block.0.attn.attn_lif",
  "state_shape": [
    64,
    384,
    64
  ],
  "time_steps": 1,
  "numel_sampled": 196608,
  "mean": 2.1209213733673096,
  "std": 2.270953416824341,
  "min": 0.0,
  "max": 27.375,
  "quantiles": {
    "0.00": 0.0,
    "0.01": 0.0,
    "0.05": 0.0,
    "0.10": 0.125,
    "0.25": 0.5,
    "0.50": 1.375,
    "0.75": 3.0,
    "0.90": 5.0,
    "0.95": 6.625,
    "0.99": 10.5,
    "1.00": 27.375
  },
  "histogram": {
    "counts": [
      24696,
      17860,
      16449,
      7447,
      14008,
      12472,
      5869,
      10748,
      9342,
      8422,
      3803,
      7103,
      6166,
      2915,
      5387,
      4707,
      4304,
      1928,
      3515,
      3144,
      1371,
      2579,
      2246,
      2047,
      952,
      1748,
      1588,
      684,
      1374,
      1201,
      1039,
      477,
      872,
      786,
      335,
      683,
      646,
      537,
      254,
      472,
      412,
      186,
      360,
      323,
      163,
      282,
      275,
      224,
      124,
      220,
      173,
      73,
      141,
      156,
      120,
      70,
      110,
      96,
      42,
      84,
      79,
      82,
      24,
      50,
      56,
      24,
      57,
      49,
      38,
      14,
      31,
      29,
      15,
      28,
      26,
      22,
      8,
      15,
      20,
      8,
      13,
      11,
      10,
      2,
      10,
      13,
      2,
      7,
      4,
      2,
      12,
      2,
      3,
      1,
      6,
      3,
      1,
      1,
      3,
      1,
      2,
      0,
      2,
      0,
      3,
      2,
      1,
      0,
      0,
      0,
      0,
      0,
      1,
      1,
      0,
      1,
      0,
      0,
      1,
      0,
      0,
      0,
      0,
      0,
      1,
      0,
      0,
      1
    ],
    "bin_edges": [
      0.0,
      0.2138671875,
      0.427734375,
      0.6416015625,
      0.85546875,
      1.0693359375,
      1.283203125,
      1.4970703125,
      1.7109375,
      1.9248046875,
      2.138671875,
      2.3525390625,
      2.56640625,
      2.7802734375,
      2.994140625,
      3.2080078125,
      3.421875,
      3.6357421875,
      3.849609375,
      4.0634765625,
      4.27734375,
      4.4912109375,
      4.705078125,
      4.9189453125,
      5.1328125,
      5.3466796875,
      5.560546875,
      5.7744140625,
      5.98828125,
      6.2021484375,
      6.416015625,
      6.6298828125,
      6.84375,
      7.0576171875,
      7.271484375,
      7.4853515625,
      7.69921875,
      7.9130859375,
      8.126953125,
      8.3408203125,
      8.5546875,
      8.7685546875,
      8.982421875,
      9.1962890625,
      9.41015625,
      9.6240234375,
      9.837890625,
      10.0517578125,
      10.265625,
      10.4794921875,
      10.693359375,
      10.9072265625,
      11.12109375,
      11.3349609375,
      11.548828125,
      11.7626953125,
      11.9765625,
      12.1904296875,
      12.404296875,
      12.6181640625,
      12.83203125,
      13.0458984375,
      13.259765625,
      13.4736328125,
      13.6875,
      13.9013671875,
      14.115234375,
      14.3291015625,
      14.54296875,
      14.7568359375,
      14.970703125,
      15.1845703125,
      15.3984375,
      15.6123046875,
      15.826171875,
      16.0400390625,
      16.25390625,
      16.4677734375,
      16.681640625,
      16.8955078125,
      17.109375,
      17.3232421875,
      17.537109375,
      17.7509765625,
      17.96484375,
      18.1787109375,
      18.392578125,
      18.6064453125,
      18.8203125,
      19.0341796875,
      19.248046875,
      19.4619140625,
      19.67578125,
      19.8896484375,
      20.103515625,
      20.3173828125,
      20.53125,
      20.7451171875,
      20.958984375,
      21.1728515625,
      21.38671875,
      21.6005859375,
      21.814453125,
      22.0283203125,
      22.2421875,
      22.4560546875,
      22.669921875,
      22.8837890625,
      23.09765625,
      23.3115234375,
      23.525390625,
      23.7392578125,
      23.953125,
      24.1669921875,
      24.380859375,
      24.5947265625,
      24.80859375,
      25.0224609375,
      25.236328125,
      25.4501953125,
      25.6640625,
      25.8779296875,
      26.091796875,
      26.3056640625,
      26.51953125,
      26.7333984375,
      26.947265625,
      27.1611328125,
      27.375
    ]
  }
}