{
  "module": "block.3.mlp.mlp1_lif",
  "state_shape": [
    64,
    384,
    8,
    8
  ],
  "time_steps": 1,
  "numel_sampled": 196608,
  "mean": 0.0626276284456253,
  "std": 0.9932316541671753,
  "min": -3.359328508377075,
  "max": 3.834352731704712,
  "quantiles": {
    "0.00": -3.359328508377075,
    "0.01": -2.003077983856201,
    "0.05": -1.494877815246582,
    "0.10": -1.2182282209396362,
    "0.25": -0.6822245717048645,
    "0.50": 0.05688801407814026,
    "0.75": 0.7601815462112427,
    "0.90": 1.333000898361206,
    "0.95": 1.7137150764465332,
    "0.99": 2.434911012649536,
    "1.00": 3.834352731704712
  },
  "histogram": {
    "counts": [
      1,
      0,
      2,
      2,
      1,
      0,
      6,
      3,
      11,
      10,
      18,
      13,
      22,
      32,
      52,
      79,
      83,
      93,
      128,
      189,
      213,
      250,
      349,
      353,
      461,
      500,
      608,
      711,
      782,
      938,
      1016,
      1253,
      1395,
      1601,
      1729,
      2040,
      2129,
      2367,
      2478,
      2671,
      2893,
      2994,
      3206,
      3202,
      3285,
      3424,
      3422,
      3427,
      3579,
      3694,
      3727,
      3786,
      3701,
      3711,
      3772,
      3701,
      3796,
      3817,
      3723,
      3792,
      3935,
      3745,
      3951,
      3898,
      3886,
      3984,
      3980,
      3889,
      4025,
      4029,
      3981,
      3981,
      3815,
      3732,
      3494,
      3493,
      3281,
      3016,
      2907,
      2739,
      2432,
      2344,
      2094,
      2031,
      1720,
      1646,
      1500,
      1338,
      1230,
      1138,
      974,
      894,
      844,
      782,
      706,
      675,
      618,
      568,
      531,
      448,
      409,
      346,
      338,
      347,
      235,
      214,
      183,
      161,
      152,
      133,
      108,
      75,
      60,
      50,
      61,
      47,
      40,
      36,
      26,
      23,
      14,
      10,
      9,
      6,
      2,
      4,
      1,
      3
    ],
    "bin_edges": [
      -3.359328508377075,
      -3.3031277656555176,
      -3.246927261352539,
      -3.1907265186309814,
      -3.134526014328003,
      -3.0783252716064453,
      -3.022124767303467,
      -2.965924024581909,
      -2.9097235202789307,
      -2.853522777557373,
      -2.7973222732543945,
      -2.741121530532837,
      -2.6849207878112793,
      -2.628720283508301,
      -2.572519540786743,
      -2.5163190364837646,
      -2.460118293762207,
      -2.4039177894592285,
      -2.347717046737671,
      -2.2915165424346924,
      -2.2353157997131348,
      -2.1791152954101562,
      -2.1229145526885986,
      -2.066713809967041,
      -2.0105133056640625,
      -1.9543126821517944,
      -1.8981120586395264,
      -1.8419113159179688,
      -1.7857106924057007,
      -1.7295100688934326,
      -1.6733094453811646,
      -1.6171088218688965,
      -1.5609081983566284,
      -1.5047075748443604,
      -1.4485069513320923,
      -1.3923063278198242,
      -1.3361057043075562,
      -1.279905080795288,
      -1.2237043380737305,
      -1.1675037145614624,
      -1.1113030910491943,
      -1.0551024675369263,
      -0.9989018440246582,
      -0.9427012205123901,
      -0.8865005970001221,
      -0.830299973487854,
      -0.7740992903709412,
      -0.7178986668586731,
      -0.661698043346405,
      -0.605497419834137,
      -0.5492967963218689,
      -0.49309614300727844,
      -0.436895489692688,
      -0.3806948661804199,
      -0.32449424266815186,
      -0.2682935893535614,
      -0.21209296584129333,
      -0.15589232742786407,
      -0.09969169646501541,
      -0.04349106177687645,
      0.012709572911262512,
      0.06891021132469177,
      0.12511083483695984,
      0.1813114732503891,
      0.23751211166381836,
      0.2937127351760864,
      0.3499133884906769,
      0.40611401200294495,
      0.4623146653175354,
      0.5185152888298035,
      0.5747159123420715,
      0.6309165358543396,
      0.6871172189712524,
      0.7433178424835205,
      0.7995184659957886,
      0.8557190895080566,
      0.9119197130203247,
      0.9681203365325928,
      1.0243209600448608,
      1.080521583557129,
      1.1367223262786865,
      1.1929229497909546,
      1.2491235733032227,
      1.3053241968154907,
      1.3615248203277588,
      1.4177254438400269,
      1.473926067352295,
      1.530126690864563,
      1.586327314376831,
      1.6425279378890991,
      1.6987285614013672,
      1.7549293041229248,
      1.8111299276351929,
      1.867330551147461,
      1.923531174659729,
      1.979731798171997,
      2.0359325408935547,
      2.092133045196533,
      2.148333787918091,
      2.2045342922210693,
      2.260735034942627,
      2.3169355392456055,
      2.373136281967163,
      2.4293367862701416,
      2.485537528991699,
      2.5417380332946777,
      2.5979387760162354,
      2.654139518737793,
      2.7103400230407715,
      2.766540765762329,
      2.8227412700653076,
      2.8789420127868652,
      2.9351425170898438,
      2.9913432598114014,
      3.04754376411438,
      3.1037445068359375,
      3.159945011138916,
      3.2161457538604736,
      3.2723464965820312,
      3.3285470008850098,
      3.3847477436065674,
      3.440948247909546,
      3.4971489906311035,
      3.553349494934082,
      3.6095502376556396,
      3.665750741958618,
      3.721951484680176,
      3.7781519889831543,
      3.834352731704712
    ]
  }
}