{
  "module": "block.0.attn.proj_lif",
  "state_shape": [
    64,
    384,
    8,
    8
  ],
  "time_steps": 1,
  "numel_sampled": 196608,
  "mean": -0.1262986809015274,
  "std": 0.8449598550796509,
  "min": -4.957793235778809,
  "max": 4.181816101074219,
  "quantiles": {
    "0.00": -4.957793235778809,
    "0.01": -2.1923155784606934,
    "0.05": -1.5426926612854004,
    "0.10": -1.210145115852356,
    "0.25": -0.6766796708106995,
    "0.50": -0.10754430294036865,
    "0.75": 0.4385722875595093,
    "0.90": 0.9342713356018066,
    "0.95": 1.2328910827636719,
    "0.99": 1.8127511739730835,
    "1.00": 4.181816101074219
  },
  "histogram": {
    "counts": [
      1,
      0,
      0,
      0,
      0,
      0,
      1,
      1,
      0,
      0,
      2,
      0,
      1,
      4,
      0,
      0,
      2,
      2,
      7,
      6,
      3,
      14,
      11,
      12,
      15,
      28,
      30,
      38,
      48,
      71,
      81,
      90,
      144,
      154,
      162,
      216,
      248,
      303,
      368,
      447,
      510,
      595,
      796,
      853,
      977,
      1112,
      1302,
      1444,
      1691,
      1949,
      2191,
      2417,
      2792,
      3069,
      3278,
      3699,
      4064,
      4322,
      4692,
      5120,
      5354,
      5693,
      5851,
      6321,
      6250,
      6593,
      6676,
      6708,
      6752,
      6819,
      6727,
      6615,
      6421,
      6176,
      5871,
      5557,
      5214,
      4869,
      4498,
      4078,
      3663,
      3245,
      2965,
      2663,
      2387,
      2146,
      1791,
      1506,
      1338,
      1120,
      984,
      825,
      641,
      561,
      454,
      378,
      341,
      216,
      216,
      161,
      142,
      89,
      90,
      61,
      50,
      32,
      21,
      25,
      24,
      4,
      7,
      9,
      6,
      8,
      3,
      4,
      2,
      1,
      0,
      0,
      1,
      1,
      0,
      0,
      0,
      0,
      0,
      1
    ],
    "bin_edges": [
      -4.957793235778809,
      -4.886390209197998,
      -4.814986705780029,
      -4.743583679199219,
      -4.672180652618408,
      -4.6007771492004395,
      -4.529374122619629,
      -4.45797061920166,
      -4.38656759262085,
      -4.315164566040039,
      -4.24376106262207,
      -4.17235803604126,
      -4.100955009460449,
      -4.0295515060424805,
      -3.95814847946167,
      -3.8867452144622803,
      -3.8153419494628906,
      -3.74393892288208,
      -3.6725356578826904,
      -3.601132392883301,
      -3.5297293663024902,
      -3.4583261013031006,
      -3.386922836303711,
      -3.3155195713043213,
      -3.2441165447235107,
      -3.172713279724121,
      -3.1013100147247314,
      -3.029906988143921,
      -2.9585037231445312,
      -2.8871004581451416,
      -2.815697193145752,
      -2.7442941665649414,
      -2.6728909015655518,
      -2.601487636566162,
      -2.5300846099853516,
      -2.458681344985962,
      -2.3872780799865723,
      -2.3158748149871826,
      -2.244471788406372,
      -2.1730685234069824,
      -2.1016652584075928,
      -2.0302622318267822,
      -1.9588589668273926,
      -1.887455701828003,
      -1.8160525560379028,
      -1.7446492910385132,
      -1.673246145248413,
      -1.6018428802490234,
      -1.5304397344589233,
      -1.4590365886688232,
      -1.3876333236694336,
      -1.3162301778793335,
      -1.2448269128799438,
      -1.1734237670898438,
      -1.102020502090454,
      -1.030617356300354,
      -0.9592141509056091,
      -0.8878109455108643,
      -0.8164077401161194,
      -0.7450045347213745,
      -0.6736013889312744,
      -0.6021981835365295,
      -0.5307949781417847,
      -0.4593917727470398,
      -0.3879885673522949,
      -0.31658536195755005,
      -0.24518217146396637,
      -0.1737789809703827,
      -0.10237577557563782,
      -0.03097257763147354,
      0.040430620312690735,
      0.11183381825685501,
      0.1832370162010193,
      0.25464022159576416,
      0.32604342699050903,
      0.3974466025829315,
      0.4688498079776764,
      0.5402529835700989,
      0.6116561889648438,
      0.6830593943595886,
      0.7544625997543335,
      0.8258658051490784,
      0.8972690105438232,
      0.9686722159385681,
      1.040075421333313,
      1.111478567123413,
      1.1828818321228027,
      1.2542849779129028,
      1.325688123703003,
      1.3970913887023926,
      1.4684945344924927,
      1.5398977994918823,
      1.6113009452819824,
      1.682704210281372,
      1.7541073560714722,
      1.8255106210708618,
      1.896913766860962,
      1.968316912651062,
      2.039720058441162,
      2.1111233234405518,
      2.1825265884399414,
      2.253929853439331,
      2.3253328800201416,
      2.3967361450195312,
      2.468139410018921,
      2.5395424365997314,
      2.610945701599121,
      2.6823489665985107,
      2.7537522315979004,
      2.825155258178711,
      2.8965585231781006,
      2.9679617881774902,
      3.039364814758301,
      3.1107680797576904,
      3.18217134475708,
      3.2535746097564697,
      3.3249776363372803,
      3.39638090133667,
      3.4677841663360596,
      3.539187431335449,
      3.6105904579162598,
      3.6819937229156494,
      3.753396987915039,
      3.8248000144958496,
      3.8962032794952393,
      3.967606544494629,
      4.0390095710754395,
      4.110413074493408,
      4.181816101074219
    ]
  }
}