{
  "module": "block.3.mlp.mlp2_lif",
  "state_shape": [
    64,
    1536,
    8,
    8
  ],
  "time_steps": 1,
  "numel_sampled": 196608,
  "mean": 0.06906989961862564,
  "std": 1.3301419019699097,
  "min": -5.514340400695801,
  "max": 5.565237045288086,
  "quantiles": {
    "0.00": -5.514340400695801,
    "0.01": -2.650402784347534,
    "0.05": -1.9454246759414673,
    "0.10": -1.6069252490997314,
    "0.25": -0.9416712522506714,
    "0.50": 0.0007545592961832881,
    "0.75": 1.088228464126587,
    "0.90": 1.8503729104995728,
    "0.95": 2.268190383911133,
    "0.99": 3.0834951400756836,
    "1.00": 5.565237045288086
  },
  "histogram": {
    "counts": [
      1,
      1,
      0,
      0,
      3,
      1,
      0,
      1,
      1,
      5,
      4,
      1,
      6,
      7,
      11,
      11,
      18,
      21,
      21,
      25,
      39,
      44,
      44,
      67,
      75,
      79,
      111,
      134,
      161,
      195,
      219,
      269,
      356,
      414,
      481,
      610,
      795,
      958,
      1097,
      1425,
      1661,
      2010,
      2292,
      2598,
      2908,
      3371,
      3639,
      3701,
      3785,
      3917,
      3928,
      4084,
      4281,
      4403,
      4557,
      4507,
      4451,
      4560,
      4463,
      4486,
      4427,
      4517,
      4717,
      4706,
      4646,
      4565,
      4594,
      4957,
      4271,
      4193,
      3447,
      3260,
      3160,
      3105,
      3222,
      3371,
      3430,
      3483,
      3599,
      3629,
      3550,
      3472,
      3270,
      2999,
      2791,
      2596,
      2310,
      2002,
      1791,
      1521,
      1354,
      1249,
      1099,
      910,
      791,
      640,
      620,
      504,
      432,
      385,
      328,
      303,
      225,
      182,
      157,
      120,
      97,
      69,
      61,
      42,
      33,
      23,
      16,
      9,
      12,
      4,
      6,
      4,
      4,
      3,
      3,
      0,
      4,
      1,
      0,
      1,
      2,
      1
    ],
    "bin_edges": [
      -5.514340400695801,
      -5.427781105041504,
      -5.341221809387207,
      -5.254662990570068,
      -5.1681036949157715,
      -5.081544399261475,
      -4.994985103607178,
      -4.908425807952881,
      -4.821866989135742,
      -4.735307693481445,
      -4.648748397827148,
      -4.562189102172852,
      -4.475629806518555,
      -4.389070987701416,
      -4.302511692047119,
      -4.215952396392822,
      -4.129393100738525,
      -4.0428338050842285,
      -3.9562747478485107,
      -3.869715690612793,
      -3.783156394958496,
      -3.6965973377227783,
      -3.6100380420684814,
      -3.5234787464141846,
      -3.436919689178467,
      -3.35036039352417,
      -3.263801336288452,
      -3.1772420406341553,
      -3.0906827449798584,
      -3.0041236877441406,
      -2.9175643920898438,
      -2.831005334854126,
      -2.744446039199829,
      -2.6578867435455322,
      -2.5713276863098145,
      -2.4847683906555176,
      -2.3982093334198,
      -2.311650037765503,
      -2.225090742111206,
      -2.1385316848754883,
      -2.0519723892211914,
      -1.965413212776184,
      -1.8788540363311768,
      -1.7922948598861694,
      -1.705735683441162,
      -1.6191765069961548,
      -1.532617211341858,
      -1.4460580348968506,
      -1.3594988584518433,
      -1.272939682006836,
      -1.1863805055618286,
      -1.0998212099075317,
      -1.0132620334625244,
      -0.9267028570175171,
      -0.8401436805725098,
      -0.7535844445228577,
      -0.6670252680778503,
      -0.580466091632843,
      -0.4939068555831909,
      -0.4073476791381836,
      -0.3207884728908539,
      -0.23422926664352417,
      -0.14767007529735565,
      -0.06111087650060654,
      0.025448322296142578,
      0.1120075210928917,
      0.1985667198896408,
      0.2851259112358093,
      0.37168511748313904,
      0.45824432373046875,
      0.5448035001754761,
      0.6313627362251282,
      0.7179219126701355,
      0.8044810891151428,
      0.8910403251647949,
      0.9775995016098022,
      1.0641586780548096,
      1.150717854499817,
      1.2372771501541138,
      1.323836326599121,
      1.4103955030441284,
      1.4969546794891357,
      1.583513855934143,
      1.67007315158844,
      1.7566323280334473,
      1.8431915044784546,
      1.929750680923462,
      2.016309976577759,
      2.1028690338134766,
      2.1894283294677734,
      2.275987386703491,
      2.362546682357788,
      2.449105978012085,
      2.5356650352478027,
      2.6222243309020996,
      2.7087833881378174,
      2.7953426837921143,
      2.881901979446411,
      2.968461036682129,
      3.055020332336426,
      3.1415793895721436,
      3.2281386852264404,
      3.3146979808807373,
      3.401257038116455,
      3.487816333770752,
      3.5743753910064697,
      3.6609346866607666,
      3.7474939823150635,
      3.8340530395507812,
      3.920612335205078,
      4.007171630859375,
      4.093730449676514,
      4.1802897453308105,
      4.266849040985107,
      4.353408336639404,
      4.439967632293701,
      4.52652645111084,
      4.613085746765137,
      4.699645042419434,
      4.7862043380737305,
      4.872763633728027,
      4.959322452545166,
      5.045881748199463,
      5.13244104385376,
      5.219000339508057,
      5.3055596351623535,
      5.392118453979492,
      5.478677749633789,
      5.565237045288086
    ]
  }
}