{
  "module": "block.3.attn.k_lif",
  "state_shape": [
    64,
    384,
    64
  ],
  "time_steps": 1,
  "numel_sampled": 196608,
  "mean": -0.2521013915538788,
  "std": 0.6803430318832397,
  "min": -2.9163243770599365,
  "max": 3.1746108531951904,
  "quantiles": {
    "0.00": -2.9163243770599365,
    "0.01": -1.5949786901474,
    "0.05": -1.2470625638961792,
    "0.10": -1.0490946769714355,
    "0.25": -0.7143125534057617,
    "0.50": -0.32134634256362915,
    "0.75": 0.1337938755750656,
    "0.90": 0.6377930045127869,
    "0.95": 0.9918769598007202,
    "0.99": 1.6991450786590576,
    "1.00": 3.1746108531951904
  },
  "histogram": {
    "counts": [
      1,
      0,
      0,
      1,
      1,
      2,
      1,
      1,
      0,
      2,
      5,
      6,
      9,
      6,
      11,
      17,
      24,
      38,
      36,
      58,
      70,
      101,
      135,
      189,
      246,
      314,
      357,
      432,
      562,
      669,
      911,
      1084,
      1256,
      1441,
      1718,
      1852,
      2154,
      2398,
      2866,
      3059,
      3417,
      3979,
      4103,
      4418,
      4728,
      5034,
      5381,
      5708,
      5839,
      6086,
      6084,
      6254,
      6161,
      5992,
      5940,
      5790,
      5857,
      5515,
      5373,
      5235,
      4877,
      4683,
      4424,
      4153,
      3945,
      3560,
      3337,
      3132,
      2936,
      2718,
      2460,
      2334,
      2217,
      1945,
      1818,
      1735,
      1565,
      1388,
      1305,
      1182,
      1045,
      971,
      909,
      759,
      772,
      717,
      649,
      572,
      538,
      524,
      440,
      426,
      405,
      346,
      329,
      316,
      287,
      233,
      201,
      207,
      173,
      160,
      126,
      110,
      101,
      91,
      85,
      72,
      57,
      54,
      42,
      41,
      37,
      24,
      20,
      26,
      25,
      16,
      16,
      8,
      6,
      13,
      5,
      1,
      3,
      5,
      3,
      1
    ],
    "bin_edges": [
      -2.9163243770599365,
      -2.868738889694214,
      -2.821153402328491,
      -2.7735681533813477,
      -2.725982666015625,
      -2.6783971786499023,
      -2.6308116912841797,
      -2.583226442337036,
      -2.5356409549713135,
      -2.488055467605591,
      -2.440469980239868,
      -2.3928847312927246,
      -2.345299243927002,
      -2.2977137565612793,
      -2.2501282691955566,
      -2.202543020248413,
      -2.1549575328826904,
      -2.1073720455169678,
      -2.059786558151245,
      -2.0122010707855225,
      -1.9646157026290894,
      -1.9170303344726562,
      -1.8694448471069336,
      -1.8218594789505005,
      -1.7742739915847778,
      -1.7266886234283447,
      -1.679103136062622,
      -1.631517767906189,
      -1.5839322805404663,
      -1.5363469123840332,
      -1.4887614250183105,
      -1.4411760568618774,
      -1.3935905694961548,
      -1.3460050821304321,
      -1.298419713973999,
      -1.2508342266082764,
      -1.2032488584518433,
      -1.1556633710861206,
      -1.1080780029296875,
      -1.0604925155639648,
      -1.0129071474075317,
      -0.9653216600418091,
      -0.9177362322807312,
      -0.8701508045196533,
      -0.8225653767585754,
      -0.7749799489974976,
      -0.7273945212364197,
      -0.6798090934753418,
      -0.6322236657142639,
      -0.584638237953186,
      -0.5370528101921082,
      -0.4894673824310303,
      -0.4418819546699524,
      -0.3942964971065521,
      -0.34671106934547424,
      -0.29912564158439636,
      -0.2515402138233185,
      -0.2039547860622406,
      -0.15636935830116272,
      -0.10878391563892365,
      -0.061198487877845764,
      -0.013613056391477585,
      0.033972375094890594,
      0.08155781030654907,
      0.12914323806762695,
      0.17672866582870483,
      0.22431409358978271,
      0.2718995213508606,
      0.3194849491119385,
      0.36707040667533875,
      0.4146558344364166,
      0.4622412621974945,
      0.50982666015625,
      0.5574121475219727,
      0.6049975752830505,
      0.6525830030441284,
      0.7001684308052063,
      0.7477538585662842,
      0.7953392863273621,
      0.8429247140884399,
      0.8905101418495178,
      0.9380955696105957,
      0.9856809973716736,
      1.0332664251327515,
      1.0808519124984741,
      1.1284372806549072,
      1.1760227680206299,
      1.223608136177063,
      1.2711936235427856,
      1.3187789916992188,
      1.3663644790649414,
      1.4139498472213745,
      1.4615353345870972,
      1.5091207027435303,
      1.556706190109253,
      1.604291558265686,
      1.6518770456314087,
      1.6994625329971313,
      1.7470479011535645,
      1.794633388519287,
      1.8422187566757202,
      1.8898042440414429,
      1.937389612197876,
      1.9849750995635986,
      2.0325605869293213,
      2.080145835876465,
      2.1277313232421875,
      2.17531681060791,
      2.222902297973633,
      2.2704875469207764,
      2.318073034286499,
      2.3656585216522217,
      2.4132440090179443,
      2.460829496383667,
      2.5084147453308105,
      2.556000232696533,
      2.603585720062256,
      2.6511712074279785,
      2.698756456375122,
      2.7463419437408447,
      2.7939274311065674,
      2.84151291847229,
      2.8890981674194336,
      2.9366836547851562,
      2.984269142150879,
      3.0318546295166016,
      3.079439878463745,
      3.1270253658294678,
      3.1746108531951904
    ]
  }
}