{
  "module": "block.0.conv1.mlp1_lif",
  "state_shape": [
    64,
    384,
    8,
    8
  ],
  "time_steps": 1,
  "numel_sampled": 196608,
  "mean": -0.29124224185943604,
  "std": 0.9468741416931152,
  "min": -4.964348793029785,
  "max": 4.352959632873535,
  "quantiles": {
    "0.00": -4.964348793029785,
    "0.01": -2.5646417140960693,
    "0.05": -1.8728840351104736,
    "0.10": -1.5149996280670166,
    "0.25": -0.9172535538673401,
    "0.50": -0.272583544254303,
    "0.75": 0.3484983742237091,
    "0.90": 0.8958519697189331,
    "0.95": 1.2362297773361206,
    "0.99": 1.8865760564804077,
    "1.00": 4.352959632873535
  },
  "histogram": {
    "counts": [
      1,
      0,
      0,
      0,
      1,
      0,
      0,
      2,
      2,
      0,
      2,
      2,
      4,
      4,
      7,
      11,
      14,
      20,
      22,
      24,
      30,
      34,
      44,
      47,
      70,
      94,
      117,
      127,
      163,
      225,
      248,
      313,
      357,
      379,
      475,
      592,
      654,
      779,
      928,
      953,
      1147,
      1272,
      1517,
      1671,
      1835,
      2147,
      2310,
      2579,
      2816,
      3075,
      3404,
      3565,
      3953,
      4044,
      4393,
      4616,
      4900,
      5083,
      5317,
      5610,
      5739,
      5860,
      5978,
      5894,
      6179,
      6046,
      5965,
      5993,
      5888,
      5755,
      5592,
      5528,
      5098,
      4956,
      4674,
      4316,
      4028,
      3623,
      3346,
      3047,
      2775,
      2375,
      2131,
      1947,
      1754,
      1554,
      1349,
      1146,
      975,
      839,
      698,
      590,
      511,
      451,
      348,
      297,
      252,
      204,
      165,
      132,
      101,
      106,
      102,
      69,
      47,
      41,
      34,
      26,
      15,
      17,
      12,
      11,
      13,
      4,
      3,
      2,
      3,
      0,
      0,
      0,
      1,
      0,
      1,
      1,
      0,
      1,
      0,
      1
    ],
    "bin_edges": [
      -4.964348793029785,
      -4.891557216644287,
      -4.818765640258789,
      -4.745974540710449,
      -4.673182964324951,
      -4.600391387939453,
      -4.527599811553955,
      -4.454808712005615,
      -4.382017135620117,
      -4.309225559234619,
      -4.236433982849121,
      -4.163642406463623,
      -4.090851306915283,
      -4.018059730529785,
      -3.945268154144287,
      -3.872476816177368,
      -3.79968523979187,
      -3.726893663406372,
      -3.654102325439453,
      -3.581310749053955,
      -3.508519411087036,
      -3.435727834701538,
      -3.362936496734619,
      -3.290144920349121,
      -3.217353343963623,
      -3.144562005996704,
      -3.071770429611206,
      -2.998979091644287,
      -2.926187515258789,
      -2.85339617729187,
      -2.780604600906372,
      -2.707813262939453,
      -2.635021686553955,
      -2.562230110168457,
      -2.489438772201538,
      -2.41664719581604,
      -2.343855857849121,
      -2.271064281463623,
      -2.198272943496704,
      -2.125481367111206,
      -2.052690029144287,
      -1.979898452758789,
      -1.9071069955825806,
      -1.834315538406372,
      -1.761523962020874,
      -1.6887325048446655,
      -1.615941047668457,
      -1.5431495904922485,
      -1.47035813331604,
      -1.3975666761398315,
      -1.324775218963623,
      -1.2519837617874146,
      -1.179192304611206,
      -1.106400728225708,
      -1.0336092710494995,
      -0.960817813873291,
      -0.8880263566970825,
      -0.815234899520874,
      -0.7424434423446655,
      -0.6696519255638123,
      -0.5968604683876038,
      -0.5240690112113953,
      -0.4512775242328644,
      -0.3784860372543335,
      -0.305694580078125,
      -0.2329031080007553,
      -0.16011163592338562,
      -0.08732016384601593,
      -0.01452869176864624,
      0.05826278030872345,
      0.13105425238609314,
      0.20384572446346283,
      0.2766371965408325,
      0.349428653717041,
      0.4222201406955719,
      0.4950116276741028,
      0.5678030848503113,
      0.6405945420265198,
      0.713386058807373,
      0.7861775159835815,
      0.85896897315979,
      0.9317604303359985,
      1.004551887512207,
      1.0773433446884155,
      1.150134801864624,
      1.222926378250122,
      1.2957178354263306,
      1.368509292602539,
      1.4413007497787476,
      1.514092206954956,
      1.5868836641311646,
      1.659675121307373,
      1.732466697692871,
      1.8052581548690796,
      1.878049612045288,
      1.9508410692214966,
      2.023632526397705,
      2.096424102783203,
      2.169215440750122,
      2.24200701713562,
      2.314798355102539,
      2.387589931488037,
      2.460381269454956,
      2.533172845840454,
      2.605964183807373,
      2.678755760192871,
      2.751547336578369,
      2.824338674545288,
      2.897130250930786,
      2.969921588897705,
      3.042713165283203,
      3.115504503250122,
      3.18829607963562,
      3.261087656021118,
      3.333878993988037,
      3.406670570373535,
      3.479461908340454,
      3.552253484725952,
      3.625044822692871,
      3.697836399078369,
      3.770627975463867,
      3.843419313430786,
      3.916210889816284,
      3.989002227783203,
      4.061793804168701,
      4.134585380554199,
      4.207376480102539,
      4.280168056488037,
      4.352959632873535
    ]
  }
}