{
  "module": "block.2.mlp.mlp1_lif",
  "state_shape": [
    64,
    384,
    8,
    8
  ],
  "time_steps": 1,
  "numel_sampled": 196608,
  "mean": 0.03979874774813652,
  "std": 0.8686931133270264,
  "min": -4.077001094818115,
  "max": 4.280102252960205,
  "quantiles": {
    "0.00": -4.077001094818115,
    "0.01": -1.8869162797927856,
    "0.05": -1.3386727571487427,
    "0.10": -1.053467869758606,
    "0.25": -0.5618667602539062,
    "0.50": 0.013161029666662216,
    "0.75": 0.619962751865387,
    "0.90": 1.1772233247756958,
    "0.95": 1.5090259313583374,
    "0.99": 2.1161859035491943,
    "1.00": 4.280102252960205
  },
  "histogram": {
    "counts": [
      1,
      0,
      0,
      0,
      0,
      2,
      0,
      0,
      3,
      0,
      5,
      3,
      4,
      3,
      5,
      11,
      14,
      14,
      10,
      19,
      23,
      26,
      40,
      47,
      65,
      71,
      94,
      113,
      141,
      178,
      227,
      283,
      365,
      394,
      497,
      618,
      744,
      854,
      938,
      1206,
      1363,
      1544,
      1813,
      2024,
      2344,
      2691,
      2931,
      3155,
      3445,
      3826,
      4030,
      4276,
      4615,
      4861,
      5038,
      5255,
      5410,
      5561,
      5836,
      5869,
      5827,
      5764,
      5871,
      5865,
      5680,
      5566,
      5537,
      5256,
      5155,
      4976,
      4827,
      4479,
      4310,
      4141,
      3856,
      3585,
      3304,
      3206,
      2865,
      2717,
      2529,
      2192,
      2020,
      1858,
      1661,
      1452,
      1362,
      1177,
      1014,
      842,
      745,
      681,
      521,
      562,
      383,
      322,
      280,
      248,
      195,
      166,
      147,
      107,
      99,
      62,
      58,
      49,
      43,
      27,
      36,
      14,
      15,
      13,
      4,
      9,
      8,
      3,
      3,
      2,
      1,
      3,
      0,
      1,
      0,
      1,
      0,
      0,
      0,
      1
    ],
    "bin_edges": [
      -4.077001094818115,
      -4.011711120605469,
      -3.9464213848114014,
      -3.881131410598755,
      -3.8158416748046875,
      -3.750551700592041,
      -3.6852619647979736,
      -3.619971990585327,
      -3.5546822547912598,
      -3.4893922805786133,
      -3.424102306365967,
      -3.3588125705718994,
      -3.293522596359253,
      -3.2282328605651855,
      -3.162942886352539,
      -3.0976531505584717,
      -3.032363176345825,
      -2.9670732021331787,
      -2.9017834663391113,
      -2.836493492126465,
      -2.7712037563323975,
      -2.705913782119751,
      -2.6406240463256836,
      -2.575334072113037,
      -2.5100440979003906,
      -2.4447543621063232,
      -2.3794643878936768,
      -2.3141746520996094,
      -2.248884677886963,
      -2.1835949420928955,
      -2.118304967880249,
      -2.0530152320861816,
      -1.9877252578735352,
      -1.9224354028701782,
      -1.8571455478668213,
      -1.7918556928634644,
      -1.7265658378601074,
      -1.661275863647461,
      -1.595986008644104,
      -1.530696153640747,
      -1.4654062986373901,
      -1.4001164436340332,
      -1.3348265886306763,
      -1.2695367336273193,
      -1.2042467594146729,
      -1.138956904411316,
      -1.073667049407959,
      -1.008377194404602,
      -0.9430873394012451,
      -0.8777974843978882,
      -0.8125076293945312,
      -0.7472177147865295,
      -0.6819278597831726,
      -0.6166380047798157,
      -0.551348090171814,
      -0.48605823516845703,
      -0.4207683801651001,
      -0.35547852516174316,
      -0.29018864035606384,
      -0.22489877045154572,
      -0.1596089005470276,
      -0.09431903064250946,
      -0.029029160737991333,
      0.036260709166526794,
      0.10155057907104492,
      0.16684044897556305,
      0.23213031888008118,
      0.2974202036857605,
      0.36271005868911743,
      0.42799991369247437,
      0.4932897984981537,
      0.558579683303833,
      0.6238695383071899,
      0.6891593933105469,
      0.7544492483139038,
      0.8197391629219055,
      0.8850290179252625,
      0.9503188729286194,
      1.015608787536621,
      1.080898642539978,
      1.146188497543335,
      1.211478352546692,
      1.2767682075500488,
      1.3420580625534058,
      1.4073479175567627,
      1.4726378917694092,
      1.5379277467727661,
      1.603217601776123,
      1.66850745677948,
      1.733797311782837,
      1.7990871667861938,
      1.8643770217895508,
      1.9296669960021973,
      1.9949568510055542,
      2.060246706008911,
      2.1255364418029785,
      2.190826416015625,
      2.2561163902282715,
      2.321406126022339,
      2.3866961002349854,
      2.4519858360290527,
      2.517275810241699,
      2.5825655460357666,
      2.647855520248413,
      2.7131452560424805,
      2.778435230255127,
      2.8437252044677734,
      2.909014940261841,
      2.9743049144744873,
      3.0395946502685547,
      3.104884624481201,
      3.1701743602752686,
      3.235464334487915,
      3.3007543087005615,
      3.366044044494629,
      3.4313340187072754,
      3.4966237545013428,
      3.5619137287139893,
      3.6272034645080566,
      3.692493438720703,
      3.7577834129333496,
      3.823073148727417,
      3.8883631229400635,
      3.953652858734131,
      4.018942832946777,
      4.084232807159424,
      4.149522304534912,
      4.214812278747559,
      4.280102252960205
    ]
  }
}