{
  "module": "block.0.mlp.mlp1_lif",
  "state_shape": [
    64,
    384,
    8,
    8
  ],
  "time_steps": 1,
  "numel_sampled": 196608,
  "mean": -0.12709815800189972,
  "std": 0.7728231549263,
  "min": -3.758789539337158,
  "max": 3.6459507942199707,
  "quantiles": {
    "0.00": -3.758789539337158,
    "0.01": -1.9472202062606812,
    "0.05": -1.407523274421692,
    "0.10": -1.1184136867523193,
    "0.25": -0.6408944129943848,
    "0.50": -0.1238279789686203,
    "0.75": 0.3901268243789673,
    "0.90": 0.8518022298812866,
    "0.95": 1.1372140645980835,
    "0.99": 1.6872375011444092,
    "1.00": 3.6459507942199707
  },
  "histogram": {
    "counts": [
      1,
      1,
      1,
      0,
      0,
      3,
      0,
      1,
      2,
      3,
      2,
      3,
      2,
      4,
      6,
      19,
      18,
      19,
      33,
      38,
      40,
      52,
      70,
      87,
      95,
      123,
      155,
      199,
      270,
      272,
      339,
      372,
      447,
      556,
      710,
      755,
      853,
      1008,
      1101,
      1240,
      1453,
      1636,
      1833,
      2020,
      2228,
      2531,
      2736,
      2940,
      3226,
      3491,
      3743,
      4023,
      4267,
      4625,
      4832,
      5087,
      5250,
      5349,
      5501,
      5811,
      5865,
      5995,
      5948,
      5814,
      5950,
      5750,
      5727,
      5716,
      5361,
      5284,
      5019,
      4857,
      4560,
      4249,
      4055,
      3818,
      3483,
      3289,
      2906,
      2566,
      2432,
      2072,
      1958,
      1673,
      1478,
      1347,
      1211,
      1017,
      860,
      731,
      695,
      549,
      470,
      401,
      365,
      292,
      262,
      200,
      168,
      127,
      105,
      98,
      82,
      72,
      49,
      39,
      35,
      25,
      28,
      15,
      10,
      8,
      5,
      7,
      8,
      4,
      4,
      1,
      4,
      2,
      1,
      1,
      1,
      1,
      0,
      0,
      0,
      1
    ],
    "bin_edges": [
      -3.758789539337158,
      -3.700939893722534,
      -3.6430904865264893,
      -3.5852408409118652,
      -3.5273914337158203,
      -3.4695417881011963,
      -3.4116923809051514,
      -3.3538427352905273,
      -3.2959933280944824,
      -3.2381436824798584,
      -3.1802942752838135,
      -3.1224446296691895,
      -3.0645952224731445,
      -3.0067455768585205,
      -2.9488961696624756,
      -2.8910465240478516,
      -2.8331971168518066,
      -2.7753474712371826,
      -2.7174978256225586,
      -2.6596484184265137,
      -2.6017987728118896,
      -2.5439493656158447,
      -2.4860997200012207,
      -2.428250312805176,
      -2.3704006671905518,
      -2.312551259994507,
      -2.254701614379883,
      -2.196852207183838,
      -2.139002561569214,
      -2.081153154373169,
      -2.023303508758545,
      -1.9654539823532104,
      -1.907604455947876,
      -1.8497549295425415,
      -1.791905403137207,
      -1.7340558767318726,
      -1.676206350326538,
      -1.6183568239212036,
      -1.5605072975158691,
      -1.5026577711105347,
      -1.4448082447052002,
      -1.3869585990905762,
      -1.3291090726852417,
      -1.2712595462799072,
      -1.2134100198745728,
      -1.1555604934692383,
      -1.0977109670639038,
      -1.0398614406585693,
      -0.9820119142532349,
      -0.9241623878479004,
      -0.8663128614425659,
      -0.8084633350372314,
      -0.750613808631897,
      -0.6927642226219177,
      -0.6349146962165833,
      -0.5770651698112488,
      -0.5192156434059143,
      -0.46136611700057983,
      -0.40351659059524536,
      -0.3456670343875885,
      -0.28781750798225403,
      -0.22996798157691956,
      -0.1721184402704239,
      -0.11426890641450882,
      -0.05641937255859375,
      0.0014301612973213196,
      0.05927969515323639,
      0.11712922900915146,
      0.17497876286506653,
      0.232828289270401,
      0.29067784547805786,
      0.34852737188339233,
      0.4063768982887268,
      0.4642264246940613,
      0.5220759510993958,
      0.5799254775047302,
      0.6377750635147095,
      0.695624589920044,
      0.7534741163253784,
      0.8113236427307129,
      0.8691731691360474,
      0.9270226955413818,
      0.9848722219467163,
      1.0427217483520508,
      1.1005712747573853,
      1.1584208011627197,
      1.2162703275680542,
      1.2741198539733887,
      1.3319694995880127,
      1.3898190259933472,
      1.4476685523986816,
      1.5055180788040161,
      1.5633676052093506,
      1.621217131614685,
      1.6790666580200195,
      1.736916184425354,
      1.7947657108306885,
      1.852615237236023,
      1.9104647636413574,
      1.968314290046692,
      2.0261638164520264,
      2.0840134620666504,
      2.1418628692626953,
      2.1997125148773193,
      2.2575619220733643,
      2.3154115676879883,
      2.373260974884033,
      2.4311106204986572,
      2.488960027694702,
      2.546809673309326,
      2.604659080505371,
      2.662508726119995,
      2.720358371734619,
      2.778207778930664,
      2.836057424545288,
      2.893906831741333,
      2.951756477355957,
      3.009605884552002,
      3.067455530166626,
      3.125304937362671,
      3.183154582977295,
      3.24100399017334,
      3.298853635787964,
      3.356703042984009,
      3.414552688598633,
      3.4724020957946777,
      3.5302517414093018,
      3.5881011486053467,
      3.6459507942199707
    ]
  }
}