{
  "module": "block.0.mlp.mlp2_lif",
  "state_shape": [
    64,
    1536,
    8,
    8
  ],
  "time_steps": 1,
  "numel_sampled": 196608,
  "mean": -0.10130085796117783,
  "std": 1.0006808042526245,
  "min": -5.785121917724609,
  "max": 3.912815570831299,
  "quantiles": {
    "0.00": -5.785121917724609,
    "0.01": -2.5848898887634277,
    "0.05": -1.703494668006897,
    "0.10": -1.3277925252914429,
    "0.25": -0.7657570838928223,
    "0.50": -0.1201859712600708,
    "0.75": 0.5774652361869812,
    "0.90": 1.1963587999343872,
    "0.95": 1.547949194908142,
    "0.99": 2.174386978149414,
    "1.00": 3.912815570831299
  },
  "histogram": {
    "counts": [
      1,
      0,
      0,
      0,
      0,
      1,
      0,
      0,
      1,
      0,
      0,
      4,
      2,
      4,
      4,
      5,
      1,
      6,
      3,
      3,
      10,
      13,
      13,
      16,
      23,
      29,
      33,
      29,
      48,
      45,
      49,
      67,
      54,
      81,
      88,
      128,
      153,
      168,
      174,
      186,
      223,
      239,
      295,
      311,
      363,
      409,
      457,
      578,
      696,
      772,
      835,
      950,
      1119,
      1318,
      1462,
      1744,
      1976,
      2275,
      2647,
      2941,
      3170,
      3673,
      3974,
      4372,
      4606,
      5007,
      5199,
      5417,
      5738,
      5802,
      5946,
      5898,
      5963,
      5948,
      5899,
      5829,
      5825,
      5704,
      5464,
      5368,
      5223,
      4996,
      4829,
      4662,
      4468,
      4123,
      3961,
      3834,
      3458,
      3276,
      3071,
      2782,
      2658,
      2312,
      2081,
      1827,
      1707,
      1429,
      1300,
      1081,
      972,
      860,
      758,
      586,
      501,
      418,
      346,
      278,
      229,
      163,
      139,
      111,
      87,
      79,
      40,
      29,
      27,
      18,
      7,
      12,
      5,
      3,
      0,
      3,
      1,
      1,
      0,
      3
    ],
    "bin_edges": [
      -5.785121917724609,
      -5.709356784820557,
      -5.633591651916504,
      -5.557826519012451,
      -5.482061386108398,
      -5.406296253204346,
      -5.330531120300293,
      -5.25476598739624,
      -5.1790008544921875,
      -5.103235721588135,
      -5.027470588684082,
      -4.951705455780029,
      -4.875940322875977,
      -4.800175189971924,
      -4.724410057067871,
      -4.648644924163818,
      -4.572879791259766,
      -4.497114658355713,
      -4.42134952545166,
      -4.345584392547607,
      -4.269819259643555,
      -4.194054126739502,
      -4.118288993835449,
      -4.0425238609313965,
      -3.9667587280273438,
      -3.890993595123291,
      -3.8152284622192383,
      -3.7394633293151855,
      -3.663698196411133,
      -3.58793306350708,
      -3.5121679306030273,
      -3.4364027976989746,
      -3.360637664794922,
      -3.284872531890869,
      -3.2091073989868164,
      -3.1333422660827637,
      -3.057577133178711,
      -2.981812000274658,
      -2.9060468673706055,
      -2.8302817344665527,
      -2.7545166015625,
      -2.6787514686584473,
      -2.6029863357543945,
      -2.527221202850342,
      -2.451456069946289,
      -2.3756909370422363,
      -2.2999258041381836,
      -2.224160671234131,
      -2.148395538330078,
      -2.0726304054260254,
      -1.9968652725219727,
      -1.92110013961792,
      -1.8453350067138672,
      -1.7695698738098145,
      -1.6938047409057617,
      -1.618039608001709,
      -1.5422744750976562,
      -1.4665093421936035,
      -1.3907442092895508,
      -1.314979076385498,
      -1.2392139434814453,
      -1.1634488105773926,
      -1.0876836776733398,
      -1.011918544769287,
      -0.9361529350280762,
      -0.8603878021240234,
      -0.7846226692199707,
      -0.708857536315918,
      -0.6330924034118652,
      -0.5573272705078125,
      -0.48156213760375977,
      -0.40579700469970703,
      -0.3300318717956543,
      -0.25426673889160156,
      -0.17850160598754883,
      -0.1027364730834961,
      -0.02697134017944336,
      0.048793792724609375,
      0.12455892562866211,
      0.20032405853271484,
      0.2760891914367676,
      0.3518543243408203,
      0.42761945724487305,
      0.5033845901489258,
      0.5791497230529785,
      0.6549148559570312,
      0.730679988861084,
      0.8064451217651367,
      0.8822102546691895,
      0.9579753875732422,
      1.033740520477295,
      1.1095056533813477,
      1.1852707862854004,
      1.2610359191894531,
      1.3368010520935059,
      1.4125661849975586,
      1.4883313179016113,
      1.564096450805664,
      1.6398615837097168,
      1.7156267166137695,
      1.7913918495178223,
      1.867156982421875,
      1.9429221153259277,
      2.0186872482299805,
      2.094452381134033,
      2.170217514038086,
      2.2459826469421387,
      2.3217477798461914,
      2.397512912750244,
      2.473278045654297,
      2.5490431785583496,
      2.6248083114624023,
      2.700573444366455,
      2.776338577270508,
      2.8521037101745605,
      2.9278688430786133,
      3.003633975982666,
      3.0793991088867188,
      3.1551642417907715,
      3.230929374694824,
      3.306694507598877,
      3.3824596405029297,
      3.4582247734069824,
      3.533989906311035,
      3.609755039215088,
      3.6855201721191406,
      3.7612853050231934,
      3.837050437927246,
      3.912815570831299
    ]
  }
}