{
  "module": "block.2.attn.proj_lif",
  "state_shape": [
    64,
    384,
    8,
    8
  ],
  "time_steps": 1,
  "numel_sampled": 196608,
  "mean": 0.0022829165682196617,
  "std": 0.891234278678894,
  "min": -4.1173095703125,
  "max": 3.89745831489563,
  "quantiles": {
    "0.00": -4.1173095703125,
    "0.01": -2.01340651512146,
    "0.05": -1.4289264678955078,
    "0.10": -1.1241048574447632,
    "0.25": -0.6051831245422363,
    "0.50": -0.01566872000694275,
    "0.75": 0.5911703705787659,
    "0.90": 1.1545895338058472,
    "0.95": 1.5014734268188477,
    "0.99": 2.138414144515991,
    "1.00": 3.89745831489563
  },
  "histogram": {
    "counts": [
      1,
      0,
      1,
      2,
      1,
      1,
      2,
      2,
      3,
      0,
      5,
      0,
      3,
      4,
      8,
      13,
      13,
      10,
      22,
      17,
      30,
      40,
      40,
      36,
      62,
      82,
      105,
      111,
      169,
      186,
      224,
      245,
      304,
      389,
      428,
      507,
      602,
      706,
      862,
      983,
      1090,
      1232,
      1372,
      1621,
      1869,
      2035,
      2262,
      2481,
      2678,
      2976,
      3169,
      3406,
      3689,
      3927,
      4266,
      4442,
      4600,
      4909,
      4932,
      5229,
      5307,
      5302,
      5348,
      5572,
      5585,
      5502,
      5523,
      5480,
      5282,
      5232,
      5228,
      4995,
      4890,
      4577,
      4398,
      4153,
      3903,
      3759,
      3599,
      3353,
      3069,
      2955,
      2649,
      2432,
      2248,
      2027,
      1770,
      1680,
      1542,
      1344,
      1185,
      1094,
      1004,
      878,
      822,
      684,
      626,
      473,
      444,
      346,
      334,
      261,
      222,
      169,
      184,
      137,
      94,
      98,
      88,
      63,
      60,
      51,
      38,
      31,
      17,
      19,
      12,
      16,
      10,
      8,
      12,
      7,
      3,
      1,
      5,
      1,
      0,
      3
    ],
    "bin_edges": [
      -4.1173095703125,
      -4.054694175720215,
      -3.9920787811279297,
      -3.9294633865356445,
      -3.8668479919433594,
      -3.804232597351074,
      -3.741617441177368,
      -3.679002046585083,
      -3.616386651992798,
      -3.5537712574005127,
      -3.4911558628082275,
      -3.4285404682159424,
      -3.3659250736236572,
      -3.303309679031372,
      -3.240694284439087,
      -3.1780788898468018,
      -3.1154637336730957,
      -3.0528483390808105,
      -2.9902329444885254,
      -2.9276175498962402,
      -2.865002155303955,
      -2.80238676071167,
      -2.7397713661193848,
      -2.6771559715270996,
      -2.6145405769348145,
      -2.5519251823425293,
      -2.489309787750244,
      -2.426694631576538,
      -2.364079236984253,
      -2.3014638423919678,
      -2.2388484477996826,
      -2.1762330532073975,
      -2.1136176586151123,
      -2.051002264022827,
      -1.988386869430542,
      -1.9257715940475464,
      -1.8631561994552612,
      -1.800540804862976,
      -1.737925410270691,
      -1.6753100156784058,
      -1.6126947402954102,
      -1.550079345703125,
      -1.4874639511108398,
      -1.4248485565185547,
      -1.3622331619262695,
      -1.2996177673339844,
      -1.2370024919509888,
      -1.1743870973587036,
      -1.1117717027664185,
      -1.0491563081741333,
      -0.9865409731864929,
      -0.9239255785942078,
      -0.8613102436065674,
      -0.7986948490142822,
      -0.7360794544219971,
      -0.6734641194343567,
      -0.6108487248420715,
      -0.5482333302497864,
      -0.485617995262146,
      -0.42300260066986084,
      -0.36038723587989807,
      -0.2977718710899353,
      -0.23515649139881134,
      -0.17254111170768738,
      -0.10992550849914551,
      -0.04731013625860214,
      0.015305235981941223,
      0.07792060822248459,
      0.14053598046302795,
      0.20315134525299072,
      0.2657667398452759,
      0.32838210463523865,
      0.3909974694252014,
      0.4536128342151642,
      0.516228199005127,
      0.5788435935974121,
      0.6414589881896973,
      0.7040743231773376,
      0.7666897177696228,
      0.8293050527572632,
      0.8919204473495483,
      0.9545358419418335,
      1.0171512365341187,
      1.0797665119171143,
      1.1423819065093994,
      1.2049973011016846,
      1.2676126956939697,
      1.3302280902862549,
      1.39284348487854,
      1.4554587602615356,
      1.5180741548538208,
      1.580689549446106,
      1.6433049440383911,
      1.7059203386306763,
      1.7685356140136719,
      1.831151008605957,
      1.8937664031982422,
      1.9563817977905273,
      2.0189971923828125,
      2.0816125869750977,
      2.144227981567383,
      2.206843376159668,
      2.269458532333374,
      2.332073926925659,
      2.3946893215179443,
      2.4573047161102295,
      2.5199201107025146,
      2.5825355052948,
      2.645150899887085,
      2.70776629447937,
      2.7703816890716553,
      2.8329970836639404,
      2.8956122398376465,
      2.9582276344299316,
      3.020843029022217,
      3.083458423614502,
      3.146073818206787,
      3.2086892127990723,
      3.2713046073913574,
      3.3339200019836426,
      3.3965353965759277,
      3.459150791168213,
      3.521766185760498,
      3.584381341934204,
      3.6469967365264893,
      3.7096121311187744,
      3.7722275257110596,
      3.8348429203033447,
      3.89745831489563
    ]
  }
}