{
  "module": "block.2.attn.q_lif",
  "state_shape": [
    64,
    384,
    64
  ],
  "time_steps": 1,
  "numel_sampled": 196608,
  "mean": 0.1440650075674057,
  "std": 0.9101436138153076,
  "min": -4.607120990753174,
  "max": 4.320746898651123,
  "quantiles": {
    "0.00": -4.607120990753174,
    "0.01": -1.9841570854187012,
    "0.05": -1.3357282876968384,
    "0.10": -1.0098024606704712,
    "0.25": -0.4671369791030884,
    "0.50": 0.13781821727752686,
    "0.75": 0.749792218208313,
    "0.90": 1.3076165914535522,
    "0.95": 1.6495869159698486,
    "0.99": 2.300008535385132,
    "1.00": 4.320746898651123
  },
  "histogram": {
    "counts": [
      1,
      0,
      0,
      0,
      0,
      1,
      0,
      0,
      1,
      2,
      1,
      1,
      2,
      2,
      3,
      5,
      5,
      4,
      10,
      8,
      10,
      12,
      11,
      34,
      23,
      29,
      31,
      42,
      69,
      83,
      102,
      134,
      146,
      174,
      216,
      279,
      301,
      388,
      415,
      514,
      576,
      742,
      803,
      930,
      1080,
      1284,
      1538,
      1636,
      1966,
      2161,
      2384,
      2712,
      2906,
      3202,
      3565,
      3833,
      4109,
      4299,
      4649,
      4964,
      5161,
      5350,
      5506,
      5700,
      5874,
      6133,
      5941,
      6059,
      6025,
      5838,
      5850,
      5977,
      5666,
      5624,
      5339,
      5158,
      4807,
      4660,
      4263,
      4126,
      3762,
      3440,
      3184,
      2935,
      2721,
      2354,
      2155,
      2011,
      1720,
      1462,
      1386,
      1164,
      1077,
      900,
      786,
      655,
      573,
      497,
      395,
      335,
      311,
      261,
      218,
      147,
      132,
      102,
      92,
      83,
      58,
      55,
      39,
      23,
      23,
      19,
      16,
      11,
      8,
      11,
      7,
      5,
      3,
      7,
      1,
      2,
      1,
      0,
      3,
      3
    ],
    "bin_edges": [
      -4.607120990753174,
      -4.53737211227417,
      -4.467623233795166,
      -4.397873878479004,
      -4.328125,
      -4.258376121520996,
      -4.188627243041992,
      -4.118878364562988,
      -4.049129486083984,
      -3.9793803691864014,
      -3.9096312522888184,
      -3.8398823738098145,
      -3.7701334953308105,
      -3.7003843784332275,
      -3.6306354999542236,
      -3.5608863830566406,
      -3.4911375045776367,
      -3.421388626098633,
      -3.35163950920105,
      -3.281890630722046,
      -3.212141513824463,
      -3.142392635345459,
      -3.072643756866455,
      -3.002894639968872,
      -2.933145761489868,
      -2.8633968830108643,
      -2.7936477661132812,
      -2.7238988876342773,
      -2.6541500091552734,
      -2.5844008922576904,
      -2.5146520137786865,
      -2.4449028968811035,
      -2.3751540184020996,
      -2.3054051399230957,
      -2.2356560230255127,
      -2.165907144546509,
      -2.096158027648926,
      -2.026409149169922,
      -1.956660270690918,
      -1.8869112730026245,
      -1.817162275314331,
      -1.7474132776260376,
      -1.6776642799377441,
      -1.6079154014587402,
      -1.5381664037704468,
      -1.4684174060821533,
      -1.3986685276031494,
      -1.328919529914856,
      -1.2591705322265625,
      -1.189421534538269,
      -1.1196725368499756,
      -1.0499236583709717,
      -0.9801746606826782,
      -0.9104256629943848,
      -0.8406767249107361,
      -0.7709277868270874,
      -0.701178789138794,
      -0.6314297914505005,
      -0.5616808533668518,
      -0.49193188548088074,
      -0.42218291759490967,
      -0.3524339497089386,
      -0.28268498182296753,
      -0.21293601393699646,
      -0.1431870460510254,
      -0.07343807816505432,
      -0.003689110279083252,
      0.06605985760688782,
      0.1358088254928589,
      0.20555779337882996,
      0.275306761264801,
      0.3450557291507721,
      0.41480469703674316,
      0.48455366492271423,
      0.5543026328086853,
      0.624051570892334,
      0.6938005685806274,
      0.7635495662689209,
      0.8332985043525696,
      0.9030474424362183,
      0.9727964401245117,
      1.0425454378128052,
      1.1122944355010986,
      1.1820433139801025,
      1.251792311668396,
      1.3215413093566895,
      1.3912901878356934,
      1.4610391855239868,
      1.5307881832122803,
      1.6005371809005737,
      1.6702861785888672,
      1.740035057067871,
      1.8097840547561646,
      1.879533052444458,
      1.949281930923462,
      2.019031047821045,
      2.088779926300049,
      2.1585288047790527,
      2.2282779216766357,
      2.2980268001556396,
      2.3677759170532227,
      2.4375247955322266,
      2.5072736740112305,
      2.5770227909088135,
      2.6467716693878174,
      2.7165205478668213,
      2.7862696647644043,
      2.856018543243408,
      2.925767421722412,
      2.995516538619995,
      3.065265417098999,
      3.135014533996582,
      3.204763412475586,
      3.27451229095459,
      3.344261407852173,
      3.4140102863311768,
      3.4837594032287598,
      3.5535082817077637,
      3.6232571601867676,
      3.6930062770843506,
      3.7627551555633545,
      3.8325040340423584,
      3.9022531509399414,
      3.9720020294189453,
      4.041750907897949,
      4.111499786376953,
      4.181249141693115,
      4.250998020172119,
      4.320746898651123
    ]
  }
}