{
  "module": "block.3.attn.q_lif",
  "state_shape": [
    64,
    384,
    64
  ],
  "time_steps": 1,
  "numel_sampled": 196608,
  "mean": 0.08338063955307007,
  "std": 0.8314865231513977,
  "min": -3.232356071472168,
  "max": 3.5261178016662598,
  "quantiles": {
    "0.00": -3.232356071472168,
    "0.01": -1.7105320692062378,
    "0.05": -1.2213897705078125,
    "0.10": -0.9603973031044006,
    "0.25": -0.5096232891082764,
    "0.50": 0.047100286930799484,
    "0.75": 0.6565240621566772,
    "0.90": 1.1931211948394775,
    "0.95": 1.4973220825195312,
    "0.99": 2.0379745960235596,
    "1.00": 3.5261178016662598
  },
  "histogram": {
    "counts": [
      2,
      1,
      0,
      1,
      0,
      1,
      3,
      2,
      3,
      11,
      11,
      13,
      15,
      26,
      22,
      34,
      45,
      32,
      48,
      84,
      82,
      97,
      112,
      141,
      156,
      198,
      235,
      327,
      337,
      395,
      454,
      590,
      697,
      824,
      941,
      1050,
      1246,
      1457,
      1647,
      1757,
      1989,
      2136,
      2366,
      2679,
      2848,
      3115,
      3321,
      3530,
      3686,
      4003,
      4058,
      4180,
      4384,
      4552,
      4654,
      4605,
      4774,
      4740,
      4751,
      4794,
      4728,
      4786,
      4727,
      4594,
      4665,
      4593,
      4438,
      4225,
      4127,
      4166,
      4120,
      3884,
      3679,
      3775,
      3458,
      3389,
      3162,
      3162,
      3013,
      2720,
      2637,
      2505,
      2347,
      2165,
      1988,
      1875,
      1749,
      1575,
      1489,
      1361,
      1192,
      1054,
      961,
      845,
      765,
      625,
      551,
      524,
      442,
      374,
      334,
      295,
      228,
      194,
      207,
      139,
      95,
      102,
      78,
      62,
      44,
      41,
      23,
      16,
      19,
      10,
      8,
      4,
      0,
      1,
      2,
      2,
      2,
      1,
      0,
      1,
      0,
      3
    ],
    "bin_edges": [
      -3.232356071472168,
      -3.1795554161071777,
      -3.1267549991607666,
      -3.0739543437957764,
      -3.021153688430786,
      -2.968353271484375,
      -2.9155526161193848,
      -2.8627519607543945,
      -2.8099515438079834,
      -2.757150888442993,
      -2.704350233078003,
      -2.651549816131592,
      -2.5987491607666016,
      -2.5459485054016113,
      -2.4931480884552,
      -2.44034743309021,
      -2.3875467777252197,
      -2.3347463607788086,
      -2.2819457054138184,
      -2.229145050048828,
      -2.176344633102417,
      -2.1235439777374268,
      -2.0707433223724365,
      -2.0179429054260254,
      -1.9651422500610352,
      -1.912341594696045,
      -1.8595410585403442,
      -1.8067405223846436,
      -1.7539398670196533,
      -1.7011393308639526,
      -1.648338794708252,
      -1.5955381393432617,
      -1.542737603187561,
      -1.4899370670318604,
      -1.4371364116668701,
      -1.3843358755111694,
      -1.3315353393554688,
      -1.2787346839904785,
      -1.2259341478347778,
      -1.1731336116790771,
      -1.120332956314087,
      -1.0675324201583862,
      -1.0147318840026855,
      -0.9619312286376953,
      -0.9091306924819946,
      -0.8563300967216492,
      -0.8035295009613037,
      -0.750728964805603,
      -0.6979283690452576,
      -0.6451277732849121,
      -0.5923272371292114,
      -0.539526641368866,
      -0.4867260456085205,
      -0.43392547965049744,
      -0.38112491369247437,
      -0.3283243179321289,
      -0.27552375197410583,
      -0.22272317111492157,
      -0.1699225902557373,
      -0.11712202429771423,
      -0.06432144343852997,
      -0.011520866304636002,
      0.041279710829257965,
      0.09408028423786163,
      0.1468808650970459,
      0.19968144595623016,
      0.25248202681541443,
      0.3052825927734375,
      0.35808318853378296,
      0.41088375449180603,
      0.4636843204498291,
      0.5164849162101746,
      0.56928551197052,
      0.6220860481262207,
      0.6748866438865662,
      0.7276872396469116,
      0.7804877758026123,
      0.8332883715629578,
      0.8860889673233032,
      0.9388895034790039,
      0.9916900992393494,
      1.0444906949996948,
      1.0972912311553955,
      1.1500918865203857,
      1.2028924226760864,
      1.255692958831787,
      1.3084936141967773,
      1.361294150352478,
      1.4140946865081787,
      1.466895341873169,
      1.5196958780288696,
      1.5724964141845703,
      1.6252970695495605,
      1.6780976057052612,
      1.730898141860962,
      1.7836987972259521,
      1.8364993333816528,
      1.8892998695373535,
      1.9421005249023438,
      1.9949010610580444,
      2.047701597213745,
      2.1005022525787354,
      2.1533029079437256,
      2.2061033248901367,
      2.258903980255127,
      2.311704635620117,
      2.3645050525665283,
      2.4173057079315186,
      2.470106363296509,
      2.52290678024292,
      2.57570743560791,
      2.6285080909729004,
      2.6813085079193115,
      2.7341091632843018,
      2.786909818649292,
      2.839710235595703,
      2.8925108909606934,
      2.9453115463256836,
      2.9981119632720947,
      3.050912618637085,
      3.103713274002075,
      3.1565136909484863,
      3.2093143463134766,
      3.262115001678467,
      3.314915418624878,
      3.367716073989868,
      3.4205167293548584,
      3.4733171463012695,
      3.5261178016662598
    ]
  }
}