{
  "module": "block.2.mlp.mlp2_lif",
  "state_shape": [
    64,
    1536,
    8,
    8
  ],
  "time_steps": 1,
  "numel_sampled": 196608,
  "mean": 0.242242693901062,
  "std": 1.0148468017578125,
  "min": -3.7771108150482178,
  "max": 3.7662012577056885,
  "quantiles": {
    "0.00": -3.7771108150482178,
    "0.01": -2.181079626083374,
    "0.05": -1.5184316635131836,
    "0.10": -1.1117756366729736,
    "0.25": -0.45370644330978394,
    "0.50": 0.28548112511634827,
    "0.75": 0.9944756627082825,
    "0.90": 1.5210726261138916,
    "0.95": 1.8067584037780762,
    "0.99": 2.3226370811462402,
    "1.00": 3.7662012577056885
  },
  "histogram": {
    "counts": [
      1,
      1,
      2,
      4,
      2,
      5,
      5,
      5,
      7,
      9,
      7,
      14,
      19,
      34,
      27,
      23,
      51,
      66,
      79,
      98,
      113,
      153,
      159,
      194,
      250,
      283,
      325,
      392,
      407,
      463,
      566,
      558,
      677,
      782,
      799,
      908,
      973,
      1023,
      1061,
      1190,
      1283,
      1401,
      1558,
      1609,
      1687,
      1834,
      2077,
      2133,
      2206,
      2282,
      2564,
      2667,
      2919,
      3012,
      3357,
      3426,
      3577,
      3508,
      3722,
      3886,
      3872,
      3999,
      3980,
      3970,
      3933,
      4069,
      4085,
      4113,
      4090,
      4110,
      4145,
      4106,
      4068,
      4049,
      4314,
      4071,
      4073,
      4065,
      3980,
      4079,
      3967,
      3846,
      3824,
      3606,
      3505,
      3307,
      3260,
      2952,
      2754,
      2584,
      2400,
      2171,
      1969,
      1760,
      1640,
      1434,
      1241,
      1099,
      920,
      837,
      645,
      609,
      485,
      408,
      337,
      260,
      239,
      211,
      151,
      127,
      95,
      77,
      66,
      53,
      42,
      27,
      16,
      22,
      17,
      9,
      7,
      7,
      2,
      3,
      1,
      0,
      0,
      2
    ],
    "bin_edges": [
      -3.7771108150482178,
      -3.7181787490844727,
      -3.6592464447021484,
      -3.6003143787384033,
      -3.541382312774658,
      -3.482450246810913,
      -3.423518180847168,
      -3.3645858764648438,
      -3.3056538105010986,
      -3.2467217445373535,
      -3.1877894401550293,
      -3.128857374191284,
      -3.069925308227539,
      -3.010993242263794,
      -2.952061176300049,
      -2.8931288719177246,
      -2.8341968059539795,
      -2.7752647399902344,
      -2.71633243560791,
      -2.657400369644165,
      -2.59846830368042,
      -2.539536237716675,
      -2.4806041717529297,
      -2.4216718673706055,
      -2.3627398014068604,
      -2.3038077354431152,
      -2.244875431060791,
      -2.185943365097046,
      -2.127011299133301,
      -2.0680792331695557,
      -2.0091471672058105,
      -1.9502148628234863,
      -1.8912827968597412,
      -1.832350730895996,
      -1.7734185457229614,
      -1.7144863605499268,
      -1.6555542945861816,
      -1.5966222286224365,
      -1.5376900434494019,
      -1.4787578582763672,
      -1.419825792312622,
      -1.360893726348877,
      -1.3019615411758423,
      -1.2430293560028076,
      -1.1840972900390625,
      -1.1251652240753174,
      -1.0662330389022827,
      -1.007300853729248,
      -0.9483687877655029,
      -0.889436662197113,
      -0.8305045366287231,
      -0.7715724110603333,
      -0.7126402854919434,
      -0.6537081599235535,
      -0.5947760343551636,
      -0.5358439087867737,
      -0.4769117832183838,
      -0.4179796576499939,
      -0.359047532081604,
      -0.3001154065132141,
      -0.24118328094482422,
      -0.18225115537643433,
      -0.12331902980804443,
      -0.06438690423965454,
      -0.0054547786712646484,
      0.053477346897125244,
      0.11240947246551514,
      0.17134159803390503,
      0.23027372360229492,
      0.2892058491706848,
      0.3481379747390747,
      0.4070701003074646,
      0.4660022258758545,
      0.5249343514442444,
      0.5838664770126343,
      0.6427986025810242,
      0.7017307281494141,
      0.760662853717804,
      0.8195949792861938,
      0.8785271048545837,
      0.9374592304229736,
      0.9963913559913635,
      1.0553234815597534,
      1.114255666732788,
      1.1731877326965332,
      1.2321197986602783,
      1.291051983833313,
      1.3499841690063477,
      1.4089162349700928,
      1.467848300933838,
      1.5267804861068726,
      1.5857126712799072,
      1.6446447372436523,
      1.7035768032073975,
      1.7625089883804321,
      1.8214411735534668,
      1.880373239517212,
      1.939305305480957,
      1.9982374906539917,
      2.0571696758270264,
      2.1161017417907715,
      2.1750338077545166,
      2.2339658737182617,
      2.292898178100586,
      2.351830244064331,
      2.410762310028076,
      2.4696946144104004,
      2.5286266803741455,
      2.5875587463378906,
      2.6464908123016357,
      2.705422878265381,
      2.764355182647705,
      2.82328724861145,
      2.8822193145751953,
      2.9411516189575195,
      3.0000836849212646,
      3.0590157508850098,
      3.117947816848755,
      3.1768798828125,
      3.235812187194824,
      3.2947442531585693,
      3.3536763191223145,
      3.4126086235046387,
      3.471540689468384,
      3.530472755432129,
      3.589404821395874,
      3.648336887359619,
      3.7072691917419434,
      3.7662012577056885
    ]
  }
}