{
  "module": "block.2.conv2.mlp1_lif",
  "state_shape": [
    64,
    384,
    8,
    8
  ],
  "time_steps": 1,
  "numel_sampled": 196608,
  "mean": -0.11097615957260132,
  "std": 1.0705708265304565,
  "min": -4.487411022186279,
  "max": 4.511417865753174,
  "quantiles": {
    "0.00": -4.487411022186279,
    "0.01": -2.480952024459839,
    "0.05": -1.830320954322815,
    "0.10": -1.4716349840164185,
    "0.25": -0.8495450019836426,
    "0.50": -0.13243445754051208,
    "0.75": 0.6063295006752014,
    "0.90": 1.2781511545181274,
    "0.95": 1.6862115859985352,
    "0.99": 2.46891450881958,
    "1.00": 4.511417865753174
  },
  "histogram": {
    "counts": [
      1,
      1,
      0,
      0,
      2,
      1,
      2,
      4,
      6,
      5,
      10,
      11,
      12,
      17,
      21,
      24,
      36,
      43,
      54,
      62,
      85,
      99,
      127,
      167,
      171,
      214,
      261,
      326,
      387,
      473,
      572,
      654,
      742,
      833,
      990,
      1048,
      1254,
      1433,
      1537,
      1808,
      1982,
      2144,
      2303,
      2531,
      2796,
      3052,
      3168,
      3400,
      3547,
      3698,
      3998,
      4091,
      4362,
      4488,
      4690,
      4766,
      4898,
      4868,
      5125,
      5061,
      5040,
      5091,
      5158,
      5110,
      4980,
      4859,
      4781,
      4785,
      4465,
      4522,
      4334,
      4148,
      3917,
      3828,
      3620,
      3460,
      3200,
      2950,
      2864,
      2597,
      2474,
      2284,
      2023,
      1834,
      1769,
      1631,
      1476,
      1344,
      1110,
      1064,
      976,
      856,
      693,
      686,
      590,
      536,
      446,
      376,
      320,
      308,
      280,
      236,
      163,
      170,
      162,
      111,
      112,
      79,
      65,
      54,
      37,
      45,
      21,
      37,
      14,
      17,
      8,
      7,
      1,
      5,
      3,
      3,
      3,
      3,
      4,
      1,
      0,
      1
    ],
    "bin_edges": [
      -4.487411022186279,
      -4.417107582092285,
      -4.346804141998291,
      -4.276501178741455,
      -4.206197738647461,
      -4.135894298553467,
      -4.065590858459473,
      -3.9952876567840576,
      -3.9249842166900635,
      -3.8546807765960693,
      -3.7843775749206543,
      -3.71407413482666,
      -3.643770694732666,
      -3.573467493057251,
      -3.503164052963257,
      -3.432860851287842,
      -3.3625574111938477,
      -3.2922539710998535,
      -3.2219507694244385,
      -3.1516473293304443,
      -3.0813441276550293,
      -3.011040687561035,
      -2.940737247467041,
      -2.870434045791626,
      -2.800130605697632,
      -2.7298271656036377,
      -2.6595239639282227,
      -2.5892205238342285,
      -2.5189170837402344,
      -2.4486138820648193,
      -2.378310441970825,
      -2.30800724029541,
      -2.237703800201416,
      -2.167400360107422,
      -2.097097158432007,
      -2.0267937183380127,
      -1.956490397453308,
      -1.8861870765686035,
      -1.8158836364746094,
      -1.7455803155899048,
      -1.6752769947052002,
      -1.6049736738204956,
      -1.534670352935791,
      -1.4643669128417969,
      -1.3940635919570923,
      -1.3237602710723877,
      -1.2534568309783936,
      -1.183153510093689,
      -1.1128501892089844,
      -1.0425468683242798,
      -0.9722434878349304,
      -0.901940107345581,
      -0.8316367864608765,
      -0.7613334655761719,
      -0.6910300850868225,
      -0.6207267045974731,
      -0.5504233837127686,
      -0.4801200330257416,
      -0.4098166823387146,
      -0.3395133316516876,
      -0.26920998096466064,
      -0.19890663027763367,
      -0.1286032795906067,
      -0.05829992890357971,
      0.012003421783447266,
      0.08230677247047424,
      0.15261012315750122,
      0.2229134738445282,
      0.2932168245315552,
      0.36352017521858215,
      0.43382352590560913,
      0.5041269063949585,
      0.5744302272796631,
      0.6447335481643677,
      0.715036928653717,
      0.7853403091430664,
      0.855643630027771,
      0.9259469509124756,
      0.996250331401825,
      1.0665537118911743,
      1.136857032775879,
      1.2071603536605835,
      1.277463674545288,
      1.3477671146392822,
      1.4180704355239868,
      1.4883737564086914,
      1.5586771965026855,
      1.6289805173873901,
      1.6992838382720947,
      1.7695871591567993,
      1.839890480041504,
      1.910193920135498,
      1.9804972410202026,
      2.0508005619049072,
      2.1211040019989014,
      2.1914072036743164,
      2.2617106437683105,
      2.3320140838623047,
      2.4023172855377197,
      2.472620725631714,
      2.542923927307129,
      2.613227367401123,
      2.683530807495117,
      2.7538340091705322,
      2.8241374492645264,
      2.8944408893585205,
      2.9647440910339355,
      3.0350475311279297,
      3.105350971221924,
      3.175654172897339,
      3.245957612991333,
      3.316260814666748,
      3.386564254760742,
      3.4568676948547363,
      3.5271708965301514,
      3.5974743366241455,
      3.6677775382995605,
      3.7380809783935547,
      3.808384418487549,
      3.878687620162964,
      3.948991060256958,
      4.019294261932373,
      4.089597702026367,
      4.159901142120361,
      4.2302045822143555,
      4.30050802230835,
      4.3708109855651855,
      4.44111442565918,
      4.511417865753174
    ]
  }
}