{
  "module": "block.0.attn.v_lif",
  "state_shape": [
    64,
    384,
    64
  ],
  "time_steps": 1,
  "numel_sampled": 196608,
  "mean": 0.04680332541465759,
  "std": 0.9107183814048767,
  "min": -4.6813645362854,
  "max": 4.406297206878662,
  "quantiles": {
    "0.00": -4.6813645362854,
    "0.01": -2.053062915802002,
    "0.05": -1.42046320438385,
    "0.10": -1.0896960496902466,
    "0.25": -0.5653170943260193,
    "0.50": 0.029582850635051727,
    "0.75": 0.6409589648246765,
    "0.90": 1.217625617980957,
    "0.95": 1.5723752975463867,
    "0.99": 2.2552685737609863,
    "1.00": 4.406297206878662
  },
  "histogram": {
    "counts": [
      1,
      0,
      0,
      0,
      0,
      0,
      1,
      0,
      0,
      1,
      1,
      1,
      1,
      3,
      4,
      4,
      4,
      4,
      10,
      12,
      19,
      17,
      31,
      22,
      19,
      38,
      50,
      52,
      75,
      102,
      123,
      148,
      174,
      180,
      239,
      282,
      343,
      394,
      512,
      611,
      699,
      839,
      1060,
      1097,
      1281,
      1486,
      1705,
      1856,
      2177,
      2383,
      2774,
      3068,
      3504,
      3660,
      4044,
      4364,
      4772,
      5031,
      5268,
      5432,
      5688,
      5889,
      5940,
      6162,
      6142,
      6262,
      6311,
      6072,
      6142,
      5987,
      5857,
      5621,
      5394,
      5161,
      5026,
      4543,
      4412,
      4087,
      3712,
      3534,
      3212,
      2898,
      2673,
      2500,
      2193,
      1959,
      1729,
      1564,
      1418,
      1241,
      1095,
      991,
      781,
      653,
      596,
      503,
      445,
      387,
      326,
      267,
      206,
      184,
      144,
      120,
      115,
      89,
      71,
      69,
      54,
      34,
      29,
      35,
      15,
      14,
      22,
      18,
      12,
      9,
      4,
      5,
      1,
      4,
      1,
      0,
      1,
      0,
      0,
      1
    ],
    "bin_edges": [
      -4.6813645362854,
      -4.610367298126221,
      -4.539369583129883,
      -4.468372344970703,
      -4.397375106811523,
      -4.326377868652344,
      -4.255380630493164,
      -4.184382915496826,
      -4.1133856773376465,
      -4.042388439178467,
      -3.971390962600708,
      -3.900393486022949,
      -3.8293962478637695,
      -3.75839900970459,
      -3.687401533126831,
      -3.6164040565490723,
      -3.5454068183898926,
      -3.474409580230713,
      -3.403412103652954,
      -3.3324146270751953,
      -3.2614173889160156,
      -3.190420150756836,
      -3.119422674179077,
      -3.0484251976013184,
      -2.9774279594421387,
      -2.906430721282959,
      -2.8354332447052,
      -2.7644357681274414,
      -2.6934385299682617,
      -2.622441291809082,
      -2.5514438152313232,
      -2.4804463386535645,
      -2.4094491004943848,
      -2.338451862335205,
      -2.2674543857574463,
      -2.1964569091796875,
      -2.125459671020508,
      -2.054462432861328,
      -1.9834649562835693,
      -1.9124675989151,
      -1.8414702415466309,
      -1.7704728841781616,
      -1.6994755268096924,
      -1.6284781694412231,
      -1.557480812072754,
      -1.4864834547042847,
      -1.4154860973358154,
      -1.3444887399673462,
      -1.273491382598877,
      -1.2024940252304077,
      -1.1314966678619385,
      -1.0604993104934692,
      -0.989501953125,
      -0.9185045957565308,
      -0.8475072383880615,
      -0.7765098810195923,
      -0.705512523651123,
      -0.6345151662826538,
      -0.5635178089141846,
      -0.49252045154571533,
      -0.4215230941772461,
      -0.35052573680877686,
      -0.2795283794403076,
      -0.20853102207183838,
      -0.13753366470336914,
      -0.0665363073348999,
      0.004461050033569336,
      0.07545840740203857,
      0.1464557647705078,
      0.21745312213897705,
      0.2884504795074463,
      0.3594478368759155,
      0.43044519424438477,
      0.501442551612854,
      0.5724399089813232,
      0.6434372663497925,
      0.7144346237182617,
      0.785431981086731,
      0.8564293384552002,
      0.9274266958236694,
      0.9984240531921387,
      1.069421410560608,
      1.1404187679290771,
      1.2114161252975464,
      1.2824134826660156,
      1.3534108400344849,
      1.424408197402954,
      1.4954055547714233,
      1.5664029121398926,
      1.6374002695083618,
      1.708397626876831,
      1.7793949842453003,
      1.8503923416137695,
      1.9213896989822388,
      1.992387056350708,
      2.063384532928467,
      2.1343817710876465,
      2.205379009246826,
      2.276376485824585,
      2.3473739624023438,
      2.4183712005615234,
      2.489368438720703,
      2.560365915298462,
      2.6313633918762207,
      2.7023606300354004,
      2.77335786819458,
      2.844355344772339,
      2.9153528213500977,
      2.9863500595092773,
      3.057347297668457,
      3.128344774246216,
      3.1993422508239746,
      3.2703394889831543,
      3.341336727142334,
      3.4123342037200928,
      3.4833316802978516,
      3.5543289184570312,
      3.625326156616211,
      3.6963236331939697,
      3.7673211097717285,
      3.838318347930908,
      3.909315586090088,
      3.9803130626678467,
      4.0513105392456055,
      4.122307777404785,
      4.193305015563965,
      4.2643022537231445,
      4.335299968719482,
      4.406297206878662
    ]
  }
}