{
  "module": "block.2.attn.attn_lif",
  "state_shape": [
    64,
    384,
    64
  ],
  "time_steps": 1,
  "numel_sampled": 196608,
  "mean": 7.823878765106201,
  "std": 6.100776195526123,
  "min": 0.0,
  "max": 56.25,
  "quantiles": {
    "0.00": 0.0,
    "0.01": 0.25,
    "0.05": 1.0,
    "0.10": 1.625,
    "0.25": 3.25,
    "0.50": 6.375,
    "0.75": 10.75,
    "0.90": 16.125,
    "0.95": 19.875,
    "0.99": 27.75,
    "1.00": 56.25
  },
  "histogram": {
    "counts": [
      3770,
      5877,
      5440,
      8256,
      6600,
      8800,
      6649,
      9013,
      6366,
      8408,
      6094,
      7881,
      5712,
      7391,
      5205,
      6633,
      4747,
      6001,
      4374,
      5629,
      3797,
      4833,
      3618,
      4445,
      3094,
      3847,
      2699,
      3367,
      2393,
      2929,
      2087,
      2596,
      2290,
      1671,
      1981,
      1404,
      1703,
      1235,
      1634,
      1078,
      1328,
      893,
      1194,
      787,
      970,
      700,
      852,
      591,
      720,
      522,
      573,
      416,
      550,
      362,
      446,
      294,
      357,
      276,
      332,
      232,
      267,
      166,
      234,
      135,
      178,
      178,
      109,
      118,
      111,
      105,
      89,
      91,
      75,
      85,
      55,
      57,
      51,
      57,
      41,
      54,
      41,
      38,
      22,
      31,
      29,
      33,
      17,
      17,
      12,
      13,
      12,
      14,
      9,
      16,
      7,
      14,
      13,
      10,
      4,
      6,
      5,
      5,
      4,
      5,
      4,
      4,
      2,
      3,
      0,
      1,
      4,
      1,
      4,
      3,
      2,
      0,
      1,
      0,
      1,
      0,
      1,
      1,
      0,
      0,
      0,
      0,
      0,
      1
    ],
    "bin_edges": [
      0.0,
      0.439453125,
      0.87890625,
      1.318359375,
      1.7578125,
      2.197265625,
      2.63671875,
      3.076171875,
      3.515625,
      3.955078125,
      4.39453125,
      4.833984375,
      5.2734375,
      5.712890625,
      6.15234375,
      6.591796875,
      7.03125,
      7.470703125,
      7.91015625,
      8.349609375,
      8.7890625,
      9.228515625,
      9.66796875,
      10.107421875,
      10.546875,
      10.986328125,
      11.42578125,
      11.865234375,
      12.3046875,
      12.744140625,
      13.18359375,
      13.623046875,
      14.0625,
      14.501953125,
      14.94140625,
      15.380859375,
      15.8203125,
      16.259765625,
      16.69921875,
      17.138671875,
      17.578125,
      18.017578125,
      18.45703125,
      18.896484375,
      19.3359375,
      19.775390625,
      20.21484375,
      20.654296875,
      21.09375,
      21.533203125,
      21.97265625,
      22.412109375,
      22.8515625,
      23.291015625,
      23.73046875,
      24.169921875,
      24.609375,
      25.048828125,
      25.48828125,
      25.927734375,
      26.3671875,
      26.806640625,
      27.24609375,
      27.685546875,
      28.125,
      28.564453125,
      29.00390625,
      29.443359375,
      29.8828125,
      30.322265625,
      30.76171875,
      31.201171875,
      31.640625,
      32.080078125,
      32.51953125,
      32.958984375,
      33.3984375,
      33.837890625,
      34.27734375,
      34.716796875,
      35.15625,
      35.595703125,
      36.03515625,
      36.474609375,
      36.9140625,
      37.353515625,
      37.79296875,
      38.232421875,
      38.671875,
      39.111328125,
      39.55078125,
      39.990234375,
      40.4296875,
      40.869140625,
      41.30859375,
      41.748046875,
      42.1875,
      42.626953125,
      43.06640625,
      43.505859375,
      43.9453125,
      44.384765625,
      44.82421875,
      45.263671875,
      45.703125,
      46.142578125,
      46.58203125,
      47.021484375,
      47.4609375,
      47.900390625,
      48.33984375,
      48.779296875,
      49.21875,
      49.658203125,
      50.09765625,
      50.537109375,
      50.9765625,
      51.416015625,
      51.85546875,
      52.294921875,
      52.734375,
      53.173828125,
      53.61328125,
      54.052734375,
      54.4921875,
      54.931640625,
      55.37109375,
      55.810546875,
      56.25
    ]
  }
}