{
  "module": "block.1.attn.proj_lif",
  "state_shape": [
    64,
    384,
    8,
    8
  ],
  "time_steps": 1,
  "numel_sampled": 196608,
  "mean": -0.03751932457089424,
  "std": 0.7977759838104248,
  "min": -3.5797741413116455,
  "max": 3.9188849925994873,
  "quantiles": {
    "0.00": -3.5797741413116455,
    "0.01": -1.8723785877227783,
    "0.05": -1.334593415260315,
    "0.10": -1.048429250717163,
    "0.25": -0.5772220492362976,
    "0.50": -0.04568599909543991,
    "0.75": 0.49628010392189026,
    "0.90": 0.9839663505554199,
    "0.95": 1.2851197719573975,
    "0.99": 1.8509019613265991,
    "1.00": 3.9188849925994873
  },
  "histogram": {
    "counts": [
      1,
      0,
      0,
      1,
      1,
      1,
      4,
      6,
      6,
      7,
      13,
      7,
      5,
      20,
      17,
      29,
      24,
      34,
      50,
      50,
      77,
      89,
      129,
      154,
      160,
      213,
      194,
      295,
      321,
      399,
      498,
      581,
      686,
      779,
      899,
      1016,
      1214,
      1396,
      1498,
      1720,
      1949,
      2182,
      2413,
      2673,
      2966,
      3138,
      3512,
      3671,
      4120,
      4292,
      4431,
      4752,
      5044,
      5117,
      5304,
      5512,
      5511,
      5712,
      5746,
      5827,
      5749,
      5704,
      5652,
      5574,
      5544,
      5280,
      5153,
      4949,
      4776,
      4475,
      4439,
      4107,
      3876,
      3570,
      3277,
      3061,
      2877,
      2674,
      2299,
      2081,
      1906,
      1658,
      1559,
      1361,
      1166,
      1076,
      941,
      819,
      659,
      613,
      543,
      485,
      366,
      335,
      265,
      199,
      181,
      190,
      115,
      102,
      92,
      82,
      51,
      53,
      41,
      33,
      23,
      22,
      22,
      19,
      9,
      8,
      5,
      4,
      2,
      4,
      7,
      0,
      1,
      3,
      3,
      1,
      0,
      0,
      0,
      0,
      0,
      1
    ],
    "bin_edges": [
      -3.5797741413116455,
      -3.521190881729126,
      -3.4626076221466064,
      -3.404024362564087,
      -3.3454411029815674,
      -3.286857843399048,
      -3.2282745838165283,
      -3.169691324234009,
      -3.11110782623291,
      -3.0525245666503906,
      -2.993941307067871,
      -2.9353580474853516,
      -2.876774787902832,
      -2.8181915283203125,
      -2.759608268737793,
      -2.7010250091552734,
      -2.642441749572754,
      -2.5838584899902344,
      -2.525275230407715,
      -2.4666919708251953,
      -2.408108711242676,
      -2.3495254516601562,
      -2.2909421920776367,
      -2.232358932495117,
      -2.1737756729125977,
      -2.115192174911499,
      -2.0566089153289795,
      -1.9980257749557495,
      -1.9394423961639404,
      -1.880859136581421,
      -1.8222758769989014,
      -1.7636926174163818,
      -1.7051093578338623,
      -1.6465260982513428,
      -1.5879428386688232,
      -1.5293595790863037,
      -1.4707763195037842,
      -1.412192940711975,
      -1.3536096811294556,
      -1.295026421546936,
      -1.2364431619644165,
      -1.177859902381897,
      -1.1192766427993774,
      -1.060693383216858,
      -1.0021100044250488,
      -0.9435268044471741,
      -0.8849434852600098,
      -0.8263602256774902,
      -0.7677769660949707,
      -0.7091937065124512,
      -0.6506104469299316,
      -0.5920271277427673,
      -0.5334438681602478,
      -0.47486060857772827,
      -0.41627731919288635,
      -0.35769402980804443,
      -0.2991107702255249,
      -0.24052749574184418,
      -0.18194422125816345,
      -0.12336094677448273,
      -0.064777672290802,
      -0.006194397807121277,
      0.05238887667655945,
      0.11097215116024017,
      0.1695554256439209,
      0.22813870012760162,
      0.28672197461128235,
      0.34530526399612427,
      0.4038885235786438,
      0.46247178316116333,
      0.5210551023483276,
      0.5796383619308472,
      0.6382216215133667,
      0.6968048810958862,
      0.7553881406784058,
      0.8139714598655701,
      0.8725547194480896,
      0.9311379790306091,
      0.9897212982177734,
      1.048304557800293,
      1.1068878173828125,
      1.165471076965332,
      1.2240543365478516,
      1.282637596130371,
      1.3412208557128906,
      1.3998042345046997,
      1.4583874940872192,
      1.5169707536697388,
      1.5755540132522583,
      1.6341372728347778,
      1.6927205324172974,
      1.751303791999817,
      1.809887170791626,
      1.8684704303741455,
      1.927053689956665,
      1.9856369495391846,
      2.044220209121704,
      2.1028034687042236,
      2.161386728286743,
      2.2199699878692627,
      2.2785532474517822,
      2.3371365070343018,
      2.3957197666168213,
      2.454303026199341,
      2.5128865242004395,
      2.571469783782959,
      2.6300530433654785,
      2.688636302947998,
      2.7472195625305176,
      2.805802822113037,
      2.8643860816955566,
      2.922969341278076,
      2.9815526008605957,
      3.0401358604431152,
      3.0987191200256348,
      3.1573023796081543,
      3.215885639190674,
      3.2744688987731934,
      3.333052158355713,
      3.3916354179382324,
      3.450218677520752,
      3.5088021755218506,
      3.56738543510437,
      3.6259686946868896,
      3.684551954269409,
      3.7431352138519287,
      3.8017184734344482,
      3.8603017330169678,
      3.9188849925994873
    ]
  }
}