{
  "module": "block.3.attn.proj_lif",
  "state_shape": [
    64,
    384,
    8,
    8
  ],
  "time_steps": 1,
  "numel_sampled": 196608,
  "mean": -0.0861753448843956,
  "std": 0.8030582070350647,
  "min": -3.135068655014038,
  "max": 3.6313326358795166,
  "quantiles": {
    "0.00": -3.135068655014038,
    "0.01": -1.7819933891296387,
    "0.05": -1.3364410400390625,
    "0.10": -1.093550682067871,
    "0.25": -0.6508089303970337,
    "0.50": -0.1272398829460144,
    "0.75": 0.44349735975265503,
    "0.90": 0.9889421463012695,
    "0.95": 1.305058240890503,
    "0.99": 1.8749853372573853,
    "1.00": 3.6313326358795166
  },
  "histogram": {
    "counts": [
      3,
      4,
      1,
      3,
      5,
      3,
      5,
      14,
      7,
      15,
      19,
      19,
      22,
      30,
      47,
      56,
      59,
      67,
      86,
      118,
      135,
      170,
      217,
      268,
      352,
      428,
      495,
      601,
      682,
      825,
      978,
      1162,
      1342,
      1560,
      1659,
      2020,
      2155,
      2389,
      2702,
      2833,
      3124,
      3192,
      3485,
      3711,
      3821,
      3986,
      4296,
      4428,
      4534,
      4814,
      5000,
      5004,
      5176,
      5112,
      5121,
      5228,
      5251,
      5180,
      5008,
      4994,
      4886,
      4759,
      4627,
      4407,
      4157,
      4102,
      3854,
      3753,
      3586,
      3381,
      3237,
      3100,
      2910,
      2704,
      2585,
      2399,
      2298,
      2145,
      2066,
      1829,
      1699,
      1527,
      1410,
      1347,
      1215,
      1037,
      959,
      832,
      796,
      723,
      598,
      531,
      460,
      426,
      359,
      338,
      270,
      226,
      194,
      173,
      130,
      112,
      70,
      71,
      54,
      48,
      42,
      29,
      30,
      13,
      14,
      14,
      9,
      5,
      15,
      7,
      4,
      3,
      0,
      3,
      2,
      4,
      0,
      1,
      1,
      0,
      0,
      1
    ],
    "bin_edges": [
      -3.135068655014038,
      -3.0822062492370605,
      -3.029343605041504,
      -2.9764811992645264,
      -2.9236185550689697,
      -2.870756149291992,
      -2.8178935050964355,
      -2.765031099319458,
      -2.7121686935424805,
      -2.659306049346924,
      -2.6064436435699463,
      -2.5535809993743896,
      -2.500718593597412,
      -2.4478559494018555,
      -2.394993543624878,
      -2.3421308994293213,
      -2.2892684936523438,
      -2.236406087875366,
      -2.1835434436798096,
      -2.130681037902832,
      -2.0778183937072754,
      -2.024955987930298,
      -1.9720934629440308,
      -1.9192309379577637,
      -1.8663684129714966,
      -1.8135058879852295,
      -1.7606433629989624,
      -1.7077808380126953,
      -1.6549184322357178,
      -1.6020559072494507,
      -1.5491933822631836,
      -1.4963308572769165,
      -1.4434683322906494,
      -1.3906058073043823,
      -1.3377432823181152,
      -1.2848807573318481,
      -1.232018232345581,
      -1.1791558265686035,
      -1.1262933015823364,
      -1.0734307765960693,
      -1.0205682516098022,
      -0.9677057266235352,
      -0.9148432016372681,
      -0.8619807362556458,
      -0.8091182112693787,
      -0.7562556862831116,
      -0.7033932209014893,
      -0.6505306959152222,
      -0.5976681709289551,
      -0.544805645942688,
      -0.4919431507587433,
      -0.4390806555747986,
      -0.3862181305885315,
      -0.3333556056022644,
      -0.2804931104183197,
      -0.2276306003332138,
      -0.1747680902481079,
      -0.12190558016300201,
      -0.06904307007789612,
      -0.016180559992790222,
      0.036681950092315674,
      0.08954446017742157,
      0.14240697026252747,
      0.19526948034763336,
      0.24813199043273926,
      0.30099451541900635,
      0.35385701060295105,
      0.40671950578689575,
      0.45958203077316284,
      0.5124445557594299,
      0.5653070211410522,
      0.6181695461273193,
      0.6710320711135864,
      0.7238945960998535,
      0.7767571210861206,
      0.8296195864677429,
      0.88248211145401,
      0.9353446364402771,
      0.9882071018218994,
      1.0410696268081665,
      1.0939321517944336,
      1.1467946767807007,
      1.1996572017669678,
      1.2525197267532349,
      1.305382251739502,
      1.3582446575164795,
      1.4111071825027466,
      1.4639697074890137,
      1.5168322324752808,
      1.5696947574615479,
      1.622557282447815,
      1.675419807434082,
      1.7282822132110596,
      1.7811447381973267,
      1.8340072631835938,
      1.8868697881698608,
      1.939732313156128,
      1.992594838142395,
      2.045457363128662,
      2.0983197689056396,
      2.1511824131011963,
      2.204044818878174,
      2.2569074630737305,
      2.309769868850708,
      2.3626322746276855,
      2.415494918823242,
      2.4683573246002197,
      2.5212199687957764,
      2.574082374572754,
      2.6269450187683105,
      2.679807424545288,
      2.7326700687408447,
      2.7855324745178223,
      2.8383948802948,
      2.8912575244903564,
      2.944119930267334,
      2.9969825744628906,
      3.049844980239868,
      3.102707624435425,
      3.1555700302124023,
      3.208432674407959,
      3.2612950801849365,
      3.314157485961914,
      3.3670201301574707,
      3.4198825359344482,
      3.472745180130005,
      3.5256075859069824,
      3.578470230102539,
      3.6313326358795166
    ]
  }
}