{
  "module": "block.1.mlp.mlp2_lif",
  "state_shape": [
    64,
    1536,
    8,
    8
  ],
  "time_steps": 1,
  "numel_sampled": 196608,
  "mean": -0.027110328897833824,
  "std": 0.8557296991348267,
  "min": -4.235055446624756,
  "max": 4.676830768585205,
  "quantiles": {
    "0.00": -4.235055446624756,
    "0.01": -1.924870252609253,
    "0.05": -1.3755989074707031,
    "0.10": -1.0873165130615234,
    "0.25": -0.6065342426300049,
    "0.50": -0.06269297003746033,
    "0.75": 0.5192650556564331,
    "0.90": 1.0866409540176392,
    "0.95": 1.4398729801177979,
    "0.99": 2.1224312782287598,
    "1.00": 4.676830768585205
  },
  "histogram": {
    "counts": [
      1,
      0,
      0,
      0,
      1,
      1,
      0,
      1,
      0,
      0,
      3,
      1,
      3,
      2,
      3,
      9,
      6,
      7,
      11,
      19,
      25,
      31,
      43,
      53,
      60,
      88,
      113,
      102,
      152,
      200,
      291,
      298,
      373,
      467,
      527,
      680,
      841,
      1049,
      1143,
      1426,
      1674,
      1862,
      2106,
      2467,
      2890,
      3149,
      3514,
      3843,
      4274,
      4556,
      4870,
      5252,
      5590,
      5970,
      6005,
      6266,
      6364,
      6711,
      6708,
      6691,
      6729,
      6418,
      6214,
      6058,
      5928,
      5578,
      5236,
      5127,
      4698,
      4277,
      4224,
      3983,
      3584,
      3290,
      2930,
      2747,
      2519,
      2302,
      2012,
      1758,
      1646,
      1423,
      1282,
      1074,
      966,
      876,
      768,
      632,
      544,
      497,
      425,
      315,
      317,
      267,
      214,
      166,
      155,
      126,
      95,
      81,
      62,
      54,
      45,
      41,
      19,
      23,
      20,
      16,
      13,
      10,
      6,
      4,
      5,
      5,
      1,
      2,
      2,
      0,
      1,
      0,
      1,
      1,
      1,
      1,
      0,
      0,
      1,
      1
    ],
    "bin_edges": [
      -4.235055446624756,
      -4.165431499481201,
      -4.095807075500488,
      -4.026183128356934,
      -3.9565589427948,
      -3.886934995651245,
      -3.8173108100891113,
      -3.7476866245269775,
      -3.6780624389648438,
      -3.608438491821289,
      -3.5388143062591553,
      -3.4691901206970215,
      -3.399566173553467,
      -3.329941987991333,
      -3.260317802429199,
      -3.1906938552856445,
      -3.1210696697235107,
      -3.051445484161377,
      -2.9818215370178223,
      -2.9121973514556885,
      -2.8425731658935547,
      -2.77294921875,
      -2.703325033187866,
      -2.6337008476257324,
      -2.5640769004821777,
      -2.494452714920044,
      -2.42482852935791,
      -2.3552043437957764,
      -2.2855803966522217,
      -2.215956211090088,
      -2.146332025527954,
      -2.0767080783843994,
      -2.0070838928222656,
      -1.9374598264694214,
      -1.8678356409072876,
      -1.7982115745544434,
      -1.7285873889923096,
      -1.6589633226394653,
      -1.589339256286621,
      -1.5197150707244873,
      -1.450091004371643,
      -1.3804669380187988,
      -1.310842752456665,
      -1.2412186861038208,
      -1.1715946197509766,
      -1.1019704341888428,
      -1.0323463678359985,
      -0.9627222418785095,
      -0.8930981159210205,
      -0.8234739899635315,
      -0.7538498640060425,
      -0.6842257976531982,
      -0.6146016716957092,
      -0.5449775457382202,
      -0.4753534495830536,
      -0.40572935342788696,
      -0.33610522747039795,
      -0.26648110151290894,
      -0.1968570053577423,
      -0.1272328943014145,
      -0.05760878324508667,
      0.01201532781124115,
      0.08163943886756897,
      0.1512635499238968,
      0.2208876609802246,
      0.2905117869377136,
      0.36013588309288025,
      0.4297599792480469,
      0.4993841052055359,
      0.5690082311630249,
      0.6386322975158691,
      0.7082564234733582,
      0.7778805494308472,
      0.8475046753883362,
      0.9171288013458252,
      0.9867528676986694,
      1.0563769340515137,
      1.1260011196136475,
      1.1956251859664917,
      1.2652493715286255,
      1.3348734378814697,
      1.404497504234314,
      1.4741216897964478,
      1.543745756149292,
      1.6133699417114258,
      1.68299400806427,
      1.7526180744171143,
      1.822242259979248,
      1.8918663263320923,
      1.9614903926849365,
      2.0311145782470703,
      2.100738763809204,
      2.170362710952759,
      2.2399868965148926,
      2.3096110820770264,
      2.379235029220581,
      2.448859214782715,
      2.5184834003448486,
      2.5881073474884033,
      2.657731533050537,
      2.727355718612671,
      2.7969796657562256,
      2.8666038513183594,
      2.936228036880493,
      3.005852222442627,
      3.0754761695861816,
      3.1451003551483154,
      3.214724540710449,
      3.284348487854004,
      3.3539726734161377,
      3.4235968589782715,
      3.493220806121826,
      3.56284499168396,
      3.6324691772460938,
      3.7020931243896484,
      3.7717173099517822,
      3.841341495513916,
      3.9109654426574707,
      3.9805896282196045,
      4.050213813781738,
      4.119837760925293,
      4.189462184906006,
      4.2590861320495605,
      4.328710079193115,
      4.398334503173828,
      4.467958450317383,
      4.5375823974609375,
      4.60720682144165,
      4.676830768585205
    ]
  }
}