{
  "module": "block.0.attn.k_lif",
  "state_shape": [
    64,
    384,
    64
  ],
  "time_steps": 1,
  "numel_sampled": 196608,
  "mean": -0.2575315833091736,
  "std": 0.6823464632034302,
  "min": -3.2223403453826904,
  "max": 3.560293436050415,
  "quantiles": {
    "0.00": -3.2223403453826904,
    "0.01": -1.7885653972625732,
    "0.05": -1.353009819984436,
    "0.10": -1.1171971559524536,
    "0.25": -0.7200556993484497,
    "0.50": -0.2716473639011383,
    "0.75": 0.1891232281923294,
    "0.90": 0.6154894232749939,
    "0.95": 0.8734368085861206,
    "0.99": 1.4027905464172363,
    "1.00": 3.560293436050415
  },
  "histogram": {
    "counts": [
      3,
      1,
      2,
      0,
      2,
      3,
      2,
      1,
      7,
      4,
      6,
      12,
      9,
      17,
      18,
      28,
      47,
      58,
      70,
      74,
      112,
      126,
      166,
      213,
      263,
      315,
      384,
      493,
      561,
      645,
      873,
      943,
      1127,
      1344,
      1461,
      1645,
      1980,
      2226,
      2460,
      2774,
      3102,
      3331,
      3596,
      3931,
      4301,
      4604,
      4692,
      5086,
      5424,
      5603,
      5791,
      5890,
      5929,
      6018,
      6165,
      6297,
      6114,
      5967,
      5924,
      5736,
      5723,
      5568,
      5283,
      5098,
      4788,
      4390,
      4180,
      3848,
      3621,
      3327,
      3159,
      2808,
      2625,
      2236,
      2121,
      1885,
      1699,
      1385,
      1305,
      1053,
      945,
      810,
      745,
      596,
      516,
      462,
      374,
      312,
      224,
      228,
      184,
      150,
      157,
      109,
      119,
      77,
      64,
      68,
      47,
      62,
      40,
      40,
      31,
      29,
      24,
      17,
      19,
      18,
      13,
      7,
      9,
      4,
      3,
      8,
      5,
      3,
      1,
      3,
      1,
      1,
      0,
      1,
      2,
      0,
      1,
      0,
      0,
      1
    ],
    "bin_edges": [
      -3.2223403453826904,
      -3.169351100921631,
      -3.116361618041992,
      -3.0633723735809326,
      -3.010383129119873,
      -2.9573936462402344,
      -2.904404401779175,
      -2.8514151573181152,
      -2.7984256744384766,
      -2.745436429977417,
      -2.6924471855163574,
      -2.6394577026367188,
      -2.586468458175659,
      -2.5334792137145996,
      -2.480489730834961,
      -2.4275004863739014,
      -2.374511241912842,
      -2.321521759033203,
      -2.2685325145721436,
      -2.215543031692505,
      -2.1625537872314453,
      -2.1095645427703857,
      -2.056575059890747,
      -2.0035858154296875,
      -1.950596570968628,
      -1.8976072072982788,
      -1.8446178436279297,
      -1.7916284799575806,
      -1.738639235496521,
      -1.6856498718261719,
      -1.6326605081558228,
      -1.5796712636947632,
      -1.526681900024414,
      -1.473692536354065,
      -1.4207032918930054,
      -1.3677139282226562,
      -1.3147245645523071,
      -1.2617353200912476,
      -1.2087459564208984,
      -1.1557565927505493,
      -1.1027672290802002,
      -1.0497779846191406,
      -0.9967886209487915,
      -0.9437993168830872,
      -0.8908100128173828,
      -0.8378206491470337,
      -0.7848313450813293,
      -0.7318419814109802,
      -0.6788526773452759,
      -0.6258633732795715,
      -0.5728740096092224,
      -0.5198847055435181,
      -0.46689537167549133,
      -0.4139060378074646,
      -0.36091673374176025,
      -0.3079273998737335,
      -0.2549380660057068,
      -0.20194873213768005,
      -0.14895941317081451,
      -0.09597008675336838,
      -0.04298076033592224,
      0.010008566081523895,
      0.06299789249897003,
      0.11598721891641617,
      0.1689765453338623,
      0.22196587920188904,
      0.27495521306991577,
      0.3279445171356201,
      0.38093385100364685,
      0.4339231848716736,
      0.48691248893737793,
      0.539901852607727,
      0.5928911566734314,
      0.6458804607391357,
      0.6988698244094849,
      0.7518591284751892,
      0.8048484325408936,
      0.8578377962112427,
      0.910827100276947,
      0.9638164639472961,
      1.0168057680130005,
      1.0697951316833496,
      1.1227843761444092,
      1.1757737398147583,
      1.2287631034851074,
      1.281752347946167,
      1.3347417116165161,
      1.3877310752868652,
      1.4407203197479248,
      1.493709683418274,
      1.546699047088623,
      1.5996884107589722,
      1.6526776552200317,
      1.7056670188903809,
      1.75865638256073,
      1.8116456270217896,
      1.8646349906921387,
      1.9176243543624878,
      1.9706135988235474,
      2.0236029624938965,
      2.076592206954956,
      2.1295816898345947,
      2.1825709342956543,
      2.235560178756714,
      2.2885496616363525,
      2.341538906097412,
      2.3945281505584717,
      2.4475176334381104,
      2.50050687789917,
      2.5534961223602295,
      2.606485605239868,
      2.6594748497009277,
      2.7124643325805664,
      2.765453577041626,
      2.8184428215026855,
      2.871432304382324,
      2.924421548843384,
      2.9774107933044434,
      3.030400276184082,
      3.0833895206451416,
      3.136378765106201,
      3.18936824798584,
      3.2423574924468994,
      3.295346736907959,
      3.3483362197875977,
      3.4013254642486572,
      3.454314708709717,
      3.5073041915893555,
      3.560293436050415
    ]
  }
}