{
  "module": "block.3.attn.attn_lif",
  "state_shape": [
    64,
    384,
    64
  ],
  "time_steps": 1,
  "numel_sampled": 196608,
  "mean": 5.683495044708252,
  "std": 5.107937812805176,
  "min": 0.0,
  "max": 47.375,
  "quantiles": {
    "0.00": 0.0,
    "0.01": 0.0,
    "0.05": 0.0,
    "0.10": 0.125,
    "0.25": 1.375,
    "0.50": 4.625,
    "0.75": 8.625,
    "0.90": 12.625,
    "0.95": 15.25,
    "0.99": 21.5,
    "1.00": 47.375
  },
  "histogram": {
    "counts": [
      25600,
      9560,
      7581,
      6502,
      5919,
      5782,
      5743,
      5796,
      5667,
      5753,
      5787,
      5704,
      5686,
      5469,
      5297,
      5022,
      4937,
      4685,
      4572,
      4240,
      4197,
      3909,
      3737,
      3810,
      3445,
      2145,
      3118,
      2910,
      2756,
      2638,
      2370,
      2168,
      2147,
      1921,
      1844,
      1657,
      1557,
      1428,
      1249,
      1161,
      1029,
      980,
      852,
      789,
      701,
      676,
      540,
      544,
      487,
      445,
      345,
      228,
      335,
      299,
      249,
      232,
      216,
      183,
      177,
      186,
      134,
      150,
      131,
      114,
      107,
      99,
      82,
      69,
      57,
      50,
      59,
      47,
      37,
      35,
      36,
      40,
      24,
      39,
      27,
      26,
      20,
      22,
      26,
      15,
      28,
      11,
      16,
      14,
      10,
      10,
      11,
      12,
      8,
      5,
      8,
      7,
      4,
      8,
      3,
      4,
      4,
      4,
      0,
      2,
      4,
      3,
      5,
      3,
      1,
      0,
      0,
      0,
      2,
      3,
      0,
      0,
      1,
      2,
      0,
      1,
      1,
      2,
      0,
      1,
      0,
      0,
      1,
      1
    ],
    "bin_edges": [
      0.0,
      0.3701171875,
      0.740234375,
      1.1103515625,
      1.48046875,
      1.8505859375,
      2.220703125,
      2.5908203125,
      2.9609375,
      3.3310546875,
      3.701171875,
      4.0712890625,
      4.44140625,
      4.8115234375,
      5.181640625,
      5.5517578125,
      5.921875,
      6.2919921875,
      6.662109375,
      7.0322265625,
      7.40234375,
      7.7724609375,
      8.142578125,
      8.5126953125,
      8.8828125,
      9.2529296875,
      9.623046875,
      9.9931640625,
      10.36328125,
      10.7333984375,
      11.103515625,
      11.4736328125,
      11.84375,
      12.2138671875,
      12.583984375,
      12.9541015625,
      13.32421875,
      13.6943359375,
      14.064453125,
      14.4345703125,
      14.8046875,
      15.1748046875,
      15.544921875,
      15.9150390625,
      16.28515625,
      16.6552734375,
      17.025390625,
      17.3955078125,
      17.765625,
      18.1357421875,
      18.505859375,
      18.8759765625,
      19.24609375,
      19.6162109375,
      19.986328125,
      20.3564453125,
      20.7265625,
      21.0966796875,
      21.466796875,
      21.8369140625,
      22.20703125,
      22.5771484375,
      22.947265625,
      23.3173828125,
      23.6875,
      24.0576171875,
      24.427734375,
      24.7978515625,
      25.16796875,
      25.5380859375,
      25.908203125,
      26.2783203125,
      26.6484375,
      27.0185546875,
      27.388671875,
      27.7587890625,
      28.12890625,
      28.4990234375,
      28.869140625,
      29.2392578125,
      29.609375,
      29.9794921875,
      30.349609375,
      30.7197265625,
      31.08984375,
      31.4599609375,
      31.830078125,
      32.2001953125,
      32.5703125,
      32.9404296875,
      33.310546875,
      33.6806640625,
      34.05078125,
      34.4208984375,
      34.791015625,
      35.1611328125,
      35.53125,
      35.9013671875,
      36.271484375,
      36.6416015625,
      37.01171875,
      37.3818359375,
      37.751953125,
      38.1220703125,
      38.4921875,
      38.8623046875,
      39.232421875,
      39.6025390625,
      39.97265625,
      40.3427734375,
      40.712890625,
      41.0830078125,
      41.453125,
      41.8232421875,
      42.193359375,
      42.5634765625,
      42.93359375,
      43.3037109375,
      43.673828125,
      44.0439453125,
      44.4140625,
      44.7841796875,
      45.154296875,
      45.5244140625,
      45.89453125,
      46.2646484375,
      46.634765625,
      47.0048828125,
      47.375
    ]
  }
}