{
  "module": "patch_embed.block2_lif",
  "state_shape": [
    64,
    96,
    32,
    32
  ],
  "time_steps": 1,
  "numel_sampled": 196608,
  "mean": 0.11094021052122116,
  "std": 0.6834970116615295,
  "min": -3.7722649574279785,
  "max": 3.8894011974334717,
  "quantiles": {
    "0.00": -3.7722649574279785,
    "0.01": -1.7773544788360596,
    "0.05": -1.090533971786499,
    "0.10": -0.7519863843917847,
    "0.25": -0.279352068901062,
    "0.50": 0.1540786325931549,
    "0.75": 0.5438092350959778,
    "0.90": 0.9007787108421326,
    "0.95": 1.142892837524414,
    "0.99": 1.7046633958816528,
    "1.00": 3.8894011974334717
  },
  "histogram": {
    "counts": [
      1,
      0,
      1,
      0,
      2,
      1,
      2,
      8,
      4,
      1,
      15,
      7,
      1,
      6,
      12,
      21,
      16,
      20,
      21,
      30,
      45,
      47,
      71,
      68,
      79,
      85,
      126,
      108,
      143,
      154,
      211,
      270,
      291,
      298,
      376,
      375,
      464,
      494,
      613,
      694,
      746,
      894,
      978,
      1107,
      1175,
      1313,
      1498,
      1655,
      1903,
      2148,
      2372,
      2704,
      2987,
      3352,
      3656,
      4119,
      4529,
      4913,
      5434,
      5815,
      6238,
      6737,
      6970,
      7469,
      7698,
      7924,
      7833,
      7793,
      7861,
      7618,
      7281,
      6852,
      6437,
      5819,
      5276,
      4715,
      4049,
      3653,
      3138,
      2547,
      2282,
      1915,
      1557,
      1390,
      1087,
      941,
      750,
      716,
      542,
      479,
      428,
      343,
      291,
      260,
      186,
      157,
      137,
      124,
      105,
      104,
      75,
      57,
      47,
      44,
      38,
      33,
      22,
      23,
      20,
      17,
      11,
      13,
      5,
      5,
      5,
      3,
      3,
      0,
      1,
      2,
      1,
      0,
      1,
      0,
      0,
      0,
      0,
      1
    ],
    "bin_edges": [
      -3.7722649574279785,
      -3.7124083042144775,
      -3.6525514125823975,
      -3.5926947593688965,
      -3.5328378677368164,
      -3.4729812145233154,
      -3.4131243228912354,
      -3.3532676696777344,
      -3.2934107780456543,
      -3.2335541248321533,
      -3.1736972332000732,
      -3.1138405799865723,
      -3.053983688354492,
      -2.994127035140991,
      -2.934270143508911,
      -2.87441349029541,
      -2.81455659866333,
      -2.754699945449829,
      -2.694843292236328,
      -2.634986400604248,
      -2.575129747390747,
      -2.515272855758667,
      -2.455416202545166,
      -2.395559310913086,
      -2.335702657699585,
      -2.275845766067505,
      -2.215989112854004,
      -2.156132221221924,
      -2.096275568008423,
      -2.0364186763763428,
      -1.9765620231628418,
      -1.9167052507400513,
      -1.8568484783172607,
      -1.7969917058944702,
      -1.7371349334716797,
      -1.6772781610488892,
      -1.6174213886260986,
      -1.557564616203308,
      -1.4977078437805176,
      -1.437851071357727,
      -1.3779942989349365,
      -1.3181376457214355,
      -1.258280873298645,
      -1.1984241008758545,
      -1.138567328453064,
      -1.0787105560302734,
      -1.018853783607483,
      -0.9589970111846924,
      -0.8991402387619019,
      -0.8392834663391113,
      -0.7794266939163208,
      -0.7195699214935303,
      -0.6597131490707397,
      -0.599856436252594,
      -0.5399996638298035,
      -0.48014289140701294,
      -0.4202861189842224,
      -0.3604293465614319,
      -0.30057257413864136,
      -0.24071583151817322,
      -0.1808590590953827,
      -0.12100229412317276,
      -0.06114552915096283,
      -0.0012887641787528992,
      0.05856823921203613,
      0.11842500418424606,
      0.178281769156456,
      0.23813852667808533,
      0.29799529910087585,
      0.3578520715236664,
      0.4177088141441345,
      0.47756558656692505,
      0.5374223589897156,
      0.5972791314125061,
      0.6571359038352966,
      0.7169926762580872,
      0.7768493890762329,
      0.8367061614990234,
      0.896562933921814,
      0.9564197063446045,
      1.016276478767395,
      1.0761332511901855,
      1.135990023612976,
      1.1958467960357666,
      1.2557035684585571,
      1.3155603408813477,
      1.3754171133041382,
      1.4352738857269287,
      1.4951305389404297,
      1.5549873113632202,
      1.6148440837860107,
      1.6747008562088013,
      1.7345576286315918,
      1.7944144010543823,
      1.8542711734771729,
      1.9141279458999634,
      1.973984718322754,
      2.033841371536255,
      2.093698263168335,
      2.153554916381836,
      2.213411808013916,
      2.273268461227417,
      2.333125352859497,
      2.392982006072998,
      2.452838897705078,
      2.512695550918579,
      2.572552442550659,
      2.63240909576416,
      2.6922659873962402,
      2.752122640609741,
      2.8119795322418213,
      2.8718361854553223,
      2.9316930770874023,
      2.9915497303009033,
      3.0514063835144043,
      3.1112632751464844,
      3.1711199283599854,
      3.2309768199920654,
      3.2908334732055664,
      3.3506903648376465,
      3.4105470180511475,
      3.4704039096832275,
      3.5302605628967285,
      3.5901174545288086,
      3.6499741077423096,
      3.7098309993743896,
      3.7696876525878906,
      3.8295445442199707,
      3.8894011974334717
    ]
  }
}