{
  "module": "patch_embed.block4_lif",
  "state_shape": [
    64,
    384,
    16,
    16
  ],
  "time_steps": 1,
  "numel_sampled": 196608,
  "mean": -0.24118167161941528,
  "std": 0.5758770704269409,
  "min": -3.233936309814453,
  "max": 2.505589246749878,
  "quantiles": {
    "0.00": -3.233936309814453,
    "0.01": -1.6171989440917969,
    "0.05": -1.1823309659957886,
    "0.10": -0.9634539484977722,
    "0.25": -0.6182607412338257,
    "0.50": -0.24310532212257385,
    "0.75": 0.13482797145843506,
    "0.90": 0.49087944626808167,
    "0.95": 0.713398814201355,
    "0.99": 1.1300123929977417,
    "1.00": 2.505589246749878
  },
  "histogram": {
    "counts": [
      1,
      0,
      1,
      0,
      0,
      0,
      1,
      1,
      1,
      1,
      3,
      6,
      5,
      5,
      8,
      8,
      9,
      16,
      13,
      17,
      16,
      29,
      30,
      26,
      51,
      53,
      48,
      76,
      99,
      100,
      146,
      155,
      192,
      240,
      261,
      334,
      376,
      442,
      503,
      596,
      769,
      800,
      954,
      1097,
      1246,
      1463,
      1657,
      1839,
      2039,
      2269,
      2621,
      2930,
      3229,
      3562,
      3764,
      4149,
      4462,
      4789,
      5051,
      5377,
      5679,
      5823,
      5930,
      6159,
      6285,
      6103,
      6279,
      6499,
      6294,
      6038,
      6103,
      5798,
      5498,
      5301,
      5105,
      4786,
      4518,
      4186,
      3847,
      3515,
      3339,
      3061,
      2702,
      2486,
      2223,
      1967,
      1753,
      1519,
      1369,
      1212,
      1082,
      973,
      809,
      710,
      639,
      524,
      459,
      382,
      301,
      277,
      210,
      188,
      137,
      124,
      88,
      87,
      67,
      53,
      36,
      28,
      25,
      16,
      21,
      15,
      11,
      11,
      8,
      4,
      2,
      2,
      1,
      2,
      1,
      0,
      1,
      0,
      0,
      1
    ],
    "bin_edges": [
      -3.233936309814453,
      -3.189096212387085,
      -3.144256114959717,
      -3.0994162559509277,
      -3.0545761585235596,
      -3.0097360610961914,
      -2.9648959636688232,
      -2.920056104660034,
      -2.875216007232666,
      -2.830375909805298,
      -2.7855358123779297,
      -2.7406957149505615,
      -2.6958558559417725,
      -2.6510157585144043,
      -2.606175661087036,
      -2.561335563659668,
      -2.516495704650879,
      -2.4716556072235107,
      -2.4268155097961426,
      -2.3819754123687744,
      -2.3371353149414062,
      -2.292295455932617,
      -2.247455358505249,
      -2.202615261077881,
      -2.1577751636505127,
      -2.1129350662231445,
      -2.0680952072143555,
      -2.0232551097869873,
      -1.9784150123596191,
      -1.9335750341415405,
      -1.8887349367141724,
      -1.8438949584960938,
      -1.7990548610687256,
      -1.7542147636413574,
      -1.7093747854232788,
      -1.6645346879959106,
      -1.619694709777832,
      -1.5748546123504639,
      -1.5300146341323853,
      -1.485174536705017,
      -1.4403345584869385,
      -1.3954944610595703,
      -1.3506543636322021,
      -1.3058143854141235,
      -1.2609742879867554,
      -1.2161343097686768,
      -1.1712942123413086,
      -1.12645423412323,
      -1.0816141366958618,
      -1.0367740392684937,
      -0.991934061050415,
      -0.9470940232276917,
      -0.9022539854049683,
      -0.8574138879776001,
      -0.8125738501548767,
      -0.7677338123321533,
      -0.7228937745094299,
      -0.6780537366867065,
      -0.6332136988639832,
      -0.5883736610412598,
      -0.5435335636138916,
      -0.4986935555934906,
      -0.4538534879684448,
      -0.40901345014572144,
      -0.36417365074157715,
      -0.31933361291885376,
      -0.27449357509613037,
      -0.2296535074710846,
      -0.1848134696483612,
      -0.13997343182563782,
      -0.09513337910175323,
      -0.05029333382844925,
      -0.005453288555145264,
      0.03938675671815872,
      0.08422680199146271,
      0.1290668547153473,
      0.17390689253807068,
      0.21874693036079407,
      0.26358699798583984,
      0.30842703580856323,
      0.3532670736312866,
      0.39810711145401,
      0.4429471492767334,
      0.4877872169017792,
      0.5326272249221802,
      0.5774673223495483,
      0.6223073601722717,
      0.6671473979949951,
      0.7119874358177185,
      0.7568274736404419,
      0.8016675114631653,
      0.8465075492858887,
      0.8913476467132568,
      0.9361876845359802,
      0.9810277223587036,
      1.0258677005767822,
      1.0707077980041504,
      1.1155478954315186,
      1.1603878736495972,
      1.2052279710769653,
      1.250067949295044,
      1.294908046722412,
      1.3397480249404907,
      1.3845881223678589,
      1.4294281005859375,
      1.4742681980133057,
      1.5191082954406738,
      1.5639482736587524,
      1.6087883710861206,
      1.6536283493041992,
      1.6984684467315674,
      1.743308424949646,
      1.7881485223770142,
      1.8329886198043823,
      1.877828598022461,
      1.922668695449829,
      1.9675086736679077,
      2.0123486518859863,
      2.0571887493133545,
      2.1020288467407227,
      2.146868944168091,
      2.191709041595459,
      2.236548900604248,
      2.281388998031616,
      2.3262290954589844,
      2.3710691928863525,
      2.4159090518951416,
      2.4607491493225098,
      2.505589246749878
    ]
  }
}