{
  "module": "patch_embed.block3_lif",
  "state_shape": [
    64,
    192,
    32,
    32
  ],
  "time_steps": 1,
  "numel_sampled": 199729,
  "mean": -0.4918766915798187,
  "std": 0.5815879702568054,
  "min": -3.7620880603790283,
  "max": 2.4341812133789062,
  "quantiles": {
    "0.00": -3.7620880603790283,
    "0.01": -1.869646430015564,
    "0.05": -1.4320210218429565,
    "0.10": -1.212462067604065,
    "0.25": -0.8689056634902954,
    "0.50": -0.5012010335922241,
    "0.75": -0.12326092272996902,
    "0.90": 0.24189531803131104,
    "0.95": 0.4802129566669464,
    "0.99": 0.961307168006897,
    "1.00": 2.4341812133789062
  },
  "histogram": {
    "counts": [
      1,
      0,
      0,
      0,
      0,
      3,
      1,
      0,
      0,
      0,
      3,
      1,
      0,
      5,
      1,
      3,
      2,
      4,
      6,
      6,
      6,
      11,
      12,
      20,
      21,
      21,
      32,
      39,
      47,
      72,
      74,
      92,
      106,
      137,
      172,
      170,
      264,
      269,
      363,
      424,
      497,
      574,
      678,
      845,
      969,
      1111,
      1251,
      1465,
      1681,
      1955,
      2192,
      2526,
      2778,
      3164,
      3647,
      3933,
      4301,
      4774,
      5054,
      5440,
      5833,
      6226,
      6420,
      6600,
      6884,
      6911,
      7100,
      7193,
      6964,
      6754,
      6744,
      6455,
      6241,
      5884,
      5494,
      5215,
      4852,
      4527,
      4023,
      3712,
      3388,
      3058,
      2799,
      2354,
      2253,
      1977,
      1661,
      1538,
      1281,
      1106,
      1000,
      936,
      764,
      690,
      528,
      492,
      423,
      398,
      317,
      264,
      223,
      188,
      169,
      149,
      107,
      91,
      61,
      43,
      40,
      45,
      22,
      21,
      20,
      21,
      8,
      9,
      5,
      8,
      5,
      3,
      3,
      3,
      1,
      1,
      0,
      0,
      0,
      1
    ],
    "bin_edges": [
      -3.7620880603790283,
      -3.713679790496826,
      -3.665271282196045,
      -3.6168630123138428,
      -3.5684547424316406,
      -3.5200462341308594,
      -3.4716379642486572,
      -3.423229694366455,
      -3.374821186065674,
      -3.3264129161834717,
      -3.2780046463012695,
      -3.2295961380004883,
      -3.181187868118286,
      -3.132779598236084,
      -3.0843710899353027,
      -3.0359628200531006,
      -2.9875545501708984,
      -2.939146041870117,
      -2.890737771987915,
      -2.842329263687134,
      -2.7939209938049316,
      -2.7455127239227295,
      -2.6971042156219482,
      -2.648695945739746,
      -2.600287675857544,
      -2.5518791675567627,
      -2.5034708976745605,
      -2.4550626277923584,
      -2.406654119491577,
      -2.358245849609375,
      -2.309837579727173,
      -2.2614290714263916,
      -2.2130208015441895,
      -2.1646125316619873,
      -2.116204023361206,
      -2.067795753479004,
      -2.0193874835968018,
      -1.97097909450531,
      -1.9225707054138184,
      -1.8741623163223267,
      -1.825753927230835,
      -1.7773456573486328,
      -1.7289372682571411,
      -1.6805288791656494,
      -1.6321206092834473,
      -1.5837122201919556,
      -1.5353038311004639,
      -1.4868955612182617,
      -1.43848717212677,
      -1.3900787830352783,
      -1.3416705131530762,
      -1.2932621240615845,
      -1.2448537349700928,
      -1.1964454650878906,
      -1.148037075996399,
      -1.0996286869049072,
      -1.051220417022705,
      -1.0028120279312134,
      -0.9544036388397217,
      -0.9059953093528748,
      -0.8575869798660278,
      -0.8091785907745361,
      -0.7607702612876892,
      -0.7123618721961975,
      -0.6639533042907715,
      -0.6155449748039246,
      -0.5671365857124329,
      -0.5187282562255859,
      -0.4703198969364166,
      -0.4219115376472473,
      -0.3735032081604004,
      -0.3250948488712311,
      -0.27668648958206177,
      -0.22827813029289246,
      -0.17986978590488434,
      -0.13146144151687622,
      -0.08305308222770691,
      -0.034644730389118195,
      0.01376362144947052,
      0.062171973288059235,
      0.11058032512664795,
      0.15898868441581726,
      0.20739702880382538,
      0.2558053731918335,
      0.3042137324810028,
      0.3526220917701721,
      0.40103042125701904,
      0.44943878054618835,
      0.49784713983535767,
      0.5462554693222046,
      0.5946638584136963,
      0.6430721879005432,
      0.6914805173873901,
      0.7398889064788818,
      0.7882972359657288,
      0.8367056250572205,
      0.8851139545440674,
      0.9335222840309143,
      0.981930673122406,
      1.030339002609253,
      1.0787473917007446,
      1.1271556615829468,
      1.1755640506744385,
      1.2239724397659302,
      1.2723808288574219,
      1.320789098739624,
      1.3691974878311157,
      1.4176058769226074,
      1.4660141468048096,
      1.5144225358963013,
      1.562830924987793,
      1.6112391948699951,
      1.6596475839614868,
      1.7080559730529785,
      1.7564642429351807,
      1.8048726320266724,
      1.853281021118164,
      1.9016892910003662,
      1.950097680091858,
      1.9985060691833496,
      2.0469143390655518,
      2.095322847366333,
      2.143731117248535,
      2.1921393871307373,
      2.2405478954315186,
      2.2889561653137207,
      2.337364435195923,
      2.385772943496704,
      2.4341812133789062
    ]
  }
}