{
  "module": "patch_embed.block1_lif",
  "state_shape": [
    64,
    48,
    32,
    32
  ],
  "time_steps": 1,
  "numel_sampled": 196608,
  "mean": 0.28530099987983704,
  "std": 0.818626344203949,
  "min": -7.421894550323486,
  "max": 9.355816841125488,
  "quantiles": {
    "0.00": -7.421894550323486,
    "0.01": -1.9943599700927734,
    "0.05": -0.9999055862426758,
    "0.10": -0.6049501299858093,
    "0.25": -0.1063397228717804,
    "0.50": 0.29076269268989563,
    "0.75": 0.668720006942749,
    "0.90": 1.1347630023956299,
    "0.95": 1.5515551567077637,
    "0.99": 2.696885824203491,
    "1.00": 9.355816841125488
  },
  "histogram": {
    "counts": [
      1,
      0,
      0,
      1,
      0,
      0,
      2,
      0,
      1,
      1,
      2,
      1,
      0,
      1,
      1,
      1,
      4,
      4,
      6,
      2,
      4,
      4,
      6,
      6,
      8,
      6,
      17,
      20,
      14,
      21,
      47,
      84,
      70,
      85,
      93,
      126,
      155,
      194,
      218,
      276,
      335,
      410,
      502,
      608,
      804,
      1007,
      1230,
      1597,
      1883,
      2421,
      3041,
      4312,
      5292,
      6850,
      8661,
      11033,
      14210,
      16753,
      18922,
      18797,
      17055,
      13759,
      10667,
      8001,
      5910,
      4470,
      3362,
      2446,
      1997,
      1662,
      1216,
      1006,
      874,
      639,
      542,
      455,
      377,
      292,
      255,
      203,
      156,
      146,
      132,
      127,
      99,
      75,
      93,
      59,
      44,
      35,
      41,
      45,
      57,
      41,
      20,
      22,
      8,
      7,
      13,
      6,
      3,
      5,
      6,
      6,
      3,
      3,
      3,
      4,
      3,
      3,
      1,
      0,
      1,
      0,
      0,
      1,
      0,
      0,
      0,
      1,
      0,
      0,
      0,
      0,
      0,
      0,
      0,
      1
    ],
    "bin_edges": [
      -7.421894550323486,
      -7.290818691253662,
      -7.159742832183838,
      -7.028666973114014,
      -6.8975911140441895,
      -6.766515254974365,
      -6.635439395904541,
      -6.504363536834717,
      -6.373287677764893,
      -6.242211818695068,
      -6.111135959625244,
      -5.98006010055542,
      -5.848984241485596,
      -5.7179083824157715,
      -5.586832523345947,
      -5.455756664276123,
      -5.324680328369141,
      -5.193604469299316,
      -5.062528610229492,
      -4.931452751159668,
      -4.800376892089844,
      -4.6693010330200195,
      -4.538225173950195,
      -4.407149314880371,
      -4.276073455810547,
      -4.144997596740723,
      -4.013921737670898,
      -3.882845878601074,
      -3.75177001953125,
      -3.620694160461426,
      -3.4896183013916016,
      -3.3585424423217773,
      -3.227466583251953,
      -3.096390724182129,
      -2.9653148651123047,
      -2.8342390060424805,
      -2.7031631469726562,
      -2.572087287902832,
      -2.441011428833008,
      -2.3099355697631836,
      -2.1788597106933594,
      -2.047783613204956,
      -1.9167078733444214,
      -1.7856320142745972,
      -1.6545560359954834,
      -1.5234801769256592,
      -1.392404317855835,
      -1.2613284587860107,
      -1.1302525997161865,
      -0.9991767406463623,
      -0.8681008815765381,
      -0.7370249629020691,
      -0.6059491038322449,
      -0.47487324476242065,
      -0.34379735589027405,
      -0.21272148191928864,
      -0.08164560794830322,
      0.04943026602268219,
      0.1805061399936676,
      0.3115820288658142,
      0.4426578879356384,
      0.5737337470054626,
      0.7048096656799316,
      0.8358855247497559,
      0.9669609069824219,
      1.098036766052246,
      1.2291126251220703,
      1.3601884841918945,
      1.4912643432617188,
      1.6223403215408325,
      1.7534161806106567,
      1.884492039680481,
      2.0155677795410156,
      2.146643877029419,
      2.277719736099243,
      2.4087955951690674,
      2.5398714542388916,
      2.670947313308716,
      2.80202317237854,
      2.9330990314483643,
      3.0641748905181885,
      3.1952507495880127,
      3.326326608657837,
      3.457402467727661,
      3.5884783267974854,
      3.7195541858673096,
      3.850630044937134,
      3.981705904006958,
      4.112782001495361,
      4.2438578605651855,
      4.37493371963501,
      4.506009578704834,
      4.637085437774658,
      4.768161296844482,
      4.899237155914307,
      5.030313014984131,
      5.161388874053955,
      5.292464733123779,
      5.4235405921936035,
      5.554616451263428,
      5.685692310333252,
      5.816768169403076,
      5.9478440284729,
      6.078919887542725,
      6.209995746612549,
      6.341071605682373,
      6.472147464752197,
      6.6032233238220215,
      6.734299182891846,
      6.86537504196167,
      6.996450901031494,
      7.127526760101318,
      7.258603096008301,
      7.389678955078125,
      7.520754814147949,
      7.651830673217773,
      7.782906532287598,
      7.913982391357422,
      8.045058250427246,
      8.17613410949707,
      8.307209968566895,
      8.438285827636719,
      8.569361686706543,
      8.700437545776367,
      8.831513404846191,
      8.962589263916016,
      9.09366512298584,
      9.224740982055664,
      9.355816841125488
    ]
  }
}