{
  "module": "block.2.mlp.mlp2_lif",
  "state_shape": [
    64,
    1536,
    8,
    8
  ],
  "time_steps": 1,
  "numel_sampled": 196608,
  "mean": 0.06023114547133446,
  "std": 0.9009329676628113,
  "min": -6.21165657043457,
  "max": 4.885710716247559,
  "quantiles": {
    "0.00": -6.21165657043457,
    "0.01": -2.3614821434020996,
    "0.05": -1.53223717212677,
    "0.10": -1.1411057710647583,
    "0.25": -0.5076040625572205,
    "0.50": 0.2477460503578186,
    "0.75": 0.63688725233078,
    "0.90": 0.8963248133659363,
    "0.95": 1.2896757125854492,
    "0.99": 2.2425549030303955,
    "1.00": 4.885710716247559
  },
  "histogram": {
    "counts": [
      2,
      0,
      1,
      0,
      1,
      1,
      0,
      0,
      1,
      1,
      0,
      1,
      3,
      3,
      0,
      0,
      6,
      5,
      5,
      8,
      7,
      9,
      15,
      11,
      20,
      12,
      20,
      24,
      28,
      25,
      38,
      38,
      44,
      50,
      76,
      80,
      82,
      113,
      102,
      140,
      160,
      206,
      233,
      273,
      327,
      399,
      478,
      569,
      713,
      759,
      918,
      1083,
      1241,
      1549,
      1755,
      1915,
      2202,
      2531,
      2813,
      3082,
      3533,
      3878,
      4124,
      4592,
      4777,
      5065,
      5133,
      5348,
      5505,
      5529,
      5581,
      5731,
      5616,
      6234,
      6890,
      7756,
      9915,
      13307,
      14842,
      12474,
      10963,
      6041,
      3123,
      2342,
      1925,
      1633,
      1391,
      1237,
      1074,
      925,
      810,
      672,
      618,
      567,
      449,
      377,
      324,
      294,
      245,
      215,
      233,
      186,
      139,
      139,
      114,
      102,
      78,
      71,
      64,
      38,
      36,
      34,
      28,
      25,
      23,
      11,
      8,
      5,
      6,
      4,
      9,
      6,
      2,
      7,
      5,
      0,
      0,
      2
    ],
    "bin_edges": [
      -6.21165657043457,
      -6.124958515167236,
      -6.038259983062744,
      -5.95156192779541,
      -5.864863872528076,
      -5.778165817260742,
      -5.69146728515625,
      -5.604769229888916,
      -5.518071174621582,
      -5.431373119354248,
      -5.344674587249756,
      -5.257976531982422,
      -5.171278476715088,
      -5.084580421447754,
      -4.997881889343262,
      -4.911183834075928,
      -4.824485778808594,
      -4.737787246704102,
      -4.651089191436768,
      -4.564391136169434,
      -4.4776930809021,
      -4.390994548797607,
      -4.304296493530273,
      -4.2175984382629395,
      -4.1309003829956055,
      -4.044201850891113,
      -3.9575037956237793,
      -3.8708057403564453,
      -3.7841074466705322,
      -3.6974093914031982,
      -3.610711097717285,
      -3.524013042449951,
      -3.437314748764038,
      -3.350616455078125,
      -3.263918399810791,
      -3.177220106124878,
      -3.090522050857544,
      -3.003823757171631,
      -2.917125701904297,
      -2.830427408218384,
      -2.74372935295105,
      -2.6570310592651367,
      -2.5703330039978027,
      -2.4836347103118896,
      -2.3969366550445557,
      -2.3102383613586426,
      -2.2235403060913086,
      -2.1368420124053955,
      -2.0501437187194824,
      -1.9634456634521484,
      -1.876747488975525,
      -1.7900493144989014,
      -1.7033511400222778,
      -1.6166529655456543,
      -1.5299547910690308,
      -1.4432566165924072,
      -1.3565583229064941,
      -1.2698601484298706,
      -1.183161973953247,
      -1.0964637994766235,
      -1.009765625,
      -0.9230674505233765,
      -0.8363692760467529,
      -0.7496711015701294,
      -0.6629729270935059,
      -0.5762747526168823,
      -0.4895765781402588,
      -0.40287837386131287,
      -0.31618019938468933,
      -0.2294820249080658,
      -0.14278383553028107,
      -0.056085653603076935,
      0.030612528324127197,
      0.11731071025133133,
      0.20400889217853546,
      0.2907070815563202,
      0.3774052560329437,
      0.46410343050956726,
      0.5508016347885132,
      0.6374998092651367,
      0.7241979837417603,
      0.8108961582183838,
      0.8975943326950073,
      0.9842925071716309,
      1.0709906816482544,
      1.157688856124878,
      1.2443870306015015,
      1.331085205078125,
      1.417783498764038,
      1.5044816732406616,
      1.5911798477172852,
      1.6778780221939087,
      1.7645761966705322,
      1.8512743711471558,
      1.9379725456237793,
      2.0246706008911133,
      2.1113688945770264,
      2.1980671882629395,
      2.2847652435302734,
      2.3714635372161865,
      2.4581615924835205,
      2.5448598861694336,
      2.6315579414367676,
      2.7182562351226807,
      2.8049542903900146,
      2.8916525840759277,
      2.9783506393432617,
      3.065048933029175,
      3.151746988296509,
      3.238445281982422,
      3.325143337249756,
      3.411841630935669,
      3.498539924621582,
      3.585237979888916,
      3.671936273574829,
      3.758634328842163,
      3.845332622528076,
      3.93203067779541,
      4.018728733062744,
      4.105427265167236,
      4.19212532043457,
      4.278823375701904,
      4.365521430969238,
      4.4522199630737305,
      4.5389180183410645,
      4.625616073608398,
      4.712314128875732,
      4.799012660980225,
      4.885710716247559
    ]
  }
}