{
  "module": "block.1.attn.q_lif",
  "state_shape": [
    64,
    384,
    64
  ],
  "time_steps": 1,
  "numel_sampled": 196608,
  "mean": -0.10375600308179855,
  "std": 0.9379774332046509,
  "min": -5.2610554695129395,
  "max": 4.227016448974609,
  "quantiles": {
    "0.00": -5.2610554695129395,
    "0.01": -2.1511731147766113,
    "0.05": -1.586548924446106,
    "0.10": -1.2824311256408691,
    "0.25": -0.7605391144752502,
    "0.50": -0.13823190331459045,
    "0.75": 0.5268062949180603,
    "0.90": 1.1309009790420532,
    "0.95": 1.4843580722808838,
    "0.99": 2.145141363143921,
    "1.00": 4.227016448974609
  },
  "histogram": {
    "counts": [
      1,
      0,
      0,
      0,
      0,
      0,
      0,
      0,
      0,
      0,
      1,
      0,
      0,
      0,
      0,
      1,
      0,
      0,
      1,
      0,
      1,
      2,
      2,
      2,
      3,
      15,
      17,
      14,
      19,
      23,
      38,
      35,
      59,
      60,
      81,
      100,
      137,
      177,
      217,
      288,
      312,
      380,
      521,
      651,
      807,
      933,
      1080,
      1359,
      1573,
      1699,
      2044,
      2305,
      2725,
      3012,
      3367,
      3564,
      3907,
      4267,
      4649,
      5086,
      5085,
      5413,
      5524,
      5755,
      5942,
      5950,
      6168,
      6094,
      6191,
      6050,
      5938,
      5740,
      5722,
      5540,
      5347,
      5247,
      5072,
      4764,
      4487,
      4287,
      4063,
      3850,
      3576,
      3302,
      2945,
      2741,
      2564,
      2236,
      2142,
      1822,
      1686,
      1401,
      1294,
      1153,
      959,
      813,
      735,
      618,
      522,
      403,
      351,
      287,
      268,
      186,
      195,
      135,
      115,
      84,
      70,
      57,
      43,
      28,
      25,
      24,
      18,
      10,
      12,
      8,
      4,
      3,
      2,
      3,
      0,
      1,
      1,
      1,
      0,
      1
    ],
    "bin_edges": [
      -5.2610554695129395,
      -5.186929702758789,
      -5.112804412841797,
      -5.0386786460876465,
      -4.964553356170654,
      -4.890427589416504,
      -4.816302299499512,
      -4.742176532745361,
      -4.668050765991211,
      -4.593925476074219,
      -4.519799709320068,
      -4.445674419403076,
      -4.371548652648926,
      -4.297423362731934,
      -4.223297595977783,
      -4.149172306060791,
      -4.075046539306641,
      -4.00092077255249,
      -3.926795482635498,
      -3.8526699542999268,
      -3.7785444259643555,
      -3.704418659210205,
      -3.630293130874634,
      -3.5561676025390625,
      -3.482042074203491,
      -3.40791654586792,
      -3.3337910175323486,
      -3.2596654891967773,
      -3.185539722442627,
      -3.1114141941070557,
      -3.0372886657714844,
      -2.963163137435913,
      -2.889037609100342,
      -2.8149120807647705,
      -2.740786552429199,
      -2.666661024093628,
      -2.5925354957580566,
      -2.5184097290039062,
      -2.444284200668335,
      -2.3701586723327637,
      -2.2960331439971924,
      -2.221907615661621,
      -2.14778208732605,
      -2.0736565589904785,
      -1.9995309114456177,
      -1.9254053831100464,
      -1.8512797355651855,
      -1.7771542072296143,
      -1.703028678894043,
      -1.6289031505584717,
      -1.5547776222229004,
      -1.4806519746780396,
      -1.4065264463424683,
      -1.332400918006897,
      -1.2582752704620361,
      -1.1841497421264648,
      -1.1100242137908936,
      -1.0358986854553223,
      -0.9617730975151062,
      -0.8876475095748901,
      -0.8135219812393188,
      -0.7393964529037476,
      -0.6652708649635315,
      -0.5911452770233154,
      -0.5170192718505859,
      -0.44289371371269226,
      -0.3687681555747986,
      -0.2946425974369049,
      -0.22051703929901123,
      -0.14639148116111755,
      -0.07226592302322388,
      0.0018596351146697998,
      0.07598519325256348,
      0.15011075139045715,
      0.22423630952835083,
      0.2983618676662445,
      0.3724874258041382,
      0.44661298394203186,
      0.5207385420799255,
      0.5948641300201416,
      0.6689896583557129,
      0.7431151866912842,
      0.8172407746315002,
      0.8913663625717163,
      0.9654918909072876,
      1.0396174192428589,
      1.1137430667877197,
      1.187868595123291,
      1.2619941234588623,
      1.3361196517944336,
      1.4102451801300049,
      1.4843708276748657,
      1.558496356010437,
      1.6326218843460083,
      1.7067475318908691,
      1.7808730602264404,
      1.8549985885620117,
      1.929124116897583,
      2.0032496452331543,
      2.0773751735687256,
      2.151500701904297,
      2.2256264686584473,
      2.2997519969940186,
      2.37387752532959,
      2.448003053665161,
      2.5221285820007324,
      2.5962541103363037,
      2.670379638671875,
      2.7445054054260254,
      2.8186309337615967,
      2.892756462097168,
      2.9668819904327393,
      3.0410075187683105,
      3.115133047103882,
      3.189258575439453,
      3.2633841037750244,
      3.3375096321105957,
      3.411635398864746,
      3.4857609272003174,
      3.5598864555358887,
      3.63401198387146,
      3.7081375122070312,
      3.7822630405426025,
      3.856388568878174,
      3.930514335632324,
      4.004639625549316,
      4.078765392303467,
      4.152890682220459,
      4.227016448974609
    ]
  }
}