{
  "module": "block.2.mlp.mlp1_lif",
  "state_shape": [
    64,
    384,
    8,
    8
  ],
  "time_steps": 1,
  "numel_sampled": 196608,
  "mean": -0.09018703550100327,
  "std": 1.6939289569854736,
  "min": -8.40422248840332,
  "max": 8.790027618408203,
  "quantiles": {
    "0.00": -8.40422248840332,
    "0.01": -4.176705837249756,
    "0.05": -2.935532569885254,
    "0.10": -2.2843451499938965,
    "0.25": -1.204937219619751,
    "0.50": -0.05219756066799164,
    "0.75": 1.0604162216186523,
    "0.90": 2.034208297729492,
    "0.95": 2.612088203430176,
    "0.99": 3.7740161418914795,
    "1.00": 8.790027618408203
  },
  "histogram": {
    "counts": [
      1,
      0,
      1,
      0,
      1,
      2,
      3,
      1,
      2,
      2,
      2,
      3,
      6,
      7,
      14,
      12,
      16,
      32,
      22,
      29,
      40,
      54,
      63,
      89,
      97,
      124,
      144,
      195,
      257,
      274,
      320,
      389,
      447,
      531,
      613,
      737,
      888,
      1001,
      1130,
      1308,
      1398,
      1640,
      1938,
      2118,
      2297,
      2571,
      2814,
      3119,
      3334,
      3629,
      4023,
      4123,
      4527,
      4719,
      5100,
      5355,
      5571,
      5641,
      5883,
      6109,
      6179,
      6299,
      6134,
      6162,
      6270,
      6235,
      6059,
      5762,
      5783,
      5456,
      5182,
      4848,
      4692,
      4174,
      3934,
      3647,
      3284,
      2879,
      2668,
      2361,
      2115,
      1876,
      1546,
      1394,
      1123,
      925,
      861,
      693,
      580,
      471,
      418,
      340,
      312,
      233,
      156,
      157,
      126,
      87,
      92,
      91,
      46,
      32,
      41,
      22,
      23,
      11,
      18,
      9,
      5,
      2,
      5,
      3,
      1,
      7,
      3,
      2,
      1,
      1,
      2,
      2,
      0,
      0,
      0,
      0,
      1,
      0,
      0,
      1
    ],
    "bin_edges": [
      -8.40422248840332,
      -8.269892692565918,
      -8.1355619430542,
      -8.001232147216797,
      -7.8669023513793945,
      -7.732572078704834,
      -7.598241806030273,
      -7.463912010192871,
      -7.3295817375183105,
      -7.195251941680908,
      -7.060921669006348,
      -6.926591396331787,
      -6.792261600494385,
      -6.657931327819824,
      -6.523601531982422,
      -6.389271259307861,
      -6.254940986633301,
      -6.120611190795898,
      -5.986280918121338,
      -5.8519511222839355,
      -5.717620849609375,
      -5.583291053771973,
      -5.448960781097412,
      -5.314630508422852,
      -5.180300712585449,
      -5.045970439910889,
      -4.911640644073486,
      -4.777310371398926,
      -4.642980098724365,
      -4.508650302886963,
      -4.374320030212402,
      -4.239990234375,
      -4.1056599617004395,
      -3.971329927444458,
      -3.8369998931884766,
      -3.702669620513916,
      -3.5683395862579346,
      -3.434009552001953,
      -3.2996795177459717,
      -3.1653494834899902,
      -3.0310192108154297,
      -2.8966891765594482,
      -2.762359142303467,
      -2.6280291080474854,
      -2.493699073791504,
      -2.3593690395355225,
      -2.225038766860962,
      -2.0907087326049805,
      -1.956378698348999,
      -1.8220486640930176,
      -1.6877185106277466,
      -1.5533884763717651,
      -1.4190583229064941,
      -1.2847282886505127,
      -1.1503982543945312,
      -1.0160681009292603,
      -0.8817380666732788,
      -0.7474079728126526,
      -0.6130778789520264,
      -0.4787478446960449,
      -0.3444177508354187,
      -0.21008767187595367,
      -0.07575759291648865,
      0.05857248604297638,
      0.1929025650024414,
      0.3272326588630676,
      0.46156272292137146,
      0.5958927869796753,
      0.7302228808403015,
      0.8645529747009277,
      0.9988830089569092,
      1.1332131624221802,
      1.2675431966781616,
      1.401873230934143,
      1.536203384399414,
      1.6705334186553955,
      1.804863452911377,
      1.939193606376648,
      2.073523759841919,
      2.2078537940979004,
      2.342183828353882,
      2.4765138626098633,
      2.6108438968658447,
      2.7451741695404053,
      2.8795042037963867,
      3.013834238052368,
      3.1481642723083496,
      3.282494306564331,
      3.4168243408203125,
      3.551154613494873,
      3.6854846477508545,
      3.819814682006836,
      3.9541447162628174,
      4.088474750518799,
      4.222805023193359,
      4.357134819030762,
      4.491465091705322,
      4.625795364379883,
      4.760125160217285,
      4.894455432891846,
      5.028785228729248,
      5.163115501403809,
      5.297445774078369,
      5.4317755699157715,
      5.566105842590332,
      5.700435638427734,
      5.834765911102295,
      5.9690961837768555,
      6.103425979614258,
      6.237756252288818,
      6.372086048126221,
      6.506416320800781,
      6.640746116638184,
      6.775076389312744,
      6.909406661987305,
      7.043736457824707,
      7.178066730499268,
      7.31239652633667,
      7.4467267990112305,
      7.581057071685791,
      7.715386867523193,
      7.849717140197754,
      7.984046936035156,
      8.118377685546875,
      8.252707481384277,
      8.38703727722168,
      8.521367073059082,
      8.6556978225708,
      8.790027618408203
    ]
  }
}