{
  "module": "block.3.attn.proj_lif",
  "state_shape": [
    64,
    384,
    8,
    8
  ],
  "time_steps": 1,
  "numel_sampled": 196608,
  "mean": 0.008509378880262375,
  "std": 1.5911401510238647,
  "min": -7.894430160522461,
  "max": 8.081690788269043,
  "quantiles": {
    "0.00": -7.894430160522461,
    "0.01": -3.9818379878997803,
    "0.05": -2.72188401222229,
    "0.10": -2.067164421081543,
    "0.25": -1.0166006088256836,
    "0.50": 0.0800180584192276,
    "0.75": 1.0988233089447021,
    "0.90": 1.959116816520691,
    "0.95": 2.4901323318481445,
    "0.99": 3.5303876399993896,
    "1.00": 8.081690788269043
  },
  "histogram": {
    "counts": [
      1,
      1,
      1,
      2,
      3,
      2,
      4,
      4,
      6,
      1,
      6,
      9,
      11,
      13,
      21,
      19,
      17,
      33,
      27,
      48,
      53,
      63,
      71,
      106,
      92,
      123,
      133,
      184,
      215,
      271,
      294,
      367,
      367,
      490,
      539,
      651,
      742,
      826,
      996,
      1097,
      1291,
      1392,
      1529,
      1789,
      1925,
      2206,
      2390,
      2693,
      2844,
      3157,
      3322,
      3655,
      3922,
      4151,
      4496,
      4678,
      4969,
      5290,
      5463,
      5683,
      5831,
      6015,
      6202,
      6230,
      6113,
      6234,
      6295,
      6176,
      6049,
      5900,
      5748,
      5632,
      5283,
      5074,
      4722,
      4315,
      3909,
      3557,
      3073,
      2744,
      2436,
      2277,
      1878,
      1599,
      1443,
      1221,
      1043,
      895,
      716,
      581,
      451,
      426,
      329,
      273,
      217,
      177,
      151,
      133,
      83,
      83,
      70,
      57,
      55,
      24,
      29,
      18,
      21,
      15,
      4,
      10,
      7,
      4,
      6,
      5,
      4,
      3,
      1,
      2,
      1,
      0,
      0,
      1,
      0,
      1,
      1,
      0,
      0,
      1
    ],
    "bin_edges": [
      -7.894430160522461,
      -7.769616603851318,
      -7.644803047180176,
      -7.519989967346191,
      -7.395176410675049,
      -7.270362854003906,
      -7.145549297332764,
      -7.020736217498779,
      -6.895922660827637,
      -6.771109104156494,
      -6.646295547485352,
      -6.521482467651367,
      -6.396668910980225,
      -6.271855354309082,
      -6.1470417976379395,
      -6.022228717803955,
      -5.8974151611328125,
      -5.77260160446167,
      -5.647788047790527,
      -5.522974491119385,
      -5.3981614112854,
      -5.273347854614258,
      -5.148534297943115,
      -5.023720741271973,
      -4.898907661437988,
      -4.774094104766846,
      -4.649280548095703,
      -4.5244669914245605,
      -4.399653911590576,
      -4.274840354919434,
      -4.150026798248291,
      -4.025213241577148,
      -3.900399923324585,
      -3.7755863666534424,
      -3.650773048400879,
      -3.5259594917297363,
      -3.401146173477173,
      -3.2763326168060303,
      -3.151519298553467,
      -3.026705741882324,
      -2.9018924236297607,
      -2.777078866958618,
      -2.6522655487060547,
      -2.527451992034912,
      -2.4026386737823486,
      -2.277825117111206,
      -2.1530117988586426,
      -2.0281982421875,
      -1.903384804725647,
      -1.778571367263794,
      -1.653757929801941,
      -1.528944492340088,
      -1.4041310548782349,
      -1.2793176174163818,
      -1.1545041799545288,
      -1.0296907424926758,
      -0.904877245426178,
      -0.780063807964325,
      -0.6552503705024719,
      -0.5304369330406189,
      -0.4056234657764435,
      -0.28081002831459045,
      -0.15599657595157623,
      -0.03118313103914261,
      0.09363031387329102,
      0.21844375133514404,
      0.34325718879699707,
      0.4680706560611725,
      0.5928840637207031,
      0.7176975607872009,
      0.842510998249054,
      0.967324435710907,
      1.0921378135681152,
      1.2169513702392578,
      1.3417648077011108,
      1.4665782451629639,
      1.591391682624817,
      1.71620512008667,
      1.841018557548523,
      1.965831995010376,
      2.0906453132629395,
      2.215458869934082,
      2.3402724266052246,
      2.465085744857788,
      2.5898993015289307,
      2.714712619781494,
      2.8395261764526367,
      2.9643394947052,
      3.0891530513763428,
      3.2139663696289062,
      3.338779926300049,
      3.4635932445526123,
      3.588406801223755,
      3.7132201194763184,
      3.838033676147461,
      3.9628469944000244,
      4.087660789489746,
      4.2124738693237305,
      4.337287425994873,
      4.462100982666016,
      4.586914539337158,
      4.711727619171143,
      4.836541175842285,
      4.961354732513428,
      5.08616828918457,
      5.210981369018555,
      5.335794925689697,
      5.46060848236084,
      5.585422039031982,
      5.710235118865967,
      5.835048675537109,
      5.959862232208252,
      6.0846757888793945,
      6.209489345550537,
      6.3343024253845215,
      6.459115982055664,
      6.583929538726807,
      6.708743095397949,
      6.833556175231934,
      6.958369731903076,
      7.083183288574219,
      7.207996845245361,
      7.332809925079346,
      7.457623481750488,
      7.582437038421631,
      7.707250595092773,
      7.832063674926758,
      7.9568772315979,
      8.081690788269043
    ]
  }
}