{
  "module": "block.3.attn.v_lif",
  "state_shape": [
    64,
    384,
    64
  ],
  "time_steps": 1,
  "numel_sampled": 196608,
  "mean": -0.047521669417619705,
  "std": 1.184118628501892,
  "min": -5.144573211669922,
  "max": 5.4180450439453125,
  "quantiles": {
    "0.00": -5.144573211669922,
    "0.01": -2.6328136920928955,
    "0.05": -1.913642406463623,
    "0.10": -1.529828667640686,
    "0.25": -0.8754873275756836,
    "0.50": -0.09211313724517822,
    "0.75": 0.7470158934593201,
    "0.90": 1.5045852661132812,
    "0.95": 1.959169864654541,
    "0.99": 2.8088877201080322,
    "1.00": 5.4180450439453125
  },
  "histogram": {
    "counts": [
      2,
      1,
      1,
      0,
      2,
      3,
      5,
      3,
      3,
      5,
      8,
      5,
      8,
      15,
      8,
      19,
      21,
      26,
      50,
      37,
      60,
      76,
      80,
      103,
      113,
      158,
      175,
      229,
      272,
      320,
      411,
      445,
      582,
      692,
      828,
      966,
      1157,
      1249,
      1477,
      1645,
      1850,
      2100,
      2395,
      2564,
      2836,
      3117,
      3381,
      3647,
      3970,
      4247,
      4395,
      4705,
      4709,
      4957,
      5073,
      5147,
      5284,
      5429,
      5342,
      5361,
      5365,
      5292,
      5177,
      5343,
      5097,
      4901,
      4925,
      4799,
      4479,
      4259,
      4350,
      4153,
      3879,
      3722,
      3549,
      3348,
      3161,
      2858,
      2672,
      2516,
      2284,
      2077,
      1925,
      1762,
      1576,
      1425,
      1296,
      1192,
      1038,
      857,
      795,
      669,
      572,
      527,
      488,
      400,
      346,
      280,
      266,
      198,
      153,
      140,
      112,
      104,
      80,
      78,
      69,
      56,
      49,
      30,
      28,
      29,
      10,
      21,
      6,
      22,
      8,
      4,
      4,
      2,
      5,
      5,
      2,
      1,
      0,
      2,
      0,
      1
    ],
    "bin_edges": [
      -5.144573211669922,
      -5.0620527267456055,
      -4.979532241821289,
      -4.897011756896973,
      -4.814491271972656,
      -4.73197078704834,
      -4.649450302124023,
      -4.566929817199707,
      -4.484409332275391,
      -4.401889324188232,
      -4.319368839263916,
      -4.2368483543396,
      -4.154327869415283,
      -4.071807384490967,
      -3.9892868995666504,
      -3.906766414642334,
      -3.8242459297180176,
      -3.741725444793701,
      -3.6592049598693848,
      -3.5766844749450684,
      -3.494163990020752,
      -3.4116437435150146,
      -3.3291232585906982,
      -3.246602773666382,
      -3.1640822887420654,
      -3.081561803817749,
      -2.9990413188934326,
      -2.916520833969116,
      -2.834000587463379,
      -2.7514801025390625,
      -2.668959617614746,
      -2.5864391326904297,
      -2.5039186477661133,
      -2.421398162841797,
      -2.3388776779174805,
      -2.256357192993164,
      -2.1738367080688477,
      -2.0913164615631104,
      -2.008795976638794,
      -1.9262754917144775,
      -1.8437550067901611,
      -1.7612345218658447,
      -1.6787140369415283,
      -1.5961936712265015,
      -1.513673186302185,
      -1.4311527013778687,
      -1.3486323356628418,
      -1.2661118507385254,
      -1.183591365814209,
      -1.1010708808898926,
      -1.0185503959655762,
      -0.9360300302505493,
      -0.8535095453262329,
      -0.7709890604019165,
      -0.6884686350822449,
      -0.6059482097625732,
      -0.5234277248382568,
      -0.4409072697162628,
      -0.3583868145942688,
      -0.2758663594722748,
      -0.19334590435028076,
      -0.11082544922828674,
      -0.028304994106292725,
      0.054215461015701294,
      0.1367359161376953,
      0.21925637125968933,
      0.30177682638168335,
      0.38429728150367737,
      0.4668177366256714,
      0.5493382215499878,
      0.6318586468696594,
      0.714379072189331,
      0.7968995571136475,
      0.8794200420379639,
      0.9619404673576355,
      1.0444608926773071,
      1.1269813776016235,
      1.20950186252594,
      1.2920222282409668,
      1.3745427131652832,
      1.4570631980895996,
      1.539583683013916,
      1.6221041679382324,
      1.7046245336532593,
      1.7871450185775757,
      1.869665503501892,
      1.952185869216919,
      2.0347063541412354,
      2.1172268390655518,
      2.199747323989868,
      2.2822678089141846,
      2.364788293838501,
      2.4473085403442383,
      2.5298290252685547,
      2.612349510192871,
      2.6948699951171875,
      2.777390480041504,
      2.8599109649658203,
      2.9424314498901367,
      3.024951934814453,
      3.1074724197387695,
      3.189992666244507,
      3.2725131511688232,
      3.3550336360931396,
      3.437554121017456,
      3.5200746059417725,
      3.602595090866089,
      3.6851155757904053,
      3.7676358222961426,
      3.850156307220459,
      3.9326767921447754,
      4.015197277069092,
      4.097717761993408,
      4.180238246917725,
      4.262758731842041,
      4.345279216766357,
      4.427799701690674,
      4.51032018661499,
      4.592840671539307,
      4.675361156463623,
      4.757881164550781,
      4.840401649475098,
      4.922922134399414,
      5.0054426193237305,
      5.087963104248047,
      5.170483589172363,
      5.25300407409668,
      5.335524559020996,
      5.4180450439453125
    ]
  }
}