{
  "module": "block.0.mlp.mlp1_lif",
  "state_shape": [
    64,
    384,
    8,
    8
  ],
  "time_steps": 1,
  "numel_sampled": 196608,
  "mean": -0.1608218550682068,
  "std": 1.0458074808120728,
  "min": -4.937326431274414,
  "max": 5.005130290985107,
  "quantiles": {
    "0.00": -4.937326431274414,
    "0.01": -2.589867353439331,
    "0.05": -1.8741570711135864,
    "0.10": -1.4959949254989624,
    "0.25": -0.8659235835075378,
    "0.50": -0.15969473123550415,
    "0.75": 0.5422790050506592,
    "0.90": 1.1725919246673584,
    "0.95": 1.5557290315628052,
    "0.99": 2.288109540939331,
    "1.00": 5.005130290985107
  },
  "histogram": {
    "counts": [
      2,
      1,
      1,
      0,
      0,
      2,
      3,
      6,
      7,
      5,
      4,
      9,
      10,
      10,
      18,
      24,
      21,
      30,
      32,
      46,
      45,
      91,
      79,
      119,
      135,
      157,
      199,
      248,
      246,
      344,
      414,
      513,
      554,
      658,
      768,
      882,
      1016,
      1160,
      1344,
      1471,
      1663,
      1930,
      2176,
      2398,
      2669,
      2918,
      3137,
      3398,
      3785,
      3952,
      4130,
      4403,
      4686,
      4954,
      5090,
      5344,
      5338,
      5581,
      5572,
      5786,
      5739,
      5850,
      5797,
      5756,
      5652,
      5747,
      5524,
      5312,
      5161,
      4815,
      4683,
      4454,
      4107,
      3930,
      3625,
      3410,
      3079,
      2986,
      2581,
      2296,
      2122,
      1955,
      1674,
      1552,
      1338,
      1147,
      1061,
      887,
      773,
      666,
      530,
      449,
      389,
      333,
      285,
      233,
      194,
      178,
      141,
      111,
      105,
      74,
      75,
      39,
      43,
      32,
      25,
      17,
      19,
      12,
      8,
      10,
      5,
      10,
      6,
      6,
      1,
      1,
      4,
      4,
      2,
      1,
      0,
      0,
      0,
      0,
      1,
      2
    ],
    "bin_edges": [
      -4.937326431274414,
      -4.8596510887146,
      -4.781975746154785,
      -4.7042999267578125,
      -4.626624584197998,
      -4.548949241638184,
      -4.471273899078369,
      -4.3935980796813965,
      -4.315922737121582,
      -4.238247394561768,
      -4.160572052001953,
      -4.082896709442139,
      -4.005220890045166,
      -3.9275455474853516,
      -3.849870204925537,
      -3.7721946239471436,
      -3.694519281387329,
      -3.6168439388275146,
      -3.539168357849121,
      -3.4614930152893066,
      -3.383817434310913,
      -3.3061420917510986,
      -3.228466510772705,
      -3.1507911682128906,
      -3.073115825653076,
      -2.9954402446746826,
      -2.917764902114868,
      -2.8400893211364746,
      -2.76241397857666,
      -2.6847383975982666,
      -2.607063055038452,
      -2.5293874740600586,
      -2.451712131500244,
      -2.3740367889404297,
      -2.296361207962036,
      -2.2186858654022217,
      -2.141010284423828,
      -2.0633349418640137,
      -1.9856594800949097,
      -1.9079840183258057,
      -1.8303085565567017,
      -1.7526330947875977,
      -1.6749576330184937,
      -1.5972821712493896,
      -1.5196068286895752,
      -1.4419313669204712,
      -1.3642559051513672,
      -1.2865804433822632,
      -1.2089049816131592,
      -1.1312295198440552,
      -1.0535540580749512,
      -0.9758786559104919,
      -0.8982031941413879,
      -0.8205277323722839,
      -0.7428523302078247,
      -0.6651768684387207,
      -0.5875014066696167,
      -0.5098259449005127,
      -0.4321505129337311,
      -0.35447508096694946,
      -0.27679961919784546,
      -0.19912417232990265,
      -0.12144872546195984,
      -0.04377327859401703,
      0.03390169143676758,
      0.11157713830471039,
      0.1892525851726532,
      0.2669280171394348,
      0.3446034789085388,
      0.4222789406776428,
      0.49995437264442444,
      0.577629804611206,
      0.6553052663803101,
      0.7329807281494141,
      0.8106561899185181,
      0.8883315920829773,
      0.9660070538520813,
      1.0436824560165405,
      1.1213579177856445,
      1.1990333795547485,
      1.2767088413238525,
      1.3543843030929565,
      1.4320597648620605,
      1.5097352266311646,
      1.5874106884002686,
      1.665086030960083,
      1.742761492729187,
      1.820436954498291,
      1.898112416267395,
      1.975787878036499,
      2.0534632205963135,
      2.131138801574707,
      2.2088141441345215,
      2.286489725112915,
      2.3641650676727295,
      2.441840648651123,
      2.5195159912109375,
      2.597191333770752,
      2.6748669147491455,
      2.75254225730896,
      2.8302178382873535,
      2.907893180847168,
      2.9855687618255615,
      3.063244104385376,
      3.1409196853637695,
      3.218595027923584,
      3.2962703704833984,
      3.373945951461792,
      3.4516212940216064,
      3.529296875,
      3.6069722175598145,
      3.684647798538208,
      3.7623231410980225,
      3.839998483657837,
      3.9176740646362305,
      3.995349407196045,
      4.073024749755859,
      4.150700569152832,
      4.2283759117126465,
      4.306051254272461,
      4.383726596832275,
      4.46140193939209,
      4.5390777587890625,
      4.616753101348877,
      4.694428443908691,
      4.772103786468506,
      4.8497796058654785,
      4.927454948425293,
      5.005130290985107
    ]
  }
}