{
  "module": "block.3.mlp.mlp1_lif",
  "state_shape": [
    64,
    384,
    8,
    8
  ],
  "time_steps": 1,
  "numel_sampled": 196608,
  "mean": 0.07788395136594772,
  "std": 1.7592395544052124,
  "min": -8.97240161895752,
  "max": 8.210597038269043,
  "quantiles": {
    "0.00": -8.97240161895752,
    "0.01": -4.364232540130615,
    "0.05": -2.937919855117798,
    "0.10": -2.210513114929199,
    "0.25": -1.051387071609497,
    "0.50": 0.15969975292682648,
    "0.75": 1.286899209022522,
    "0.90": 2.2470312118530273,
    "0.95": 2.809103012084961,
    "0.99": 3.927727699279785,
    "1.00": 8.210597038269043
  },
  "histogram": {
    "counts": [
      3,
      4,
      0,
      2,
      1,
      3,
      1,
      2,
      6,
      4,
      7,
      6,
      12,
      6,
      10,
      9,
      20,
      16,
      26,
      24,
      24,
      42,
      50,
      57,
      73,
      75,
      91,
      102,
      106,
      142,
      177,
      204,
      238,
      313,
      324,
      415,
      449,
      491,
      605,
      681,
      791,
      873,
      996,
      1168,
      1253,
      1425,
      1643,
      1749,
      1961,
      2138,
      2387,
      2558,
      2895,
      3045,
      3429,
      3553,
      3900,
      4158,
      4382,
      4648,
      4914,
      5042,
      5310,
      5419,
      5763,
      5822,
      6045,
      6048,
      6167,
      6156,
      6060,
      5950,
      6098,
      5643,
      5575,
      5474,
      5159,
      4978,
      4714,
      4441,
      3869,
      3650,
      3156,
      2963,
      2654,
      2390,
      2115,
      1822,
      1557,
      1338,
      1074,
      1010,
      809,
      652,
      554,
      448,
      372,
      297,
      240,
      208,
      169,
      125,
      116,
      94,
      80,
      56,
      56,
      38,
      40,
      24,
      21,
      14,
      5,
      5,
      7,
      7,
      6,
      3,
      2,
      2,
      1,
      1,
      2,
      1,
      0,
      1,
      1,
      2
    ],
    "bin_edges": [
      -8.97240161895752,
      -8.838159561157227,
      -8.703917503356934,
      -8.56967544555664,
      -8.435432434082031,
      -8.301190376281738,
      -8.166948318481445,
      -8.032706260681152,
      -7.898464202880859,
      -7.764222145080566,
      -7.629980087280273,
      -7.495737552642822,
      -7.361495494842529,
      -7.227253437042236,
      -7.093010902404785,
      -6.958768844604492,
      -6.824526786804199,
      -6.690284729003906,
      -6.556042671203613,
      -6.421800136566162,
      -6.287558078765869,
      -6.153316020965576,
      -6.019073486328125,
      -5.884831428527832,
      -5.750589370727539,
      -5.616347312927246,
      -5.482105255126953,
      -5.347862720489502,
      -5.213620662689209,
      -5.079378604888916,
      -4.945136070251465,
      -4.810894012451172,
      -4.676651954650879,
      -4.542409896850586,
      -4.408167839050293,
      -4.273925304412842,
      -4.139683246612549,
      -4.005441188812256,
      -3.871198892593384,
      -3.7369565963745117,
      -3.6027145385742188,
      -3.468472480773926,
      -3.3342301845550537,
      -3.1999878883361816,
      -3.0657458305358887,
      -2.9315037727355957,
      -2.7972614765167236,
      -2.6630191802978516,
      -2.5287771224975586,
      -2.3945350646972656,
      -2.2602927684783936,
      -2.1260504722595215,
      -1.9918084144592285,
      -1.857566237449646,
      -1.7233240604400635,
      -1.589081883430481,
      -1.4548397064208984,
      -1.320597529411316,
      -1.1863553524017334,
      -1.0521131753921509,
      -0.9178709983825684,
      -0.7836288213729858,
      -0.6493866443634033,
      -0.5151444673538208,
      -0.3809022903442383,
      -0.24666011333465576,
      -0.11241793632507324,
      0.021824240684509277,
      0.1560664176940918,
      0.2903085947036743,
      0.42455077171325684,
      0.5587929487228394,
      0.6930351257324219,
      0.8272773027420044,
      0.9615194797515869,
      1.0957616567611694,
      1.230003833770752,
      1.3642460107803345,
      1.498488187789917,
      1.6327303647994995,
      1.766972541809082,
      1.9012147188186646,
      2.035456895828247,
      2.169699192047119,
      2.303941249847412,
      2.438183307647705,
      2.572425603866577,
      2.706667900085449,
      2.840909957885742,
      2.975152015686035,
      3.1093943119049072,
      3.2436366081237793,
      3.3778786659240723,
      3.5121207237243652,
      3.6463630199432373,
      3.7806053161621094,
      3.9148473739624023,
      4.049089431762695,
      4.183331489562988,
      4.3175740242004395,
      4.451816082000732,
      4.586058139801025,
      4.720300674438477,
      4.8545427322387695,
      4.9887847900390625,
      5.1230268478393555,
      5.257268905639648,
      5.3915114402771,
      5.525753498077393,
      5.6599955558776855,
      5.794238090515137,
      5.92848014831543,
      6.062722206115723,
      6.196964263916016,
      6.331206321716309,
      6.46544885635376,
      6.599690914154053,
      6.733932971954346,
      6.868175506591797,
      7.00241756439209,
      7.136659622192383,
      7.270901679992676,
      7.405143737792969,
      7.53938627243042,
      7.673628330230713,
      7.807870388031006,
      7.942112922668457,
      8.07635498046875,
      8.210597038269043
    ]
  }
}