{
  "module": "block.0.attn.k_lif",
  "state_shape": [
    64,
    384,
    64
  ],
  "time_steps": 1,
  "numel_sampled": 196608,
  "mean": -0.2960008680820465,
  "std": 0.8091257810592651,
  "min": -3.6218252182006836,
  "max": 3.9143335819244385,
  "quantiles": {
    "0.00": -3.6218252182006836,
    "0.01": -2.07379150390625,
    "0.05": -1.5728009939193726,
    "0.10": -1.3095245361328125,
    "0.25": -0.8530309796333313,
    "0.50": -0.32484182715415955,
    "0.75": 0.236699178814888,
    "0.90": 0.7636311650276184,
    "0.95": 1.0789504051208496,
    "0.99": 1.6826136112213135,
    "1.00": 3.9143335819244385
  },
  "histogram": {
    "counts": [
      2,
      1,
      2,
      1,
      3,
      2,
      4,
      6,
      3,
      8,
      11,
      10,
      30,
      13,
      35,
      37,
      48,
      75,
      89,
      116,
      139,
      165,
      222,
      234,
      255,
      330,
      428,
      518,
      665,
      743,
      847,
      1048,
      1145,
      1355,
      1583,
      1839,
      2064,
      2285,
      2488,
      2973,
      2935,
      3406,
      3666,
      3873,
      4238,
      4437,
      4640,
      4904,
      5235,
      5336,
      5436,
      5533,
      5707,
      5603,
      5787,
      5749,
      5667,
      5684,
      5704,
      5381,
      5096,
      5220,
      4832,
      4704,
      4527,
      4257,
      4140,
      3963,
      3581,
      3476,
      3217,
      2937,
      2728,
      2435,
      2294,
      2121,
      1903,
      1775,
      1577,
      1475,
      1271,
      1108,
      1049,
      827,
      776,
      681,
      591,
      506,
      448,
      354,
      358,
      262,
      219,
      170,
      169,
      150,
      117,
      88,
      78,
      67,
      54,
      44,
      37,
      26,
      26,
      21,
      18,
      14,
      11,
      16,
      5,
      10,
      4,
      9,
      1,
      5,
      4,
      1,
      2,
      3,
      3,
      1,
      0,
      0,
      0,
      0,
      1,
      2
    ],
    "bin_edges": [
      -3.6218252182006836,
      -3.5629489421844482,
      -3.504072666168213,
      -3.4451963901519775,
      -3.3863203525543213,
      -3.327444076538086,
      -3.2685678005218506,
      -3.2096915245056152,
      -3.15081524848938,
      -3.0919389724731445,
      -3.0330629348754883,
      -2.974186658859253,
      -2.9153103828430176,
      -2.8564341068267822,
      -2.797557830810547,
      -2.7386815547943115,
      -2.679805278778076,
      -2.62092924118042,
      -2.5620529651641846,
      -2.503176689147949,
      -2.444300413131714,
      -2.3854241371154785,
      -2.326547861099243,
      -2.267671823501587,
      -2.2087955474853516,
      -2.149919271469116,
      -2.091042995452881,
      -2.0321667194366455,
      -1.9732905626296997,
      -1.9144142866134644,
      -1.855538010597229,
      -1.7966618537902832,
      -1.7377855777740479,
      -1.6789093017578125,
      -1.6200331449508667,
      -1.5611568689346313,
      -1.502280592918396,
      -1.4434044361114502,
      -1.3845281600952148,
      -1.3256518840789795,
      -1.2667756080627441,
      -1.2078994512557983,
      -1.149023175239563,
      -1.0901468992233276,
      -1.0312707424163818,
      -0.9723944664001465,
      -0.9135182499885559,
      -0.8546419739723206,
      -0.79576575756073,
      -0.7368895411491394,
      -0.678013265132904,
      -0.6191370487213135,
      -0.5602607727050781,
      -0.5013845562934875,
      -0.442508339881897,
      -0.383632093667984,
      -0.32475584745407104,
      -0.2658796012401581,
      -0.2070033699274063,
      -0.14812713861465454,
      -0.08925089240074158,
      -0.03037465363740921,
      0.028501585125923157,
      0.08737782388925552,
      0.146254301071167,
      0.20513054728507996,
      0.2640067934989929,
      0.3228830099105835,
      0.38175925612449646,
      0.4406355023384094,
      0.49951171875,
      0.5583879947662354,
      0.6172642111778259,
      0.6761404275894165,
      0.7350167036056519,
      0.7938929200172424,
      0.852769136428833,
      0.9116454124450684,
      0.9705216288566589,
      1.0293978452682495,
      1.0882741212844849,
      1.1471503973007202,
      1.206026554107666,
      1.2649028301239014,
      1.3237791061401367,
      1.3826552629470825,
      1.4415315389633179,
      1.5004078149795532,
      1.559283971786499,
      1.6181602478027344,
      1.6770365238189697,
      1.735912799835205,
      1.7947889566421509,
      1.8536652326583862,
      1.9125415086746216,
      1.9714176654815674,
      2.0302939414978027,
      2.089170217514038,
      2.1480464935302734,
      2.206922769546509,
      2.265798807144165,
      2.3246750831604004,
      2.3835513591766357,
      2.442427635192871,
      2.5013039112091064,
      2.560180187225342,
      2.619056224822998,
      2.6779325008392334,
      2.7368087768554688,
      2.795685052871704,
      2.8545613288879395,
      2.913437604904175,
      2.97231388092041,
      3.0311899185180664,
      3.0900661945343018,
      3.148942470550537,
      3.2078187465667725,
      3.266695022583008,
      3.325571298599243,
      3.3844473361968994,
      3.4433236122131348,
      3.50219988822937,
      3.5610761642456055,
      3.619952440261841,
      3.678828716278076,
      3.7377047538757324,
      3.7965810298919678,
      3.855457305908203,
      3.9143335819244385
    ]
  }
}