{
  "module": "block.0.attn.proj_lif",
  "state_shape": [
    64,
    384,
    8,
    8
  ],
  "time_steps": 1,
  "numel_sampled": 196608,
  "mean": -0.08205190300941467,
  "std": 0.9419953227043152,
  "min": -4.969711780548096,
  "max": 4.890399932861328,
  "quantiles": {
    "0.00": -4.969711780548096,
    "0.01": -2.242494583129883,
    "0.05": -1.6031818389892578,
    "0.10": -1.27091383934021,
    "0.25": -0.7194889187812805,
    "0.50": -0.09251774847507477,
    "0.75": 0.5415432453155518,
    "0.90": 1.125856637954712,
    "0.95": 1.4771260023117065,
    "0.99": 2.1701009273529053,
    "1.00": 4.890399932861328
  },
  "histogram": {
    "counts": [
      1,
      0,
      0,
      1,
      0,
      1,
      2,
      1,
      2,
      4,
      1,
      4,
      2,
      4,
      7,
      7,
      12,
      14,
      15,
      16,
      19,
      23,
      28,
      29,
      41,
      44,
      53,
      75,
      101,
      131,
      165,
      184,
      223,
      260,
      357,
      408,
      512,
      605,
      728,
      875,
      1007,
      1232,
      1505,
      1658,
      1881,
      2196,
      2439,
      2728,
      3185,
      3496,
      3687,
      4023,
      4470,
      4823,
      4975,
      5249,
      5545,
      5743,
      6096,
      6068,
      6287,
      6603,
      6444,
      6444,
      6420,
      6408,
      6151,
      6019,
      5921,
      5514,
      5392,
      5079,
      4731,
      4447,
      4191,
      3884,
      3511,
      3245,
      2924,
      2748,
      2390,
      2148,
      1846,
      1521,
      1441,
      1226,
      1078,
      906,
      795,
      671,
      558,
      457,
      404,
      341,
      274,
      230,
      194,
      168,
      112,
      118,
      73,
      58,
      52,
      49,
      33,
      21,
      14,
      27,
      15,
      9,
      5,
      8,
      9,
      7,
      5,
      5,
      3,
      2,
      2,
      1,
      1,
      2,
      0,
      1,
      1,
      0,
      1,
      2
    ],
    "bin_edges": [
      -4.969711780548096,
      -4.892679691314697,
      -4.815647602081299,
      -4.7386155128479,
      -4.661583423614502,
      -4.5845513343811035,
      -4.507519245147705,
      -4.430487155914307,
      -4.35345458984375,
      -4.276422500610352,
      -4.199390411376953,
      -4.122358322143555,
      -4.045326232910156,
      -3.968294143676758,
      -3.8912620544433594,
      -3.814229965209961,
      -3.7371978759765625,
      -3.660165786743164,
      -3.5831336975097656,
      -3.506101608276367,
      -3.4290695190429688,
      -3.352037191390991,
      -3.2750051021575928,
      -3.1979730129241943,
      -3.120940923690796,
      -3.0439088344573975,
      -2.966876745223999,
      -2.8898446559906006,
      -2.812812328338623,
      -2.7357802391052246,
      -2.658748149871826,
      -2.5817160606384277,
      -2.5046839714050293,
      -2.427651882171631,
      -2.3506197929382324,
      -2.273587703704834,
      -2.1965556144714355,
      -2.119523286819458,
      -2.0424911975860596,
      -1.9654591083526611,
      -1.8884270191192627,
      -1.8113949298858643,
      -1.7343628406524658,
      -1.6573306322097778,
      -1.5802985429763794,
      -1.503266453742981,
      -1.426234245300293,
      -1.3492021560668945,
      -1.272170066833496,
      -1.1951379776000977,
      -1.1181058883666992,
      -1.0410736799240112,
      -0.9640415906906128,
      -0.8870095014572144,
      -0.8099773526191711,
      -0.7329452037811279,
      -0.6559131145477295,
      -0.578881025314331,
      -0.5018488764762878,
      -0.424816757440567,
      -0.3477846384048462,
      -0.27075251936912537,
      -0.19372040033340454,
      -0.11668828129768372,
      -0.03965568542480469,
      0.03737643361091614,
      0.11440855264663696,
      0.1914406716823578,
      0.2684727907180786,
      0.34550490975379944,
      0.42253702878952026,
      0.4995691478252411,
      0.5766012668609619,
      0.6536333560943604,
      0.7306655049324036,
      0.8076976537704468,
      0.8847297430038452,
      0.9617618322372437,
      1.0387940406799316,
      1.11582612991333,
      1.1928582191467285,
      1.269890308380127,
      1.3469223976135254,
      1.4239546060562134,
      1.5009866952896118,
      1.5780187845230103,
      1.6550509929656982,
      1.7320830821990967,
      1.8091151714324951,
      1.8861472606658936,
      1.963179349899292,
      2.0402114391326904,
      2.117243766784668,
      2.1942758560180664,
      2.271307945251465,
      2.3483400344848633,
      2.4253721237182617,
      2.50240421295166,
      2.5794363021850586,
      2.656468391418457,
      2.7335004806518555,
      2.810532808303833,
      2.8875648975372314,
      2.96459698677063,
      3.0416290760040283,
      3.1186611652374268,
      3.195693254470825,
      3.2727253437042236,
      3.349757671356201,
      3.4267897605895996,
      3.503821849822998,
      3.5808539390563965,
      3.657886028289795,
      3.7349181175231934,
      3.811950206756592,
      3.8889822959899902,
      3.9660143852233887,
      4.043046474456787,
      4.1200785636901855,
      4.197110652923584,
      4.274143218994141,
      4.351175308227539,
      4.4282073974609375,
      4.505239486694336,
      4.582271575927734,
      4.659303665161133,
      4.736335754394531,
      4.81336784362793,
      4.890399932861328
    ]
  }
}