{
  "module": "block.3.attn.q_lif",
  "state_shape": [
    64,
    384,
    64
  ],
  "time_steps": 1,
  "numel_sampled": 196608,
  "mean": -0.03928453102707863,
  "std": 0.9783018231391907,
  "min": -4.295602321624756,
  "max": 5.170426845550537,
  "quantiles": {
    "0.00": -4.295602321624756,
    "0.01": -2.1720056533813477,
    "0.05": -1.5811372995376587,
    "0.10": -1.2691009044647217,
    "0.25": -0.7230139374732971,
    "0.50": -0.07254475355148315,
    "0.75": 0.6160943508148193,
    "0.90": 1.2434816360473633,
    "0.95": 1.6142079830169678,
    "0.99": 2.332411766052246,
    "1.00": 5.170426845550537
  },
  "histogram": {
    "counts": [
      1,
      0,
      0,
      0,
      1,
      0,
      1,
      1,
      5,
      1,
      6,
      7,
      5,
      15,
      9,
      14,
      20,
      37,
      39,
      43,
      65,
      78,
      129,
      144,
      189,
      237,
      293,
      349,
      401,
      521,
      679,
      746,
      864,
      1063,
      1263,
      1471,
      1658,
      2025,
      2224,
      2475,
      2806,
      3138,
      3407,
      3616,
      3981,
      4297,
      4632,
      4700,
      4963,
      5256,
      5560,
      5642,
      5683,
      5615,
      5762,
      5832,
      5747,
      5806,
      5753,
      5630,
      5431,
      5380,
      5282,
      5052,
      4851,
      4683,
      4416,
      4274,
      3974,
      3827,
      3569,
      3186,
      3028,
      2779,
      2579,
      2363,
      2178,
      1905,
      1759,
      1504,
      1364,
      1203,
      1011,
      903,
      773,
      687,
      573,
      517,
      445,
      385,
      315,
      253,
      206,
      173,
      147,
      151,
      115,
      78,
      86,
      51,
      49,
      44,
      35,
      26,
      22,
      13,
      13,
      10,
      8,
      6,
      8,
      2,
      3,
      2,
      2,
      0,
      0,
      1,
      2,
      0,
      0,
      0,
      0,
      0,
      0,
      0,
      0,
      1
    ],
    "bin_edges": [
      -4.295602321624756,
      -4.221649169921875,
      -4.147695541381836,
      -4.073742389678955,
      -3.999788999557495,
      -3.925835609436035,
      -3.851882219314575,
      -3.7779288291931152,
      -3.7039754390716553,
      -3.6300220489501953,
      -3.5560688972473145,
      -3.4821155071258545,
      -3.4081621170043945,
      -3.3342087268829346,
      -3.2602553367614746,
      -3.1863019466400146,
      -3.1123485565185547,
      -3.038395404815674,
      -2.964442014694214,
      -2.890488624572754,
      -2.816535234451294,
      -2.742581844329834,
      -2.668628454208374,
      -2.594675302505493,
      -2.520721912384033,
      -2.4467685222625732,
      -2.3728151321411133,
      -2.2988617420196533,
      -2.2249083518981934,
      -2.1509552001953125,
      -2.0770018100738525,
      -2.0030484199523926,
      -1.9290950298309326,
      -1.8551416397094727,
      -1.7811883687973022,
      -1.7072349786758423,
      -1.6332815885543823,
      -1.559328317642212,
      -1.485374927520752,
      -1.411421537399292,
      -1.337468147277832,
      -1.2635148763656616,
      -1.1895614862442017,
      -1.1156080961227417,
      -1.0416548252105713,
      -0.9677014350891113,
      -0.8937481045722961,
      -0.8197947144508362,
      -0.745841383934021,
      -0.6718880534172058,
      -0.5979346632957458,
      -0.5239813327789307,
      -0.4500279724597931,
      -0.3760746121406555,
      -0.30212128162384033,
      -0.22816792130470276,
      -0.15421456098556519,
      -0.08026120811700821,
      -0.006307855248451233,
      0.06764549762010574,
      0.14159885048866272,
      0.2155522108078003,
      0.2895055413246155,
      0.36345890164375305,
      0.4374122619628906,
      0.5113655924797058,
      0.5853189826011658,
      0.659272313117981,
      0.7332257032394409,
      0.8071790337562561,
      0.8811323642730713,
      0.9550857543945312,
      1.0290391445159912,
      1.1029924154281616,
      1.1769458055496216,
      1.2508991956710815,
      1.324852466583252,
      1.398805856704712,
      1.4727592468261719,
      1.5467125177383423,
      1.6206659078598022,
      1.6946192979812622,
      1.7685725688934326,
      1.8425259590148926,
      1.9164793491363525,
      1.990432620048523,
      2.0643861293792725,
      2.1383392810821533,
      2.2122926712036133,
      2.2862460613250732,
      2.360199451446533,
      2.434152841567993,
      2.508106231689453,
      2.582059383392334,
      2.656012773513794,
      2.729966163635254,
      2.803919553756714,
      2.877872943878174,
      2.951826333999634,
      3.0257797241210938,
      3.0997328758239746,
      3.1736862659454346,
      3.2476396560668945,
      3.3215930461883545,
      3.3955464363098145,
      3.4694998264312744,
      3.5434529781341553,
      3.6174063682556152,
      3.691359758377075,
      3.765313148498535,
      3.839266538619995,
      3.913219928741455,
      3.987173080444336,
      4.061126708984375,
      4.135079860687256,
      4.209033489227295,
      4.282986640930176,
      4.356939792633057,
      4.430893421173096,
      4.504846572875977,
      4.578800201416016,
      4.6527533531188965,
      4.726706504821777,
      4.800660133361816,
      4.874613285064697,
      4.948566913604736,
      5.022520065307617,
      5.096473693847656,
      5.170426845550537
    ]
  }
}