{
  "module": "block.2.attn.v_lif",
  "state_shape": [
    64,
    384,
    64
  ],
  "time_steps": 1,
  "numel_sampled": 196608,
  "mean": -0.19028837978839874,
  "std": 1.0879240036010742,
  "min": -4.79421854019165,
  "max": 4.858438968658447,
  "quantiles": {
    "0.00": -4.79421854019165,
    "0.01": -2.5260212421417236,
    "0.05": -1.8945884704589844,
    "0.10": -1.5493825674057007,
    "0.25": -0.9530269503593445,
    "0.50": -0.23849375545978546,
    "0.75": 0.528188169002533,
    "0.90": 1.2424943447113037,
    "0.95": 1.6755826473236084,
    "0.99": 2.4930226802825928,
    "1.00": 4.858438968658447
  },
  "histogram": {
    "counts": [
      1,
      0,
      0,
      0,
      0,
      2,
      1,
      1,
      3,
      2,
      5,
      3,
      2,
      3,
      5,
      12,
      19,
      30,
      30,
      48,
      56,
      57,
      78,
      111,
      125,
      160,
      206,
      256,
      318,
      407,
      485,
      534,
      691,
      802,
      896,
      1079,
      1270,
      1455,
      1602,
      1896,
      2076,
      2309,
      2554,
      2854,
      3089,
      3348,
      3591,
      3934,
      4087,
      4352,
      4575,
      4681,
      4940,
      5046,
      5218,
      5268,
      5272,
      5432,
      5418,
      5413,
      5335,
      5331,
      5296,
      5108,
      5088,
      4909,
      4711,
      4599,
      4436,
      4141,
      4096,
      3841,
      3677,
      3489,
      3293,
      3069,
      2920,
      2649,
      2380,
      2346,
      2113,
      1889,
      1777,
      1635,
      1491,
      1308,
      1239,
      1065,
      929,
      844,
      785,
      683,
      561,
      477,
      443,
      369,
      343,
      300,
      249,
      191,
      181,
      154,
      127,
      119,
      109,
      63,
      46,
      51,
      52,
      34,
      23,
      26,
      14,
      19,
      17,
      15,
      5,
      9,
      10,
      6,
      2,
      4,
      3,
      1,
      1,
      0,
      2,
      2
    ],
    "bin_edges": [
      -4.79421854019165,
      -4.718807220458984,
      -4.643395900726318,
      -4.567984580993652,
      -4.492572784423828,
      -4.417161464691162,
      -4.341750144958496,
      -4.26633882522583,
      -4.190927505493164,
      -4.115516185760498,
      -4.040104866027832,
      -3.964693307876587,
      -3.889281988143921,
      -3.813870429992676,
      -3.7384591102600098,
      -3.6630477905273438,
      -3.5876364707946777,
      -3.5122249126434326,
      -3.4368135929107666,
      -3.3614022731781006,
      -3.2859907150268555,
      -3.2105793952941895,
      -3.1351680755615234,
      -3.0597567558288574,
      -2.9843451976776123,
      -2.9089338779449463,
      -2.8335225582122803,
      -2.758111000061035,
      -2.682699680328369,
      -2.607288360595703,
      -2.531877040863037,
      -2.456465482711792,
      -2.381054162979126,
      -2.30564284324646,
      -2.230231285095215,
      -2.154819965362549,
      -2.079408645629883,
      -2.003997325897217,
      -1.9285858869552612,
      -1.8531744480133057,
      -1.7777631282806396,
      -1.702351689338684,
      -1.6269402503967285,
      -1.5515289306640625,
      -1.476117491722107,
      -1.400706171989441,
      -1.3252947330474854,
      -1.2498834133148193,
      -1.1744719743728638,
      -1.0990605354309082,
      -1.0236492156982422,
      -0.9482378363609314,
      -0.8728264570236206,
      -0.797415018081665,
      -0.7220036387443542,
      -0.6465922594070435,
      -0.5711808800697327,
      -0.4957695007324219,
      -0.4203581213951111,
      -0.3449467122554779,
      -0.2695353329181671,
      -0.19412395358085632,
      -0.11871255934238434,
      -0.04330117255449295,
      0.03211021423339844,
      0.10752160102128983,
      0.1829329878091812,
      0.2583443820476532,
      0.333755761384964,
      0.4091671407222748,
      0.48457854986190796,
      0.5599899291992188,
      0.6354013085365295,
      0.7108126878738403,
      0.7862240672111511,
      0.8616354465484619,
      0.9370468854904175,
      1.0124582052230835,
      1.087869644165039,
      1.163280963897705,
      1.2386924028396606,
      1.3141038417816162,
      1.3895151615142822,
      1.4649266004562378,
      1.5403379201889038,
      1.6157493591308594,
      1.6911606788635254,
      1.766572117805481,
      1.8419835567474365,
      1.9173948764801025,
      1.992806315422058,
      2.0682177543640137,
      2.1436290740966797,
      2.2190403938293457,
      2.2944517135620117,
      2.369863271713257,
      2.445274591445923,
      2.520685911178589,
      2.596097469329834,
      2.6715087890625,
      2.746920108795166,
      2.822331428527832,
      2.897742986679077,
      2.973154306411743,
      3.048565626144409,
      3.1239771842956543,
      3.1993885040283203,
      3.2747998237609863,
      3.3502111434936523,
      3.4256227016448975,
      3.5010340213775635,
      3.5764453411102295,
      3.6518568992614746,
      3.7272682189941406,
      3.8026795387268066,
      3.8780908584594727,
      3.9535024166107178,
      4.028913497924805,
      4.104325294494629,
      4.179736614227295,
      4.255147933959961,
      4.330559253692627,
      4.405970573425293,
      4.481381893157959,
      4.556793212890625,
      4.632205009460449,
      4.707616329193115,
      4.783027648925781,
      4.858438968658447
    ]
  }
}