{
  "module": "block.1.mlp.mlp2_lif",
  "state_shape": [
    64,
    1536,
    8,
    8
  ],
  "time_steps": 1,
  "numel_sampled": 196608,
  "mean": -0.09380326420068741,
  "std": 0.9816212058067322,
  "min": -4.595620632171631,
  "max": 5.777866363525391,
  "quantiles": {
    "0.00": -4.595620632171631,
    "0.01": -2.4417455196380615,
    "0.05": -1.7623538970947266,
    "0.10": -1.4014052152633667,
    "0.25": -0.7705185413360596,
    "0.50": 0.06295269727706909,
    "0.75": 0.5115617513656616,
    "0.90": 0.9401347041130066,
    "0.95": 1.4098066091537476,
    "0.99": 2.4457614421844482,
    "1.00": 5.777866363525391
  },
  "histogram": {
    "counts": [
      1,
      1,
      0,
      0,
      2,
      5,
      6,
      9,
      6,
      7,
      8,
      13,
      18,
      24,
      27,
      36,
      45,
      66,
      70,
      101,
      121,
      152,
      192,
      209,
      296,
      329,
      413,
      498,
      592,
      717,
      862,
      986,
      1178,
      1285,
      1633,
      1752,
      1919,
      2291,
      2606,
      2835,
      3031,
      3363,
      3754,
      3870,
      4149,
      4284,
      4464,
      4501,
      4489,
      4613,
      4706,
      4741,
      4637,
      4873,
      4836,
      4961,
      5083,
      5504,
      6131,
      7276,
      8979,
      10775,
      12896,
      12778,
      6627,
      3802,
      3050,
      2699,
      2329,
      2062,
      1846,
      1583,
      1351,
      1280,
      1182,
      1020,
      906,
      815,
      727,
      608,
      563,
      475,
      429,
      394,
      332,
      318,
      267,
      254,
      212,
      170,
      182,
      153,
      129,
      102,
      99,
      89,
      86,
      79,
      70,
      51,
      34,
      50,
      32,
      26,
      21,
      22,
      7,
      10,
      9,
      12,
      12,
      3,
      5,
      6,
      4,
      4,
      0,
      0,
      1,
      1,
      1,
      0,
      1,
      0,
      0,
      0,
      0,
      1
    ],
    "bin_edges": [
      -4.595620632171631,
      -4.514577865600586,
      -4.433535099029541,
      -4.352491855621338,
      -4.271449089050293,
      -4.190406322479248,
      -4.109363555908203,
      -4.0283203125,
      -3.947277545928955,
      -3.86623477935791,
      -3.7851920127868652,
      -3.704149007797241,
      -3.6231062412261963,
      -3.5420632362365723,
      -3.4610204696655273,
      -3.3799774646759033,
      -3.2989346981048584,
      -3.2178919315338135,
      -3.1368489265441895,
      -3.0558061599731445,
      -2.9747631549835205,
      -2.8937203884124756,
      -2.8126773834228516,
      -2.7316346168518066,
      -2.6505918502807617,
      -2.5695488452911377,
      -2.4885060787200928,
      -2.4074630737304688,
      -2.326420307159424,
      -2.2453773021698,
      -2.164334535598755,
      -2.083291530609131,
      -2.002248764038086,
      -1.9212058782577515,
      -1.840162992477417,
      -1.7591201066970825,
      -1.678077220916748,
      -1.5970344543457031,
      -1.5159915685653687,
      -1.4349486827850342,
      -1.3539057970046997,
      -1.2728629112243652,
      -1.1918200254440308,
      -1.1107771396636963,
      -1.0297343730926514,
      -0.9486914277076721,
      -0.8676486015319824,
      -0.786605715751648,
      -0.7055628299713135,
      -0.624519944190979,
      -0.5434770584106445,
      -0.46243423223495483,
      -0.38139134645462036,
      -0.3003484606742859,
      -0.2193056046962738,
      -0.13826273381710052,
      -0.057219862937927246,
      0.023823007941246033,
      0.10486587882041931,
      0.1859087496995926,
      0.26695162057876587,
      0.34799450635910034,
      0.4290373623371124,
      0.5100802183151245,
      0.5911226272583008,
      0.6721655130386353,
      0.7532083988189697,
      0.8342512249946594,
      0.9152941107749939,
      0.9963369965553284,
      1.077379822731018,
      1.1584227085113525,
      1.239465594291687,
      1.3205084800720215,
      1.401551365852356,
      1.4825942516326904,
      1.5636370182037354,
      1.6446799039840698,
      1.7257227897644043,
      1.8067656755447388,
      1.8878085613250732,
      1.9688514471054077,
      2.049894332885742,
      2.130937099456787,
      2.211980104446411,
      2.293022871017456,
      2.37406587600708,
      2.455108642578125,
      2.53615140914917,
      2.617194414138794,
      2.698237180709839,
      2.779280185699463,
      2.860322952270508,
      2.941365957260132,
      3.0224087238311768,
      3.103451728820801,
      3.1844944953918457,
      3.2655372619628906,
      3.3465802669525146,
      3.4276230335235596,
      3.5086660385131836,
      3.5897088050842285,
      3.6707518100738525,
      3.7517945766448975,
      3.8328375816345215,
      3.9138803482055664,
      3.9949231147766113,
      4.075965881347656,
      4.157009124755859,
      4.238051891326904,
      4.319094657897949,
      4.400137424468994,
      4.481180191040039,
      4.562223434448242,
      4.643266201019287,
      4.724308967590332,
      4.805351734161377,
      4.88639497756958,
      4.967437744140625,
      5.04848051071167,
      5.129523277282715,
      5.21056604385376,
      5.291609287261963,
      5.372652053833008,
      5.453694820404053,
      5.534737586975098,
      5.615780830383301,
      5.696823596954346,
      5.777866363525391
    ]
  }
}