{
  "module": "block.2.attn.k_lif",
  "state_shape": [
    64,
    384,
    64
  ],
  "time_steps": 1,
  "numel_sampled": 196608,
  "mean": -0.2020275592803955,
  "std": 0.7641598582267761,
  "min": -4.06658935546875,
  "max": 3.7138936519622803,
  "quantiles": {
    "0.00": -4.06658935546875,
    "0.01": -1.8596664667129517,
    "0.05": -1.3837093114852905,
    "0.10": -1.1403603553771973,
    "0.25": -0.7304861545562744,
    "0.50": -0.24248194694519043,
    "0.75": 0.2942887246608734,
    "0.90": 0.8013563752174377,
    "0.95": 1.117688775062561,
    "0.99": 1.7165285348892212,
    "1.00": 3.7138936519622803
  },
  "histogram": {
    "counts": [
      1,
      0,
      0,
      0,
      0,
      0,
      1,
      1,
      0,
      0,
      0,
      0,
      3,
      1,
      3,
      2,
      2,
      6,
      9,
      6,
      5,
      14,
      24,
      20,
      37,
      35,
      54,
      64,
      65,
      102,
      118,
      155,
      195,
      253,
      302,
      342,
      487,
      587,
      672,
      841,
      975,
      1199,
      1405,
      1621,
      1918,
      2237,
      2546,
      2877,
      3298,
      3736,
      4043,
      4398,
      4733,
      5081,
      5343,
      5729,
      5919,
      5928,
      6244,
      6398,
      6485,
      6216,
      6085,
      6268,
      6085,
      5785,
      5858,
      5570,
      5362,
      5207,
      4947,
      4780,
      4576,
      4071,
      3828,
      3763,
      3387,
      3004,
      2828,
      2607,
      2290,
      2096,
      2006,
      1718,
      1494,
      1387,
      1219,
      1044,
      1041,
      838,
      718,
      599,
      556,
      440,
      401,
      328,
      287,
      270,
      198,
      173,
      167,
      106,
      86,
      76,
      65,
      51,
      36,
      31,
      25,
      26,
      24,
      21,
      9,
      9,
      6,
      6,
      3,
      3,
      4,
      1,
      0,
      1,
      0,
      0,
      0,
      1,
      0,
      1
    ],
    "bin_edges": [
      -4.06658935546875,
      -4.005804538726807,
      -3.945019245147705,
      -3.8842341899871826,
      -3.82344913482666,
      -3.762664318084717,
      -3.7018792629241943,
      -3.641094207763672,
      -3.5803091526031494,
      -3.519524097442627,
      -3.4587390422821045,
      -3.397953987121582,
      -3.3371691703796387,
      -3.276384115219116,
      -3.2155990600585938,
      -3.1548140048980713,
      -3.094028949737549,
      -3.0332438945770264,
      -2.972458839416504,
      -2.9116737842559814,
      -2.850888729095459,
      -2.7901039123535156,
      -2.729318857192993,
      -2.6685338020324707,
      -2.6077487468719482,
      -2.546963691711426,
      -2.4861786365509033,
      -2.425393581390381,
      -2.3646087646484375,
      -2.303823709487915,
      -2.2430386543273926,
      -2.18225359916687,
      -2.1214685440063477,
      -2.060683488845825,
      -1.9998984336853027,
      -1.9391134977340698,
      -1.8783284425735474,
      -1.817543387413025,
      -1.756758451461792,
      -1.6959733963012695,
      -1.635188341140747,
      -1.5744032859802246,
      -1.5136182308197021,
      -1.4528332948684692,
      -1.3920482397079468,
      -1.3312631845474243,
      -1.2704782485961914,
      -1.209693193435669,
      -1.1489081382751465,
      -1.088123083114624,
      -1.0273380279541016,
      -0.9665530920028687,
      -0.9057680368423462,
      -0.8449829816818237,
      -0.784197986125946,
      -0.7234129905700684,
      -0.6626279354095459,
      -0.6018428802490234,
      -0.5410578846931458,
      -0.4802728593349457,
      -0.4194878339767456,
      -0.35870280861854553,
      -0.29791778326034546,
      -0.23713275790214539,
      -0.17634797096252441,
      -0.11556294560432434,
      -0.05477792024612427,
      0.006007105112075806,
      0.06679213047027588,
      0.12757715582847595,
      0.18836218118667603,
      0.2491472065448761,
      0.30993223190307617,
      0.37071725726127625,
      0.4315022826194763,
      0.4922873079776764,
      0.5530723333358765,
      0.6138573884963989,
      0.6746423840522766,
      0.7354273796081543,
      0.7962124347686768,
      0.8569974899291992,
      0.9177824854850769,
      0.9785674810409546,
      1.039352536201477,
      1.1001375913619995,
      1.1609225273132324,
      1.2217075824737549,
      1.2824926376342773,
      1.3432776927947998,
      1.4040627479553223,
      1.4648476839065552,
      1.5256327390670776,
      1.5864177942276,
      1.647202730178833,
      1.7079877853393555,
      1.768772840499878,
      1.8295578956604004,
      1.8903429508209229,
      1.9511278867721558,
      2.0119128227233887,
      2.072697877883911,
      2.1334829330444336,
      2.194267988204956,
      2.2550530433654785,
      2.315838098526001,
      2.3766231536865234,
      2.437408208847046,
      2.4981932640075684,
      2.5589780807495117,
      2.619763135910034,
      2.6805481910705566,
      2.741333246231079,
      2.8021183013916016,
      2.862903356552124,
      2.9236884117126465,
      2.98447322845459,
      3.0452582836151123,
      3.1060433387756348,
      3.1668283939361572,
      3.2276134490966797,
      3.288398504257202,
      3.3491835594177246,
      3.409968614578247,
      3.4707536697387695,
      3.531538486480713,
      3.5923235416412354,
      3.653108596801758,
      3.7138936519622803
    ]
  }
}