{
  "module": "block.3.mlp.mlp2_lif",
  "state_shape": [
    64,
    1536,
    8,
    8
  ],
  "time_steps": 1,
  "numel_sampled": 196608,
  "mean": -0.5981112122535706,
  "std": 0.6069778800010681,
  "min": -4.508018970489502,
  "max": 3.5574710369110107,
  "quantiles": {
    "0.00": -4.508018970489502,
    "0.01": -2.202939510345459,
    "0.05": -1.6038066148757935,
    "0.10": -1.3429746627807617,
    "0.25": -0.9610092639923096,
    "0.50": -0.5795978903770447,
    "0.75": -0.21907687187194824,
    "0.90": 0.1171388179063797,
    "0.95": 0.32765957713127136,
    "0.99": 0.8847729563713074,
    "1.00": 3.5574710369110107
  },
  "histogram": {
    "counts": [
      1,
      0,
      0,
      2,
      1,
      1,
      1,
      1,
      2,
      2,
      7,
      7,
      6,
      6,
      8,
      7,
      17,
      19,
      13,
      11,
      22,
      20,
      29,
      45,
      37,
      44,
      84,
      70,
      84,
      111,
      116,
      146,
      139,
      207,
      214,
      291,
      312,
      372,
      414,
      572,
      616,
      697,
      899,
      1081,
      1345,
      1584,
      1784,
      2155,
      2408,
      2958,
      3443,
      3951,
      4294,
      4944,
      5514,
      6138,
      6739,
      7371,
      7536,
      8261,
      8797,
      9192,
      9073,
      8980,
      9131,
      8654,
      8356,
      7613,
      7224,
      6296,
      5512,
      5039,
      4366,
      3755,
      3176,
      2822,
      2112,
      1696,
      1379,
      1134,
      871,
      672,
      557,
      451,
      429,
      322,
      222,
      260,
      205,
      164,
      134,
      128,
      99,
      79,
      82,
      68,
      48,
      58,
      37,
      42,
      25,
      28,
      21,
      24,
      24,
      19,
      10,
      10,
      14,
      8,
      6,
      6,
      2,
      3,
      3,
      1,
      3,
      0,
      2,
      1,
      1,
      1,
      0,
      0,
      1,
      0,
      0,
      1
    ],
    "bin_edges": [
      -4.508018970489502,
      -4.44500732421875,
      -4.381995677947998,
      -4.318984031677246,
      -4.255972385406494,
      -4.192960739135742,
      -4.12994909286499,
      -4.066937446594238,
      -4.003925800323486,
      -3.9409141540527344,
      -3.8779025077819824,
      -3.8148908615112305,
      -3.7518792152404785,
      -3.6888675689697266,
      -3.6258559226989746,
      -3.5628442764282227,
      -3.4998326301574707,
      -3.436821222305298,
      -3.373809576034546,
      -3.310797929763794,
      -3.247786283493042,
      -3.18477463722229,
      -3.121762990951538,
      -3.058751344680786,
      -2.995739698410034,
      -2.9327280521392822,
      -2.8697164058685303,
      -2.8067047595977783,
      -2.7436931133270264,
      -2.6806814670562744,
      -2.6176698207855225,
      -2.5546581745147705,
      -2.4916465282440186,
      -2.4286348819732666,
      -2.3656232357025146,
      -2.3026115894317627,
      -2.2395999431610107,
      -2.176588296890259,
      -2.113576650619507,
      -2.050565004348755,
      -1.987553358078003,
      -1.9245418310165405,
      -1.8615301847457886,
      -1.7985185384750366,
      -1.7355068922042847,
      -1.6724952459335327,
      -1.6094835996627808,
      -1.5464719533920288,
      -1.4834603071212769,
      -1.420448660850525,
      -1.357437014579773,
      -1.294425368309021,
      -1.231413722038269,
      -1.168402075767517,
      -1.1053904294967651,
      -1.0423787832260132,
      -0.979367196559906,
      -0.916355550289154,
      -0.8533439040184021,
      -0.7903322577476501,
      -0.727320671081543,
      -0.664309024810791,
      -0.6012973785400391,
      -0.5382857322692871,
      -0.47527384757995605,
      -0.4122622013092041,
      -0.34925055503845215,
      -0.2862389385700226,
      -0.22322729229927063,
      -0.16021564602851868,
      -0.09720401465892792,
      -0.03419237583875656,
      0.028819262981414795,
      0.09183090180158615,
      0.1548425406217575,
      0.21785417199134827,
      0.2808658182621002,
      0.3438774645328522,
      0.40688908100128174,
      0.4699007272720337,
      0.5329123735427856,
      0.5959240198135376,
      0.6589356660842896,
      0.7219473123550415,
      0.7849589586257935,
      0.8479705452919006,
      0.9109821915626526,
      0.9739938378334045,
      1.0370054244995117,
      1.1000170707702637,
      1.1630287170410156,
      1.2260403633117676,
      1.2890520095825195,
      1.3520636558532715,
      1.4150753021240234,
      1.4780869483947754,
      1.5410985946655273,
      1.6041102409362793,
      1.6671218872070312,
      1.7301335334777832,
      1.7931451797485352,
      1.856156826019287,
      1.919168472290039,
      1.982180118560791,
      2.045191764831543,
      2.108203411102295,
      2.171215057373047,
      2.234226703643799,
      2.297238349914551,
      2.3602499961853027,
      2.4232616424560547,
      2.4862732887268066,
      2.5492849349975586,
      2.6122963428497314,
      2.6753079891204834,
      2.7383196353912354,
      2.8013312816619873,
      2.8643429279327393,
      2.927354574203491,
      2.990366220474243,
      3.053377866744995,
      3.116389513015747,
      3.179401159286499,
      3.242412805557251,
      3.305424451828003,
      3.368436098098755,
      3.431447744369507,
      3.494459390640259,
      3.5574710369110107
    ]
  }
}