{
  "module": "block.2.attn.q_lif",
  "state_shape": [
    64,
    384,
    64
  ],
  "time_steps": 1,
  "numel_sampled": 196608,
  "mean": 0.06368773430585861,
  "std": 0.9836011528968811,
  "min": -4.875270843505859,
  "max": 4.5516157150268555,
  "quantiles": {
    "0.00": -4.875270843505859,
    "0.01": -2.1120452880859375,
    "0.05": -1.5234471559524536,
    "0.10": -1.2002668380737305,
    "0.25": -0.6337907314300537,
    "0.50": 0.05335690826177597,
    "0.75": 0.7540971636772156,
    "0.90": 1.3425770998001099,
    "0.95": 1.6797701120376587,
    "0.99": 2.313108205795288,
    "1.00": 4.5516157150268555
  },
  "histogram": {
    "counts": [
      1,
      0,
      0,
      0,
      0,
      0,
      0,
      0,
      0,
      5,
      1,
      1,
      1,
      2,
      2,
      2,
      6,
      7,
      3,
      3,
      19,
      14,
      13,
      20,
      24,
      23,
      30,
      55,
      58,
      77,
      101,
      97,
      125,
      191,
      223,
      298,
      349,
      465,
      552,
      638,
      750,
      881,
      1094,
      1271,
      1539,
      1716,
      1965,
      2224,
      2408,
      2706,
      2959,
      3301,
      3474,
      3827,
      4081,
      4376,
      4458,
      4699,
      4834,
      5016,
      5089,
      5253,
      5318,
      5474,
      5593,
      5524,
      5483,
      5436,
      5418,
      5517,
      5443,
      5150,
      5107,
      5123,
      4842,
      4648,
      4654,
      4448,
      4056,
      3986,
      3663,
      3460,
      3125,
      2962,
      2729,
      2438,
      2208,
      1970,
      1667,
      1601,
      1266,
      1109,
      934,
      815,
      733,
      636,
      496,
      426,
      364,
      281,
      222,
      207,
      158,
      114,
      103,
      77,
      67,
      58,
      42,
      30,
      20,
      13,
      18,
      15,
      5,
      7,
      5,
      5,
      4,
      3,
      0,
      0,
      0,
      1,
      1,
      1,
      1,
      1
    ],
    "bin_edges": [
      -4.875270843505859,
      -4.801623344421387,
      -4.727975845336914,
      -4.654328346252441,
      -4.580680847167969,
      -4.507032871246338,
      -4.433385372161865,
      -4.359737873077393,
      -4.28609037399292,
      -4.212442874908447,
      -4.138795375823975,
      -4.065147876739502,
      -3.99150013923645,
      -3.9178526401519775,
      -3.844205141067505,
      -3.7705576419830322,
      -3.6969099044799805,
      -3.623262405395508,
      -3.549614906311035,
      -3.4759674072265625,
      -3.40231990814209,
      -3.328672170639038,
      -3.2550246715545654,
      -3.1813771724700928,
      -3.10772967338562,
      -3.0340821743011475,
      -2.9604344367980957,
      -2.886786937713623,
      -2.8131394386291504,
      -2.7394919395446777,
      -2.665844202041626,
      -2.5921967029571533,
      -2.5185492038726807,
      -2.444901704788208,
      -2.3712542057037354,
      -2.2976064682006836,
      -2.223958969116211,
      -2.1503114700317383,
      -2.0766639709472656,
      -2.003016233444214,
      -1.9293687343597412,
      -1.8557212352752686,
      -1.782073736190796,
      -1.7084261178970337,
      -1.634778618812561,
      -1.5611310005187988,
      -1.4874835014343262,
      -1.413835883140564,
      -1.3401883840560913,
      -1.2665408849716187,
      -1.1928932666778564,
      -1.1192457675933838,
      -1.0455981492996216,
      -0.9719506502151489,
      -0.8983030915260315,
      -0.8246555328369141,
      -0.7510079741477966,
      -0.6773604154586792,
      -0.6037128567695618,
      -0.5300652980804443,
      -0.4564177691936493,
      -0.38277021050453186,
      -0.3091226816177368,
      -0.23547512292861938,
      -0.16182756423950195,
      -0.08818001300096512,
      -0.014532461762428284,
      0.05911508947610855,
      0.13276264071464539,
      0.20641019940376282,
      0.28005772829055786,
      0.3537052869796753,
      0.4273528456687927,
      0.5010004043579102,
      0.5746479630470276,
      0.648295521736145,
      0.7219430208206177,
      0.7955905795097351,
      0.8692381381988525,
      0.94288569688797,
      1.0165332555770874,
      1.09018075466156,
      1.1638283729553223,
      1.237475872039795,
      1.3111234903335571,
      1.3847709894180298,
      1.458418607711792,
      1.5320661067962646,
      1.6057136058807373,
      1.6793612241744995,
      1.7530087232589722,
      1.8266563415527344,
      1.900303840637207,
      1.9739514589309692,
      2.0475990772247314,
      2.121246576309204,
      2.1948940753936768,
      2.2685415744781494,
      2.342189073562622,
      2.415836811065674,
      2.4894843101501465,
      2.563131809234619,
      2.636779308319092,
      2.7104270458221436,
      2.784074544906616,
      2.857722043991089,
      2.9313695430755615,
      3.005017042160034,
      3.078664779663086,
      3.1523122787475586,
      3.2259597778320312,
      3.299607276916504,
      3.3732547760009766,
      3.4469025135040283,
      3.520550012588501,
      3.5941975116729736,
      3.6678450107574463,
      3.741492748260498,
      3.8151402473449707,
      3.8887877464294434,
      3.962435245513916,
      4.036082744598389,
      4.109730243682861,
      4.183377742767334,
      4.257025718688965,
      4.3306732177734375,
      4.40432071685791,
      4.477968215942383,
      4.5516157150268555
    ]
  }
}