{
  "module": "block.0.mlp.mlp2_lif",
  "state_shape": [
    64,
    1536,
    8,
    8
  ],
  "time_steps": 1,
  "numel_sampled": 196608,
  "mean": -0.6376195549964905,
  "std": 0.7807940244674683,
  "min": -4.131694316864014,
  "max": 3.602905511856079,
  "quantiles": {
    "0.00": -4.131694316864014,
    "0.01": -2.4243364334106445,
    "0.05": -1.901200532913208,
    "0.10": -1.623970627784729,
    "0.25": -1.1670798063278198,
    "0.50": -0.6506060361862183,
    "0.75": -0.11627720296382904,
    "0.90": 0.3723736107349396,
    "0.95": 0.6620098948478699,
    "0.99": 1.2140101194381714,
    "1.00": 3.602905511856079
  },
  "histogram": {
    "counts": [
      1,
      0,
      1,
      1,
      2,
      0,
      5,
      1,
      3,
      8,
      3,
      16,
      6,
      14,
      15,
      32,
      34,
      46,
      38,
      62,
      88,
      109,
      146,
      148,
      186,
      242,
      298,
      360,
      419,
      513,
      578,
      736,
      876,
      1015,
      1166,
      1286,
      1512,
      1727,
      2004,
      2197,
      2461,
      2727,
      3005,
      3373,
      3725,
      3913,
      4149,
      4714,
      4840,
      5156,
      5331,
      5596,
      5645,
      5886,
      5879,
      6262,
      6005,
      6087,
      6155,
      6021,
      6011,
      5524,
      5652,
      5309,
      5117,
      4882,
      4692,
      4442,
      4184,
      3933,
      3709,
      3308,
      3088,
      2834,
      2624,
      2380,
      2114,
      1963,
      1677,
      1546,
      1395,
      1110,
      942,
      887,
      723,
      607,
      542,
      437,
      395,
      311,
      260,
      199,
      178,
      148,
      109,
      100,
      73,
      80,
      42,
      51,
      39,
      22,
      22,
      20,
      20,
      10,
      11,
      4,
      9,
      10,
      5,
      9,
      4,
      1,
      7,
      3,
      5,
      2,
      0,
      1,
      0,
      1,
      0,
      0,
      0,
      0,
      0,
      1
    ],
    "bin_edges": [
      -4.131694316864014,
      -4.071267604827881,
      -4.010841369628906,
      -3.9504146575927734,
      -3.8899879455566406,
      -3.829561471939087,
      -3.769134998321533,
      -3.7087082862854004,
      -3.6482818126678467,
      -3.587855339050293,
      -3.52742862701416,
      -3.4670021533966064,
      -3.4065756797790527,
      -3.34614896774292,
      -3.285722494125366,
      -3.2252957820892334,
      -3.1648693084716797,
      -3.104442834854126,
      -3.044016122817993,
      -2.9835896492004395,
      -2.9231629371643066,
      -2.862736463546753,
      -2.802309989929199,
      -2.7418832778930664,
      -2.6814568042755127,
      -2.621030330657959,
      -2.560603618621826,
      -2.5001771450042725,
      -2.4397506713867188,
      -2.379323959350586,
      -2.3188974857330322,
      -2.2584707736968994,
      -2.1980443000793457,
      -2.137617826461792,
      -2.077191114425659,
      -2.0167646408081055,
      -1.9563380479812622,
      -1.895911455154419,
      -1.8354849815368652,
      -1.775058388710022,
      -1.7146317958831787,
      -1.6542052030563354,
      -1.5937786102294922,
      -1.5333521366119385,
      -1.4729255437850952,
      -1.412498950958252,
      -1.3520724773406982,
      -1.291645884513855,
      -1.2312192916870117,
      -1.1707926988601685,
      -1.1103661060333252,
      -1.0499396324157715,
      -0.9895130395889282,
      -0.929086446762085,
      -0.8686599135398865,
      -0.808233380317688,
      -0.7478067874908447,
      -0.6873801946640015,
      -0.626953661441803,
      -0.5665271282196045,
      -0.5061005353927612,
      -0.44567397236824036,
      -0.3852474093437195,
      -0.3248208463191986,
      -0.26439452171325684,
      -0.20396795868873596,
      -0.1435413956642151,
      -0.08311483263969421,
      -0.02268826961517334,
      0.037738293409347534,
      0.09816485643386841,
      0.15859141945838928,
      0.21901798248291016,
      0.27944454550743103,
      0.3398711085319519,
      0.4002976715564728,
      0.46072423458099365,
      0.5211508274078369,
      0.5815773606300354,
      0.6420038938522339,
      0.7024304866790771,
      0.7628570795059204,
      0.8232836127281189,
      0.8837101459503174,
      0.9441367387771606,
      1.004563331604004,
      1.0649898052215576,
      1.1254163980484009,
      1.1858429908752441,
      1.2462695837020874,
      1.3066961765289307,
      1.3671226501464844,
      1.4275492429733276,
      1.487975835800171,
      1.5484023094177246,
      1.6088289022445679,
      1.6692554950714111,
      1.7296820878982544,
      1.7901086807250977,
      1.8505351543426514,
      1.9109617471694946,
      1.971388339996338,
      2.0318148136138916,
      2.0922415256500244,
      2.152667999267578,
      2.213094472885132,
      2.2735211849212646,
      2.3339476585388184,
      2.394374370574951,
      2.454800844192505,
      2.5152273178100586,
      2.5756540298461914,
      2.636080503463745,
      2.696506977081299,
      2.7569336891174316,
      2.8173601627349854,
      2.877786636352539,
      2.938213348388672,
      2.9986398220062256,
      3.0590665340423584,
      3.119493007659912,
      3.179919481277466,
      3.2403461933135986,
      3.3007726669311523,
      3.361199378967285,
      3.421625852584839,
      3.4820523262023926,
      3.5424790382385254,
      3.602905511856079
    ]
  }
}