{
  "module": "block.1.attn.k_lif",
  "state_shape": [
    64,
    384,
    64
  ],
  "time_steps": 1,
  "numel_sampled": 196608,
  "mean": -0.31788480281829834,
  "std": 0.796913743019104,
  "min": -3.3846933841705322,
  "max": 4.15256929397583,
  "quantiles": {
    "0.00": -3.3846933841705322,
    "0.01": -2.032264471054077,
    "0.05": -1.5563228130340576,
    "0.10": -1.3046432733535767,
    "0.25": -0.8734513521194458,
    "0.50": -0.358812153339386,
    "0.75": 0.20456451177597046,
    "0.90": 0.7324119806289673,
    "0.95": 1.0529934167861938,
    "0.99": 1.6644428968429565,
    "1.00": 4.15256929397583
  },
  "histogram": {
    "counts": [
      2,
      3,
      3,
      2,
      4,
      7,
      5,
      8,
      18,
      19,
      18,
      35,
      35,
      45,
      64,
      87,
      103,
      135,
      158,
      218,
      286,
      322,
      402,
      489,
      565,
      735,
      836,
      964,
      1183,
      1393,
      1596,
      1803,
      2069,
      2448,
      2695,
      2946,
      3230,
      3606,
      4028,
      4281,
      4382,
      4724,
      4984,
      5279,
      5444,
      5527,
      5700,
      5802,
      5765,
      5879,
      5737,
      5751,
      5673,
      5559,
      5591,
      5243,
      5181,
      4974,
      4777,
      4512,
      4332,
      4182,
      3965,
      3721,
      3560,
      3286,
      2928,
      2805,
      2624,
      2413,
      2160,
      2068,
      1829,
      1596,
      1465,
      1343,
      1141,
      1072,
      976,
      801,
      721,
      652,
      541,
      472,
      386,
      355,
      290,
      251,
      239,
      149,
      176,
      126,
      101,
      106,
      85,
      56,
      58,
      44,
      46,
      32,
      20,
      19,
      11,
      18,
      11,
      8,
      11,
      5,
      4,
      5,
      2,
      1,
      1,
      1,
      1,
      3,
      1,
      1,
      0,
      0,
      0,
      1,
      0,
      0,
      0,
      0,
      0,
      1
    ],
    "bin_edges": [
      -3.3846933841705322,
      -3.325808525085449,
      -3.266923666000366,
      -3.208038806915283,
      -3.1491539478302,
      -3.090269088745117,
      -3.031384229660034,
      -2.972499370574951,
      -2.913614511489868,
      -2.854729652404785,
      -2.795844793319702,
      -2.736959934234619,
      -2.678075075149536,
      -2.619190216064453,
      -2.56030535697937,
      -2.501420497894287,
      -2.442535400390625,
      -2.383650541305542,
      -2.324765682220459,
      -2.265880823135376,
      -2.206995964050293,
      -2.14811110496521,
      -2.089226245880127,
      -2.030341386795044,
      -1.971456527709961,
      -1.912571668624878,
      -1.853686809539795,
      -1.794801950454712,
      -1.735917091369629,
      -1.677032232284546,
      -1.618147373199463,
      -1.5592625141143799,
      -1.5003776550292969,
      -1.4414927959442139,
      -1.3826079368591309,
      -1.3237230777740479,
      -1.2648382186889648,
      -1.2059533596038818,
      -1.1470685005187988,
      -1.0881836414337158,
      -1.0292987823486328,
      -0.970413863658905,
      -0.911529004573822,
      -0.852644145488739,
      -0.7937592267990112,
      -0.7348743677139282,
      -0.6759895086288452,
      -0.6171046495437622,
      -0.5582197904586792,
      -0.4993349313735962,
      -0.4404500722885132,
      -0.3815651834011078,
      -0.3226803243160248,
      -0.2637954652309418,
      -0.20491059124469757,
      -0.14602571725845337,
      -0.08714085817337036,
      -0.028255991637706757,
      0.030628874897956848,
      0.08951374143362045,
      0.14839860796928406,
      0.20728346705436707,
      0.26616835594177246,
      0.32505321502685547,
      0.3839378356933594,
      0.4428226947784424,
      0.5017075538635254,
      0.5605924129486084,
      0.6194772720336914,
      0.6783621907234192,
      0.7372470498085022,
      0.7961319088935852,
      0.8550167679786682,
      0.9139016270637512,
      0.9727864861488342,
      1.031671404838562,
      1.090556263923645,
      1.149441123008728,
      1.208325982093811,
      1.267210841178894,
      1.326095700263977,
      1.38498055934906,
      1.443865418434143,
      1.502750277519226,
      1.561635136604309,
      1.620519995689392,
      1.679404854774475,
      1.738289713859558,
      1.7971746921539307,
      1.8560595512390137,
      1.9149444103240967,
      1.9738292694091797,
      2.0327141284942627,
      2.0915989875793457,
      2.1504838466644287,
      2.2093687057495117,
      2.2682535648345947,
      2.3271384239196777,
      2.3860232830047607,
      2.4449081420898438,
      2.5037930011749268,
      2.5626778602600098,
      2.6215627193450928,
      2.680447578430176,
      2.739332437515259,
      2.798217296600342,
      2.857102155685425,
      2.915987014770508,
      2.974871873855591,
      3.033756732940674,
      3.092641592025757,
      3.15152645111084,
      3.210411548614502,
      3.269296407699585,
      3.328181266784668,
      3.387066125869751,
      3.445950984954834,
      3.504835844039917,
      3.563720703125,
      3.622605562210083,
      3.681490421295166,
      3.740375280380249,
      3.799260139465332,
      3.858144998550415,
      3.917029857635498,
      3.975914716720581,
      4.034799575805664,
      4.093684196472168,
      4.15256929397583
    ]
  }
}