{
  "module": "block.1.attn.v_lif",
  "state_shape": [
    64,
    384,
    64
  ],
  "time_steps": 1,
  "numel_sampled": 196608,
  "mean": -0.051333293318748474,
  "std": 1.1216051578521729,
  "min": -4.936121940612793,
  "max": 5.187626361846924,
  "quantiles": {
    "0.00": -4.936121940612793,
    "0.01": -2.5081374645233154,
    "0.05": -1.8270609378814697,
    "0.10": -1.4587905406951904,
    "0.25": -0.8352721929550171,
    "0.50": -0.09148178994655609,
    "0.75": 0.7001517415046692,
    "0.90": 1.4166855812072754,
    "0.95": 1.8490562438964844,
    "0.99": 2.6556708812713623,
    "1.00": 5.187626361846924
  },
  "histogram": {
    "counts": [
      2,
      0,
      0,
      0,
      0,
      1,
      1,
      1,
      1,
      4,
      5,
      6,
      6,
      1,
      11,
      10,
      12,
      18,
      25,
      37,
      37,
      64,
      76,
      85,
      132,
      151,
      174,
      242,
      267,
      329,
      379,
      471,
      557,
      683,
      775,
      921,
      1116,
      1279,
      1459,
      1689,
      1814,
      2069,
      2306,
      2531,
      2861,
      3211,
      3402,
      3568,
      3965,
      4186,
      4353,
      4593,
      4706,
      4990,
      5103,
      5154,
      5214,
      5404,
      5431,
      5449,
      5565,
      5444,
      5423,
      5353,
      5143,
      4978,
      4879,
      4750,
      4708,
      4473,
      4269,
      4146,
      3987,
      3668,
      3518,
      3350,
      3018,
      2949,
      2694,
      2523,
      2287,
      2043,
      1883,
      1751,
      1554,
      1384,
      1280,
      1088,
      957,
      867,
      795,
      668,
      578,
      525,
      440,
      370,
      304,
      251,
      235,
      210,
      174,
      124,
      121,
      95,
      92,
      70,
      57,
      42,
      32,
      30,
      29,
      24,
      17,
      10,
      8,
      13,
      3,
      7,
      3,
      2,
      4,
      1,
      1,
      0,
      2,
      0,
      1,
      1
    ],
    "bin_edges": [
      -4.936121940612793,
      -4.857029914855957,
      -4.777938365936279,
      -4.698846817016602,
      -4.619754791259766,
      -4.54066276550293,
      -4.461571216583252,
      -4.382479667663574,
      -4.303387641906738,
      -4.224295616149902,
      -4.145204067230225,
      -4.066112518310547,
      -3.987020492553711,
      -3.907928705215454,
      -3.8288369178771973,
      -3.7497451305389404,
      -3.6706533432006836,
      -3.5915615558624268,
      -3.51246976852417,
      -3.433377981185913,
      -3.3542861938476562,
      -3.2751944065093994,
      -3.1961026191711426,
      -3.1170108318328857,
      -3.037919044494629,
      -2.958827257156372,
      -2.8797354698181152,
      -2.8006436824798584,
      -2.7215518951416016,
      -2.6424601078033447,
      -2.563368320465088,
      -2.484276533126831,
      -2.405184745788574,
      -2.3260929584503174,
      -2.2470011711120605,
      -2.1679093837738037,
      -2.088817596435547,
      -2.00972580909729,
      -1.9306340217590332,
      -1.8515422344207764,
      -1.7724504470825195,
      -1.6933586597442627,
      -1.6142668724060059,
      -1.535175085067749,
      -1.4560832977294922,
      -1.3769915103912354,
      -1.2978997230529785,
      -1.2188079357147217,
      -1.1397161483764648,
      -1.060624361038208,
      -0.9815325736999512,
      -0.9024407863616943,
      -0.8233489990234375,
      -0.7442572116851807,
      -0.6651654243469238,
      -0.586073637008667,
      -0.5069818496704102,
      -0.4278900623321533,
      -0.3487982749938965,
      -0.26970648765563965,
      -0.1906147003173828,
      -0.11152291297912598,
      -0.03243112564086914,
      0.046660661697387695,
      0.12575197219848633,
      0.20484375953674316,
      0.283935546875,
      0.36302733421325684,
      0.44211912155151367,
      0.5212109088897705,
      0.6003026962280273,
      0.6793944835662842,
      0.758486270904541,
      0.8375780582427979,
      0.9166698455810547,
      0.9957616329193115,
      1.0748534202575684,
      1.1539452075958252,
      1.233036994934082,
      1.3121287822723389,
      1.3912205696105957,
      1.4703123569488525,
      1.5494041442871094,
      1.6284959316253662,
      1.707587718963623,
      1.7866795063018799,
      1.8657712936401367,
      1.9448630809783936,
      2.0239548683166504,
      2.1030466556549072,
      2.182138442993164,
      2.261230230331421,
      2.3403220176696777,
      2.4194138050079346,
      2.4985055923461914,
      2.5775973796844482,
      2.656689167022705,
      2.735780954360962,
      2.8148727416992188,
      2.8939645290374756,
      2.9730563163757324,
      3.0521481037139893,
      3.131239891052246,
      3.210331678390503,
      3.2894234657287598,
      3.3685152530670166,
      3.4476070404052734,
      3.5266988277435303,
      3.605790615081787,
      3.684882402420044,
      3.763974189758301,
      3.8430659770965576,
      3.9221577644348145,
      4.001249313354492,
      4.080341339111328,
      4.159433364868164,
      4.238524913787842,
      4.3176164627075195,
      4.3967084884643555,
      4.475800514221191,
      4.554892063140869,
      4.633983612060547,
      4.713075637817383,
      4.792167663574219,
      4.8712592124938965,
      4.950350761413574,
      5.02944278717041,
      5.108534812927246,
      5.187626361846924
    ]
  }
}