{
  "module": "block.3.attn.k_lif",
  "state_shape": [
    64,
    384,
    64
  ],
  "time_steps": 1,
  "numel_sampled": 196608,
  "mean": -0.1728467494249344,
  "std": 0.828890323638916,
  "min": -4.697180271148682,
  "max": 5.0110764503479,
  "quantiles": {
    "0.00": -4.697180271148682,
    "0.01": -2.120645761489868,
    "0.05": -1.513391375541687,
    "0.10": -1.2067705392837524,
    "0.25": -0.7185132503509521,
    "0.50": -0.1861221194267273,
    "0.75": 0.3645642101764679,
    "0.90": 0.8833509087562561,
    "0.95": 1.205068588256836,
    "0.99": 1.838089942932129,
    "1.00": 5.0110764503479
  },
  "histogram": {
    "counts": [
      1,
      0,
      0,
      0,
      0,
      0,
      0,
      1,
      0,
      1,
      3,
      2,
      6,
      3,
      6,
      6,
      9,
      15,
      5,
      18,
      20,
      24,
      28,
      48,
      48,
      74,
      97,
      98,
      131,
      168,
      200,
      261,
      336,
      371,
      452,
      562,
      686,
      847,
      972,
      1205,
      1442,
      1724,
      1869,
      2289,
      2544,
      3029,
      3410,
      3869,
      4199,
      4749,
      4984,
      5656,
      6096,
      6320,
      6837,
      7041,
      7313,
      7387,
      7361,
      7390,
      7351,
      7155,
      6840,
      6854,
      6553,
      6137,
      5773,
      5487,
      4968,
      4523,
      4205,
      3790,
      3327,
      3024,
      2727,
      2328,
      2044,
      1796,
      1497,
      1357,
      1125,
      927,
      794,
      695,
      588,
      479,
      395,
      289,
      251,
      221,
      166,
      149,
      119,
      108,
      92,
      53,
      48,
      24,
      36,
      22,
      16,
      8,
      6,
      12,
      6,
      9,
      3,
      3,
      0,
      2,
      0,
      3,
      3,
      3,
      0,
      1,
      1,
      0,
      0,
      0,
      0,
      0,
      0,
      1,
      0,
      0,
      0,
      1
    ],
    "bin_edges": [
      -4.697180271148682,
      -4.621334552764893,
      -4.5454888343811035,
      -4.4696431159973145,
      -4.393797397613525,
      -4.317951679229736,
      -4.242105960845947,
      -4.166259765625,
      -4.090414047241211,
      -4.014568328857422,
      -3.938722610473633,
      -3.8628768920898438,
      -3.7870311737060547,
      -3.7111854553222656,
      -3.6353397369384766,
      -3.5594940185546875,
      -3.4836483001708984,
      -3.4078023433685303,
      -3.331956624984741,
      -3.256110906600952,
      -3.180265188217163,
      -3.104419469833374,
      -3.028573751449585,
      -2.952727794647217,
      -2.8768820762634277,
      -2.8010363578796387,
      -2.7251906394958496,
      -2.6493449211120605,
      -2.5734992027282715,
      -2.4976532459259033,
      -2.4218075275421143,
      -2.345961809158325,
      -2.270116090774536,
      -2.194270372390747,
      -2.118424654006958,
      -2.042578935623169,
      -1.9667330980300903,
      -1.8908872604370117,
      -1.8150415420532227,
      -1.7391958236694336,
      -1.6633501052856445,
      -1.587504267692566,
      -1.5116585493087769,
      -1.4358128309249878,
      -1.3599669933319092,
      -1.2841212749481201,
      -1.208275556564331,
      -1.1324297189712524,
      -1.0565840005874634,
      -0.9807382225990295,
      -0.9048925042152405,
      -0.8290467262268066,
      -0.7532010078430176,
      -0.6773552298545837,
      -0.6015094518661499,
      -0.5256637334823608,
      -0.449817955493927,
      -0.37397220730781555,
      -0.2981264591217041,
      -0.22228068113327026,
      -0.1464349329471588,
      -0.07058917731046677,
      0.005256578326225281,
      0.08110233396291733,
      0.15694808959960938,
      0.23279383778572083,
      0.3086395859718323,
      0.3844853639602661,
      0.46033111214637756,
      0.536176860332489,
      0.6120226383209229,
      0.6878683567047119,
      0.7637141346931458,
      0.8395599126815796,
      0.9154056310653687,
      0.9912514090538025,
      1.0670971870422363,
      1.1429429054260254,
      1.2187886238098145,
      1.294634461402893,
      1.3704801797866821,
      1.4463258981704712,
      1.5221717357635498,
      1.5980174541473389,
      1.673863172531128,
      1.7497090101242065,
      1.8255547285079956,
      1.9014004468917847,
      1.9772462844848633,
      2.0530920028686523,
      2.1289377212524414,
      2.2047834396362305,
      2.2806291580200195,
      2.3564751148223877,
      2.4323208332061768,
      2.508166551589966,
      2.584012269973755,
      2.659857988357544,
      2.735703706741333,
      2.811549425125122,
      2.8873953819274902,
      2.9632411003112793,
      3.0390868186950684,
      3.1149325370788574,
      3.1907782554626465,
      3.2666239738464355,
      3.3424699306488037,
      3.4183156490325928,
      3.494161367416382,
      3.570007085800171,
      3.64585280418396,
      3.721698522567749,
      3.797544479370117,
      3.8733901977539062,
      3.9492359161376953,
      4.025081634521484,
      4.100927352905273,
      4.1767730712890625,
      4.252618789672852,
      4.328464508056641,
      4.40431022644043,
      4.480155944824219,
      4.556002140045166,
      4.631847858428955,
      4.707693576812744,
      4.783539295196533,
      4.859385013580322,
      4.935230731964111,
      5.0110764503479
    ]
  }
}