{
  "module": "block.0.attn.v_lif",
  "state_shape": [
    64,
    384,
    64
  ],
  "time_steps": 1,
  "numel_sampled": 196608,
  "mean": 0.04340524971485138,
  "std": 1.1008954048156738,
  "min": -5.315807819366455,
  "max": 5.359652519226074,
  "quantiles": {
    "0.00": -5.315807819366455,
    "0.01": -2.4674508571624756,
    "0.05": -1.737823724746704,
    "0.10": -1.3593336343765259,
    "0.25": -0.7127370238304138,
    "0.50": 0.03710241988301277,
    "0.75": 0.785294771194458,
    "0.90": 1.4577451944351196,
    "0.95": 1.861659288406372,
    "0.99": 2.6265177726745605,
    "1.00": 5.359652519226074
  },
  "histogram": {
    "counts": [
      1,
      0,
      1,
      0,
      0,
      1,
      0,
      1,
      0,
      0,
      3,
      2,
      8,
      4,
      8,
      9,
      4,
      16,
      9,
      17,
      22,
      25,
      37,
      41,
      59,
      59,
      97,
      115,
      127,
      158,
      205,
      234,
      282,
      376,
      422,
      530,
      577,
      707,
      859,
      975,
      1199,
      1345,
      1450,
      1710,
      2071,
      2219,
      2469,
      2826,
      3128,
      3357,
      3659,
      3858,
      4043,
      4368,
      4561,
      4837,
      5099,
      5261,
      5336,
      5362,
      5705,
      5757,
      5739,
      5820,
      5927,
      5773,
      5858,
      5724,
      5438,
      5383,
      5325,
      5113,
      4972,
      4636,
      4320,
      3994,
      3850,
      3716,
      3328,
      3080,
      2797,
      2514,
      2235,
      2068,
      1854,
      1617,
      1461,
      1214,
      1144,
      968,
      827,
      727,
      568,
      496,
      455,
      347,
      302,
      257,
      209,
      205,
      124,
      132,
      85,
      95,
      67,
      38,
      36,
      31,
      27,
      23,
      23,
      12,
      9,
      8,
      6,
      4,
      8,
      2,
      2,
      0,
      2,
      0,
      0,
      0,
      0,
      1,
      0,
      1
    ],
    "bin_edges": [
      -5.315807819366455,
      -5.232405662536621,
      -5.149003982543945,
      -5.065601825714111,
      -4.982199668884277,
      -4.898797512054443,
      -4.815395355224609,
      -4.731993675231934,
      -4.6485915184021,
      -4.565189361572266,
      -4.48178768157959,
      -4.398385524749756,
      -4.314983367919922,
      -4.231581211090088,
      -4.148179054260254,
      -4.064777374267578,
      -3.981375217437744,
      -3.89797306060791,
      -3.8145711421966553,
      -3.7311692237854004,
      -3.6477670669555664,
      -3.5643649101257324,
      -3.4809629917144775,
      -3.3975610733032227,
      -3.3141589164733887,
      -3.2307567596435547,
      -3.1473548412323,
      -3.063952922821045,
      -2.980550765991211,
      -2.897148609161377,
      -2.813746690750122,
      -2.730344772338867,
      -2.646942615509033,
      -2.563540458679199,
      -2.4801385402679443,
      -2.3967366218566895,
      -2.3133344650268555,
      -2.2299323081970215,
      -2.1465303897857666,
      -2.0631284713745117,
      -1.9797263145446777,
      -1.8963242769241333,
      -1.8129222393035889,
      -1.7295202016830444,
      -1.6461181640625,
      -1.5627161264419556,
      -1.4793140888214111,
      -1.3959120512008667,
      -1.3125100135803223,
      -1.2291079759597778,
      -1.1457059383392334,
      -1.062303900718689,
      -0.9789018630981445,
      -0.8954998254776001,
      -0.8120977878570557,
      -0.7286957502365112,
      -0.6452937126159668,
      -0.5618916749954224,
      -0.47848963737487793,
      -0.3950875997543335,
      -0.31168556213378906,
      -0.22828352451324463,
      -0.1448814868927002,
      -0.06147944927215576,
      0.02192211151123047,
      0.1053241491317749,
      0.18872618675231934,
      0.27212822437286377,
      0.3555302619934082,
      0.43893229961395264,
      0.5223343372344971,
      0.6057363748550415,
      0.6891384124755859,
      0.7725404500961304,
      0.8559424877166748,
      0.9393445253372192,
      1.0227465629577637,
      1.106148600578308,
      1.1895506381988525,
      1.272952675819397,
      1.3563547134399414,
      1.4397567510604858,
      1.5231587886810303,
      1.6065608263015747,
      1.6899628639221191,
      1.7733649015426636,
      1.856766939163208,
      1.9401689767837524,
      2.023571014404297,
      2.106973171234131,
      2.1903750896453857,
      2.2737770080566406,
      2.3571791648864746,
      2.4405813217163086,
      2.5239832401275635,
      2.6073851585388184,
      2.6907873153686523,
      2.7741894721984863,
      2.857591390609741,
      2.940993309020996,
      3.02439546585083,
      3.107797622680664,
      3.191199541091919,
      3.274601459503174,
      3.358003616333008,
      3.441405773162842,
      3.5248076915740967,
      3.6082096099853516,
      3.6916117668151855,
      3.7750139236450195,
      3.8584158420562744,
      3.9418177604675293,
      4.025219917297363,
      4.108622074127197,
      4.192024230957031,
      4.275425910949707,
      4.358828067779541,
      4.442230224609375,
      4.525631904602051,
      4.609034061431885,
      4.692436218261719,
      4.775838375091553,
      4.859240531921387,
      4.9426422119140625,
      5.0260443687438965,
      5.1094465255737305,
      5.192848205566406,
      5.27625036239624,
      5.359652519226074
    ]
  }
}