{
  "module": "block.1.mlp.mlp1_lif",
  "state_shape": [
    64,
    384,
    8,
    8
  ],
  "time_steps": 1,
  "numel_sampled": 196608,
  "mean": -0.13660065829753876,
  "std": 1.4845563173294067,
  "min": -7.218886375427246,
  "max": 6.231929302215576,
  "quantiles": {
    "0.00": -7.218886375427246,
    "0.01": -3.6318812370300293,
    "0.05": -2.6029164791107178,
    "0.10": -2.0548651218414307,
    "0.25": -1.137453556060791,
    "0.50": -0.11950787156820297,
    "0.75": 0.8759971261024475,
    "0.90": 1.7489961385726929,
    "0.95": 2.279350757598877,
    "0.99": 3.276949405670166,
    "1.00": 6.231929302215576
  },
  "histogram": {
    "counts": [
      1,
      0,
      0,
      1,
      0,
      1,
      0,
      1,
      1,
      0,
      2,
      4,
      3,
      1,
      3,
      4,
      11,
      17,
      13,
      26,
      31,
      43,
      53,
      51,
      53,
      61,
      89,
      97,
      134,
      180,
      201,
      231,
      302,
      306,
      361,
      483,
      540,
      620,
      697,
      783,
      913,
      1093,
      1195,
      1329,
      1556,
      1652,
      1832,
      2035,
      2300,
      2469,
      2655,
      2826,
      3224,
      3347,
      3645,
      3942,
      4058,
      4234,
      4448,
      4553,
      4845,
      4965,
      5126,
      5239,
      5399,
      5477,
      5469,
      5543,
      5494,
      5376,
      5513,
      5292,
      5322,
      5082,
      5012,
      4747,
      4695,
      4471,
      4288,
      3896,
      3725,
      3512,
      3210,
      3004,
      2686,
      2472,
      2181,
      2009,
      1814,
      1639,
      1486,
      1326,
      1090,
      971,
      845,
      762,
      644,
      521,
      431,
      394,
      343,
      292,
      287,
      190,
      159,
      116,
      75,
      86,
      96,
      64,
      54,
      42,
      26,
      23,
      20,
      15,
      7,
      9,
      8,
      1,
      5,
      4,
      0,
      0,
      0,
      1,
      0,
      1
    ],
    "bin_edges": [
      -7.218886375427246,
      -7.113801956176758,
      -7.0087175369262695,
      -6.903633117675781,
      -6.798548221588135,
      -6.6934638023376465,
      -6.588379383087158,
      -6.48329496383667,
      -6.378210544586182,
      -6.273126125335693,
      -6.168041229248047,
      -6.062956809997559,
      -5.95787239074707,
      -5.852787971496582,
      -5.747703552246094,
      -5.6426191329956055,
      -5.537534713745117,
      -5.432449817657471,
      -5.327365398406982,
      -5.222280979156494,
      -5.117196559906006,
      -5.012112140655518,
      -4.907027721405029,
      -4.801942825317383,
      -4.6968584060668945,
      -4.591773986816406,
      -4.486689567565918,
      -4.38160514831543,
      -4.276520729064941,
      -4.171435832977295,
      -4.066351413726807,
      -3.9612669944763184,
      -3.85618257522583,
      -3.751098155975342,
      -3.6460134983062744,
      -3.540929079055786,
      -3.435844659805298,
      -3.3307600021362305,
      -3.225675582885742,
      -3.120591163635254,
      -3.0155067443847656,
      -2.9104220867156982,
      -2.80533766746521,
      -2.7002532482147217,
      -2.5951685905456543,
      -2.490084171295166,
      -2.3849997520446777,
      -2.2799150943756104,
      -2.174830675125122,
      -2.069746255874634,
      -1.964661717414856,
      -1.8595771789550781,
      -1.7544927597045898,
      -1.649408221244812,
      -1.5443236827850342,
      -1.439239263534546,
      -1.334154725074768,
      -1.2290701866149902,
      -1.123985767364502,
      -1.0189012289047241,
      -0.9138167500495911,
      -0.808732271194458,
      -0.7036477327346802,
      -0.5985632538795471,
      -0.49347829818725586,
      -0.3883938193321228,
      -0.28330931067466736,
      -0.1782248169183731,
      -0.07314032316207886,
      0.03194417059421539,
      0.13702866435050964,
      0.2421131581068039,
      0.34719765186309814,
      0.4522821307182312,
      0.5573666095733643,
      0.6624511480331421,
      0.7675356268882751,
      0.8726201057434082,
      0.977704644203186,
      1.0827890634536743,
      1.1878736019134521,
      1.29295814037323,
      1.3980425596237183,
      1.503127098083496,
      1.6082115173339844,
      1.7132960557937622,
      1.81838059425354,
      1.9234650135040283,
      2.0285496711730957,
      2.133634090423584,
      2.2387185096740723,
      2.3438029289245605,
      2.448887586593628,
      2.553972005844116,
      2.6590564250946045,
      2.764141082763672,
      2.86922550201416,
      2.9743099212646484,
      3.079394578933716,
      3.184478998184204,
      3.2895634174346924,
      3.3946480751037598,
      3.499732494354248,
      3.6048169136047363,
      3.7099013328552246,
      3.814985990524292,
      3.9200704097747803,
      4.025155067443848,
      4.130239486694336,
      4.235323905944824,
      4.3404083251953125,
      4.445492744445801,
      4.550577163696289,
      4.6556620597839355,
      4.760746479034424,
      4.865830898284912,
      4.9709153175354,
      5.075999736785889,
      5.181084156036377,
      5.286169052124023,
      5.391253471374512,
      5.496337890625,
      5.601422309875488,
      5.706506729125977,
      5.811591148376465,
      5.916676044464111,
      6.0217604637146,
      6.126844882965088,
      6.231929302215576
    ]
  }
}