{
  "module": "block.0.attn.q_lif",
  "state_shape": [
    64,
    384,
    64
  ],
  "time_steps": 1,
  "numel_sampled": 196608,
  "mean": -0.009569136425852776,
  "std": 1.0655262470245361,
  "min": -4.573329925537109,
  "max": 5.1012163162231445,
  "quantiles": {
    "0.00": -4.573329925537109,
    "0.01": -2.3916757106781006,
    "0.05": -1.741791009902954,
    "0.10": -1.3826497793197632,
    "0.25": -0.7510144710540771,
    "0.50": -0.021587124094367027,
    "0.75": 0.7203066349029541,
    "0.90": 1.3819849491119385,
    "0.95": 1.7589930295944214,
    "0.99": 2.447234869003296,
    "1.00": 5.1012163162231445
  },
  "histogram": {
    "counts": [
      1,
      2,
      0,
      2,
      0,
      1,
      0,
      5,
      2,
      6,
      7,
      11,
      9,
      6,
      14,
      20,
      25,
      32,
      47,
      74,
      68,
      92,
      101,
      134,
      163,
      213,
      267,
      340,
      378,
      489,
      533,
      654,
      767,
      945,
      1073,
      1215,
      1403,
      1623,
      1729,
      2052,
      2192,
      2391,
      2643,
      2843,
      3153,
      3330,
      3482,
      3845,
      4032,
      4252,
      4376,
      4654,
      4873,
      4971,
      4911,
      5098,
      5194,
      5339,
      5433,
      5579,
      5292,
      5386,
      5270,
      5332,
      5117,
      5013,
      4947,
      4793,
      4705,
      4351,
      4233,
      3949,
      3877,
      3439,
      3380,
      3198,
      2947,
      2707,
      2434,
      2303,
      2098,
      1941,
      1769,
      1527,
      1340,
      1242,
      1085,
      905,
      794,
      708,
      583,
      514,
      414,
      369,
      295,
      240,
      217,
      156,
      128,
      104,
      103,
      73,
      51,
      38,
      43,
      19,
      24,
      17,
      8,
      6,
      6,
      8,
      5,
      2,
      1,
      4,
      2,
      0,
      1,
      0,
      0,
      0,
      0,
      0,
      0,
      0,
      0,
      1
    ],
    "bin_edges": [
      -4.573329925537109,
      -4.497747421264648,
      -4.4221649169921875,
      -4.346582889556885,
      -4.271000385284424,
      -4.195417881011963,
      -4.119835376739502,
      -4.044253349304199,
      -3.9686708450317383,
      -3.8930883407592773,
      -3.8175060749053955,
      -3.7419235706329346,
      -3.6663413047790527,
      -3.590758800506592,
      -3.51517653465271,
      -3.439594030380249,
      -3.364011764526367,
      -3.2884292602539062,
      -3.2128467559814453,
      -3.1372644901275635,
      -3.0616819858551025,
      -2.9860997200012207,
      -2.9105172157287598,
      -2.834934949874878,
      -2.759352445602417,
      -2.683770179748535,
      -2.608187675476074,
      -2.5326054096221924,
      -2.4570229053497314,
      -2.3814406394958496,
      -2.3058581352233887,
      -2.230275869369507,
      -2.154693365097046,
      -2.079110860824585,
      -2.003528594970703,
      -1.9279462099075317,
      -1.8523638248443604,
      -1.776781439781189,
      -1.7011990547180176,
      -1.6256166696548462,
      -1.5500342845916748,
      -1.4744517803192139,
      -1.3988693952560425,
      -1.323287010192871,
      -1.2477046251296997,
      -1.1721222400665283,
      -1.096539855003357,
      -1.0209574699401855,
      -0.9453750848770142,
      -0.8697926998138428,
      -0.7942103147506714,
      -0.7186279296875,
      -0.6430455446243286,
      -0.5674630999565125,
      -0.49188071489334106,
      -0.4162983298301697,
      -0.3407159447669983,
      -0.2651335597038269,
      -0.18955115973949432,
      -0.11396876722574234,
      -0.038386374711990356,
      0.03719601780176163,
      0.11277841031551361,
      0.1883608102798462,
      0.2639431953430176,
      0.33952558040618896,
      0.41510796546936035,
      0.4906903803348541,
      0.5662727355957031,
      0.6418551802635193,
      0.7174375653266907,
      0.7930199503898621,
      0.8686023354530334,
      0.9441847205162048,
      1.019767165184021,
      1.0953495502471924,
      1.1709319353103638,
      1.2465143203735352,
      1.3220967054367065,
      1.397679090499878,
      1.4732614755630493,
      1.5488438606262207,
      1.624426245689392,
      1.7000086307525635,
      1.7755910158157349,
      1.8511734008789062,
      1.9267557859420776,
      2.002338171005249,
      2.07792067527771,
      2.153502941131592,
      2.2290854454040527,
      2.3046677112579346,
      2.3802502155303955,
      2.4558324813842773,
      2.5314149856567383,
      2.60699725151062,
      2.682579755783081,
      2.758162260055542,
      2.833744525909424,
      2.9093270301818848,
      2.9849092960357666,
      3.0604918003082275,
      3.1360740661621094,
      3.2116565704345703,
      3.287238836288452,
      3.362821340560913,
      3.438403606414795,
      3.513986110687256,
      3.5895683765411377,
      3.6651508808135986,
      3.7407331466674805,
      3.8163156509399414,
      3.8918981552124023,
      3.967480421066284,
      4.043062686920166,
      4.118645191192627,
      4.194227695465088,
      4.269810199737549,
      4.345392227172852,
      4.4209747314453125,
      4.496557235717773,
      4.572139739990234,
      4.647721767425537,
      4.723304271697998,
      4.798886775970459,
      4.87446928024292,
      4.950051307678223,
      5.025633811950684,
      5.1012163162231445
    ]
  }
}