{
  "module": "block.1.attn.proj_lif",
  "state_shape": [
    64,
    384,
    8,
    8
  ],
  "time_steps": 1,
  "numel_sampled": 196608,
  "mean": -0.19245679676532745,
  "std": 1.2725353240966797,
  "min": -5.95068883895874,
  "max": 5.700079917907715,
  "quantiles": {
    "0.00": -5.95068883895874,
    "0.01": -3.1943275928497314,
    "0.05": -2.2921156883239746,
    "0.10": -1.823618769645691,
    "0.25": -1.0452500581741333,
    "0.50": -0.18432900309562683,
    "0.75": 0.6691648364067078,
    "0.90": 1.4142813682556152,
    "0.95": 1.8858217000961304,
    "0.99": 2.7647783756256104,
    "1.00": 5.700079917907715
  },
  "histogram": {
    "counts": [
      1,
      3,
      0,
      1,
      1,
      2,
      3,
      0,
      4,
      5,
      7,
      6,
      11,
      8,
      15,
      18,
      26,
      30,
      29,
      60,
      63,
      77,
      94,
      111,
      135,
      152,
      160,
      218,
      298,
      328,
      399,
      441,
      499,
      581,
      678,
      775,
      885,
      976,
      1191,
      1271,
      1463,
      1634,
      1819,
      2138,
      2259,
      2422,
      2721,
      2990,
      3107,
      3471,
      3639,
      3928,
      4152,
      4333,
      4464,
      4810,
      5095,
      5033,
      5189,
      5366,
      5600,
      5561,
      5611,
      5597,
      5614,
      5460,
      5492,
      5428,
      5242,
      5328,
      4936,
      4731,
      4541,
      4394,
      4103,
      4058,
      3714,
      3358,
      3200,
      2919,
      2693,
      2316,
      2065,
      1961,
      1629,
      1474,
      1387,
      1290,
      1077,
      899,
      814,
      723,
      577,
      507,
      463,
      365,
      336,
      268,
      186,
      185,
      159,
      144,
      106,
      85,
      68,
      57,
      60,
      48,
      35,
      38,
      21,
      17,
      13,
      19,
      5,
      9,
      6,
      3,
      3,
      4,
      2,
      1,
      2,
      0,
      0,
      3,
      1,
      2
    ],
    "bin_edges": [
      -5.95068883895874,
      -5.8596673011779785,
      -5.768645763397217,
      -5.677623748779297,
      -5.586602210998535,
      -5.495580673217773,
      -5.404559135437012,
      -5.31353759765625,
      -5.222516059875488,
      -5.131494045257568,
      -5.040472507476807,
      -4.949450969696045,
      -4.858429431915283,
      -4.7674078941345215,
      -4.676385879516602,
      -4.58536434173584,
      -4.494342803955078,
      -4.403321266174316,
      -4.312299728393555,
      -4.221277713775635,
      -4.130256175994873,
      -4.039234638214111,
      -3.9482131004333496,
      -3.857191324234009,
      -3.766169786453247,
      -3.6751482486724854,
      -3.5841264724731445,
      -3.493104934692383,
      -3.402083396911621,
      -3.3110616207122803,
      -3.2200400829315186,
      -3.1290183067321777,
      -3.037996768951416,
      -2.9469752311706543,
      -2.8559534549713135,
      -2.7649319171905518,
      -2.673910140991211,
      -2.582888603210449,
      -2.4918670654296875,
      -2.4008452892303467,
      -2.309823751449585,
      -2.2188022136688232,
      -2.1277804374694824,
      -2.0367588996887207,
      -1.9457372426986694,
      -1.8547155857086182,
      -1.7636940479278564,
      -1.6726723909378052,
      -1.581650733947754,
      -1.4906290769577026,
      -1.3996074199676514,
      -1.3085858821868896,
      -1.2175642251968384,
      -1.126542568206787,
      -1.0355210304260254,
      -0.9444993734359741,
      -0.8534777164459229,
      -0.7624560594558716,
      -0.6714344620704651,
      -0.5804128646850586,
      -0.4893912076950073,
      -0.39836958050727844,
      -0.30734795331954956,
      -0.21632632613182068,
      -0.1253042221069336,
      -0.03428259491920471,
      0.05673903226852417,
      0.14776065945625305,
      0.23878228664398193,
      0.3298039138317108,
      0.4208255410194397,
      0.5118471384048462,
      0.6028687953948975,
      0.6938904523849487,
      0.7849120497703552,
      0.8759336471557617,
      0.966955304145813,
      1.0579769611358643,
      1.148998498916626,
      1.2400201559066772,
      1.3310418128967285,
      1.4220634698867798,
      1.513085126876831,
      1.6041066646575928,
      1.695128321647644,
      1.7861499786376953,
      1.877171516418457,
      1.9681931734085083,
      2.0592148303985596,
      2.1502363681793213,
      2.241258144378662,
      2.332279682159424,
      2.4233012199401855,
      2.5143229961395264,
      2.605344533920288,
      2.696366310119629,
      2.7873878479003906,
      2.8784093856811523,
      2.969431161880493,
      3.060452699661255,
      3.1514744758605957,
      3.2424960136413574,
      3.333517551422119,
      3.42453932762146,
      3.5155608654022217,
      3.6065824031829834,
      3.697604179382324,
      3.788625717163086,
      3.8796472549438477,
      3.9706690311431885,
      4.061690807342529,
      4.152712345123291,
      4.243733882904053,
      4.3347554206848145,
      4.425776958465576,
      4.516798973083496,
      4.607820510864258,
      4.6988420486450195,
      4.789863586425781,
      4.880885124206543,
      4.971906661987305,
      5.062928676605225,
      5.153950214385986,
      5.244971752166748,
      5.33599328994751,
      5.4270148277282715,
      5.518036842346191,
      5.609058380126953,
      5.700079917907715
    ]
  }
}