{
  "module": "block.2.attn.proj_lif",
  "state_shape": [
    64,
    384,
    8,
    8
  ],
  "time_steps": 1,
  "numel_sampled": 196608,
  "mean": -0.1585942655801773,
  "std": 1.4814906120300293,
  "min": -7.04885721206665,
  "max": 8.391436576843262,
  "quantiles": {
    "0.00": -7.04885721206665,
    "0.01": -3.828916311264038,
    "0.05": -2.6765894889831543,
    "0.10": -2.0736255645751953,
    "0.25": -1.1145178079605103,
    "0.50": -0.10975351184606552,
    "0.75": 0.8424714207649231,
    "0.90": 1.6782742738723755,
    "0.95": 2.1771202087402344,
    "0.99": 3.191748857498169,
    "1.00": 8.391436576843262
  },
  "histogram": {
    "counts": [
      1,
      0,
      4,
      2,
      1,
      5,
      5,
      8,
      10,
      13,
      12,
      16,
      23,
      31,
      41,
      40,
      44,
      73,
      66,
      88,
      113,
      150,
      188,
      227,
      261,
      296,
      376,
      428,
      464,
      583,
      624,
      805,
      857,
      1016,
      1249,
      1340,
      1510,
      1689,
      1986,
      2080,
      2335,
      2661,
      2864,
      3254,
      3525,
      3763,
      3997,
      4399,
      4644,
      4982,
      5303,
      5574,
      5724,
      6066,
      6240,
      6433,
      6438,
      6512,
      6545,
      6477,
      6504,
      6395,
      6331,
      5913,
      5621,
      5229,
      5146,
      4684,
      4461,
      4119,
      3758,
      3274,
      2998,
      2682,
      2313,
      2004,
      1801,
      1447,
      1284,
      1064,
      849,
      756,
      652,
      504,
      427,
      350,
      276,
      274,
      181,
      154,
      135,
      103,
      85,
      77,
      45,
      58,
      42,
      26,
      20,
      11,
      9,
      15,
      21,
      7,
      9,
      7,
      4,
      7,
      1,
      3,
      2,
      3,
      2,
      1,
      0,
      0,
      0,
      0,
      0,
      1,
      0,
      1,
      0,
      0,
      0,
      0,
      0,
      1
    ],
    "bin_edges": [
      -7.04885721206665,
      -6.928229808807373,
      -6.807602405548096,
      -6.686975479125977,
      -6.566348075866699,
      -6.445720672607422,
      -6.3250932693481445,
      -6.204466342926025,
      -6.083838939666748,
      -5.963211536407471,
      -5.842584133148193,
      -5.721956729888916,
      -5.601329803466797,
      -5.4807024002075195,
      -5.360074996948242,
      -5.239447593688965,
      -5.1188201904296875,
      -4.998193264007568,
      -4.877565860748291,
      -4.756938457489014,
      -4.636311054229736,
      -4.515684127807617,
      -4.39505672454834,
      -4.2744293212890625,
      -4.153801918029785,
      -4.033174514770508,
      -3.9125473499298096,
      -3.7919201850891113,
      -3.671292781829834,
      -3.5506656169891357,
      -3.4300382137298584,
      -3.30941104888916,
      -3.188783645629883,
      -3.0681562423706055,
      -2.9475290775299072,
      -2.82690167427063,
      -2.7062745094299316,
      -2.5856471061706543,
      -2.465019941329956,
      -2.3443925380706787,
      -2.2237653732299805,
      -2.103137969970703,
      -1.9825106859207153,
      -1.8618834018707275,
      -1.7412559986114502,
      -1.6206287145614624,
      -1.5000014305114746,
      -1.3793741464614868,
      -1.258746862411499,
      -1.1381195783615112,
      -1.0174922943115234,
      -0.8968649506568909,
      -0.7762376666069031,
      -0.6556103825569153,
      -0.5349830389022827,
      -0.4143557548522949,
      -0.29372847080230713,
      -0.17310117185115814,
      -0.052473872900009155,
      0.06815342605113983,
      0.18878072500228882,
      0.3094080090522766,
      0.4300353229045868,
      0.550662636756897,
      0.6712894439697266,
      0.7919167280197144,
      0.9125440120697021,
      1.03317129611969,
      1.1537985801696777,
      1.274425983428955,
      1.3950532674789429,
      1.5156805515289307,
      1.6363078355789185,
      1.7569351196289062,
      1.877562403678894,
      1.9981896877288818,
      2.118817090988159,
      2.2394442558288574,
      2.3600716590881348,
      2.480698823928833,
      2.6013262271881104,
      2.7219536304473877,
      2.842580795288086,
      2.9632081985473633,
      3.0838353633880615,
      3.204462766647339,
      3.325089931488037,
      3.4457173347473145,
      3.566344738006592,
      3.68697190284729,
      3.8075993061065674,
      3.9282264709472656,
      4.048853874206543,
      4.16948127746582,
      4.2901082038879395,
      4.410735607147217,
      4.531363010406494,
      4.6519904136657715,
      4.772617816925049,
      4.893244743347168,
      5.013872146606445,
      5.134499549865723,
      5.255126953125,
      5.375753879547119,
      5.4963812828063965,
      5.617008686065674,
      5.737636089324951,
      5.8582634925842285,
      5.978890419006348,
      6.099517822265625,
      6.220145225524902,
      6.34077262878418,
      6.461400032043457,
      6.582026958465576,
      6.7026543617248535,
      6.823281764984131,
      6.943909168243408,
      7.064536094665527,
      7.185163497924805,
      7.305790901184082,
      7.426418304443359,
      7.547045707702637,
      7.667672634124756,
      7.788300037384033,
      7.9089274406433105,
      8.02955436706543,
      8.150181770324707,
      8.270809173583984,
      8.391436576843262
    ]
  }
}