{
  "module": "patch_embed.block4_lif",
  "state_shape": [
    64,
    384,
    16,
    16
  ],
  "time_steps": 1,
  "numel_sampled": 196608,
  "mean": -0.3270874321460724,
  "std": 1.0650910139083862,
  "min": -6.136329174041748,
  "max": 5.366866111755371,
  "quantiles": {
    "0.00": -6.136329174041748,
    "0.01": -2.83052659034729,
    "0.05": -2.0285422801971436,
    "0.10": -1.6379892826080322,
    "0.25": -1.021282434463501,
    "0.50": -0.35129159688949585,
    "0.75": 0.3400907814502716,
    "0.90": 1.0246204137802124,
    "0.95": 1.4693552255630493,
    "0.99": 2.3549911975860596,
    "1.00": 5.366866111755371
  },
  "histogram": {
    "counts": [
      1,
      1,
      0,
      1,
      0,
      0,
      0,
      0,
      1,
      0,
      4,
      3,
      4,
      10,
      9,
      4,
      1,
      9,
      14,
      18,
      15,
      19,
      22,
      21,
      35,
      40,
      43,
      71,
      94,
      102,
      117,
      138,
      169,
      192,
      235,
      285,
      384,
      381,
      546,
      586,
      722,
      900,
      962,
      1164,
      1359,
      1641,
      1851,
      2168,
      2367,
      2788,
      3185,
      3482,
      3902,
      4301,
      4676,
      5106,
      5437,
      5845,
      6263,
      6393,
      6700,
      6669,
      7103,
      7131,
      7008,
      6973,
      6743,
      6561,
      6578,
      6028,
      5903,
      5614,
      5164,
      4645,
      4305,
      3944,
      3638,
      3315,
      3001,
      2636,
      2474,
      2099,
      1812,
      1688,
      1483,
      1343,
      1137,
      1008,
      882,
      711,
      642,
      548,
      514,
      375,
      365,
      305,
      245,
      212,
      189,
      155,
      143,
      109,
      93,
      77,
      49,
      50,
      27,
      32,
      18,
      18,
      12,
      13,
      8,
      5,
      6,
      3,
      2,
      4,
      1,
      0,
      2,
      0,
      1,
      1,
      0,
      0,
      0,
      1
    ],
    "bin_edges": [
      -6.136329174041748,
      -6.0464606285095215,
      -5.956591606140137,
      -5.86672306060791,
      -5.776854515075684,
      -5.686985492706299,
      -5.597116947174072,
      -5.507248401641846,
      -5.417379379272461,
      -5.327510833740234,
      -5.237642288208008,
      -5.147773265838623,
      -5.0579047203063965,
      -4.96803617477417,
      -4.878167152404785,
      -4.788298606872559,
      -4.698430061340332,
      -4.608561038970947,
      -4.518692493438721,
      -4.428823471069336,
      -4.338954925537109,
      -4.249086380004883,
      -4.159217357635498,
      -4.0693488121032715,
      -3.979480266571045,
      -3.8896114826202393,
      -3.7997426986694336,
      -3.709873914718628,
      -3.6200053691864014,
      -3.5301365852355957,
      -3.44026780128479,
      -3.3503992557525635,
      -3.260530471801758,
      -3.170661687850952,
      -3.0807931423187256,
      -2.99092435836792,
      -2.9010555744171143,
      -2.8111870288848877,
      -2.721318244934082,
      -2.6314494609832764,
      -2.5415806770324707,
      -2.451712131500244,
      -2.3618433475494385,
      -2.271974563598633,
      -2.1821060180664062,
      -2.0922372341156006,
      -2.002368450164795,
      -1.9124997854232788,
      -1.8226311206817627,
      -1.7327624559402466,
      -1.642893671989441,
      -1.5530250072479248,
      -1.4631562232971191,
      -1.373287558555603,
      -1.283418893814087,
      -1.1935501098632812,
      -1.1036814451217651,
      -1.013812780380249,
      -0.9239439964294434,
      -0.8340753316879272,
      -0.7442066073417664,
      -0.6543378829956055,
      -0.5644692182540894,
      -0.47460049390792847,
      -0.3847312927246094,
      -0.2948625683784485,
      -0.20499387383460999,
      -0.11512516438961029,
      -0.025256454944610596,
      0.0646122545003891,
      0.1544809639453888,
      0.2443496733903885,
      0.3342183828353882,
      0.4240871071815491,
      0.51395583152771,
      0.6038244962692261,
      0.693693220615387,
      0.7835619449615479,
      0.873430609703064,
      0.9632993340492249,
      1.0531680583953857,
      1.1430367231369019,
      1.2329055070877075,
      1.3227741718292236,
      1.4126429557800293,
      1.5025116205215454,
      1.5923802852630615,
      1.6822490692138672,
      1.7721177339553833,
      1.8619863986968994,
      1.951855182647705,
      2.0417239665985107,
      2.1315925121307373,
      2.221461296081543,
      2.3113300800323486,
      2.401198625564575,
      2.491067409515381,
      2.5809361934661865,
      2.670804738998413,
      2.7606735229492188,
      2.8505423069000244,
      2.940410852432251,
      3.0302796363830566,
      3.1201484203338623,
      3.210017204284668,
      3.2998857498168945,
      3.3897545337677,
      3.479623317718506,
      3.5694918632507324,
      3.659360647201538,
      3.7492294311523438,
      3.8390979766845703,
      3.928966760635376,
      4.018835544586182,
      4.108704090118408,
      4.198573112487793,
      4.2884416580200195,
      4.378310203552246,
      4.468179225921631,
      4.558047771453857,
      4.647916316986084,
      4.737785339355469,
      4.827653884887695,
      4.917522430419922,
      5.007391452789307,
      5.097259998321533,
      5.18712854385376,
      5.2769975662231445,
      5.366866111755371
    ]
  }
}