{
  "module": "patch_embed.block2_lif",
  "state_shape": [
    64,
    96,
    32,
    32
  ],
  "time_steps": 1,
  "numel_sampled": 196608,
  "mean": 0.1384056955575943,
  "std": 1.2534822225570679,
  "min": -5.8401713371276855,
  "max": 6.049361228942871,
  "quantiles": {
    "0.00": -5.8401713371276855,
    "0.01": -3.0808897018432617,
    "0.05": -2.0151917934417725,
    "0.10": -1.4525938034057617,
    "0.25": -0.6225233674049377,
    "0.50": 0.17629411816596985,
    "0.75": 0.9339475631713867,
    "0.90": 1.6616157293319702,
    "0.95": 2.151474952697754,
    "0.99": 3.119741439819336,
    "1.00": 6.049361228942871
  },
  "histogram": {
    "counts": [
      2,
      0,
      1,
      0,
      1,
      4,
      6,
      7,
      8,
      7,
      4,
      15,
      21,
      21,
      31,
      35,
      37,
      43,
      51,
      61,
      66,
      97,
      117,
      120,
      135,
      161,
      204,
      215,
      267,
      334,
      324,
      370,
      397,
      520,
      589,
      660,
      761,
      857,
      896,
      1070,
      1082,
      1317,
      1315,
      1489,
      1631,
      1856,
      1990,
      2180,
      2340,
      2720,
      2885,
      3129,
      3488,
      3829,
      4130,
      4419,
      4871,
      4968,
      5180,
      5591,
      5706,
      5928,
      6262,
      6508,
      6475,
      6611,
      6460,
      6325,
      6236,
      5956,
      5823,
      5495,
      5096,
      4879,
      4511,
      4320,
      3798,
      3443,
      3255,
      2842,
      2646,
      2341,
      2024,
      1842,
      1592,
      1432,
      1189,
      1176,
      1021,
      887,
      799,
      701,
      568,
      511,
      454,
      419,
      385,
      288,
      255,
      216,
      173,
      141,
      117,
      113,
      96,
      69,
      62,
      46,
      40,
      30,
      20,
      16,
      19,
      10,
      13,
      7,
      7,
      9,
      5,
      6,
      1,
      1,
      3,
      2,
      0,
      0,
      1,
      1
    ],
    "bin_edges": [
      -5.8401713371276855,
      -5.747284412384033,
      -5.654397487640381,
      -5.5615105628967285,
      -5.468623638153076,
      -5.375736713409424,
      -5.282849311828613,
      -5.189962387084961,
      -5.097075462341309,
      -5.004188537597656,
      -4.911301612854004,
      -4.818414688110352,
      -4.725527763366699,
      -4.632640838623047,
      -4.5397539138793945,
      -4.446866989135742,
      -4.35398006439209,
      -4.261092662811279,
      -4.168205738067627,
      -4.075318813323975,
      -3.9824318885803223,
      -3.88954496383667,
      -3.7966580390930176,
      -3.7037711143493652,
      -3.610884189605713,
      -3.5179970264434814,
      -3.425110101699829,
      -3.3322231769561768,
      -3.2393362522125244,
      -3.146449327468872,
      -3.0535621643066406,
      -2.9606752395629883,
      -2.867788314819336,
      -2.7749013900756836,
      -2.6820144653320312,
      -2.5891273021698,
      -2.4962403774261475,
      -2.403353452682495,
      -2.3104665279388428,
      -2.2175796031951904,
      -2.124692440032959,
      -2.0318055152893066,
      -1.9389185905456543,
      -1.846031665802002,
      -1.7531447410583496,
      -1.6602576971054077,
      -1.5673707723617554,
      -1.4744837284088135,
      -1.3815968036651611,
      -1.2887098789215088,
      -1.195822834968567,
      -1.1029359102249146,
      -1.0100488662719727,
      -0.9171619415283203,
      -0.824275016784668,
      -0.7313880324363708,
      -0.6385010480880737,
      -0.5456140637397766,
      -0.4527271091938019,
      -0.35984015464782715,
      -0.26695317029953003,
      -0.1740662008523941,
      -0.08117923140525818,
      0.011707738041877747,
      0.10459518432617188,
      0.1974821537733078,
      0.2903691232204437,
      0.38325607776641846,
      0.4761430621147156,
      0.5690300464630127,
      0.661916971206665,
      0.7548039555549622,
      0.8476909399032593,
      0.9405779242515564,
      1.0334649085998535,
      1.1263518333435059,
      1.2192387580871582,
      1.3121258020401,
      1.4050127267837524,
      1.4978997707366943,
      1.5907866954803467,
      1.683673620223999,
      1.776560664176941,
      1.8694475889205933,
      1.9623346328735352,
      2.0552215576171875,
      2.14810848236084,
      2.240995407104492,
      2.3338823318481445,
      2.426769495010376,
      2.5196564197540283,
      2.6125433444976807,
      2.705430269241333,
      2.7983171939849854,
      2.891204357147217,
      2.984091281890869,
      3.0769782066345215,
      3.169865131378174,
      3.262752056121826,
      3.3556392192840576,
      3.44852614402771,
      3.5414130687713623,
      3.6342999935150146,
      3.727186918258667,
      3.8200740814208984,
      3.912961006164551,
      4.005847930908203,
      4.0987348556518555,
      4.191621780395508,
      4.28450870513916,
      4.3773956298828125,
      4.470282554626465,
      4.563169479370117,
      4.656056880950928,
      4.74894380569458,
      4.841830730438232,
      4.934717655181885,
      5.027604579925537,
      5.1204915046691895,
      5.213378429412842,
      5.306265354156494,
      5.3991522789001465,
      5.492039203643799,
      5.584926605224609,
      5.677813529968262,
      5.770700454711914,
      5.863587379455566,
      5.956474304199219,
      6.049361228942871
    ]
  }
}