{
  "module": "patch_embed.block1_lif",
  "state_shape": [
    64,
    48,
    32,
    32
  ],
  "time_steps": 1,
  "numel_sampled": 196608,
  "mean": 0.5174029469490051,
  "std": 1.4719126224517822,
  "min": -15.921407699584961,
  "max": 18.378015518188477,
  "quantiles": {
    "0.00": -15.921407699584961,
    "0.01": -3.51631760597229,
    "0.05": -1.7882859706878662,
    "0.10": -1.0710057020187378,
    "0.25": -0.1920747309923172,
    "0.50": 0.533869743347168,
    "0.75": 1.2255306243896484,
    "0.90": 2.048867702484131,
    "0.95": 2.7360081672668457,
    "0.99": 4.713216304779053,
    "1.00": 18.378015518188477
  },
  "histogram": {
    "counts": [
      1,
      0,
      1,
      0,
      0,
      1,
      0,
      0,
      0,
      0,
      0,
      1,
      0,
      0,
      2,
      2,
      2,
      5,
      2,
      2,
      1,
      5,
      4,
      7,
      13,
      11,
      5,
      15,
      13,
      19,
      20,
      21,
      30,
      35,
      30,
      44,
      58,
      54,
      70,
      83,
      103,
      137,
      152,
      217,
      305,
      376,
      494,
      685,
      864,
      1115,
      1356,
      1790,
      2369,
      3094,
      4018,
      5282,
      7157,
      10006,
      13580,
      17316,
      18951,
      20423,
      20218,
      17036,
      12767,
      9224,
      6985,
      5105,
      3458,
      2449,
      1924,
      1396,
      1104,
      858,
      706,
      615,
      447,
      372,
      277,
      220,
      153,
      145,
      116,
      102,
      108,
      79,
      51,
      48,
      43,
      35,
      34,
      22,
      17,
      26,
      24,
      12,
      13,
      13,
      11,
      12,
      6,
      7,
      6,
      3,
      2,
      2,
      1,
      2,
      2,
      0,
      1,
      1,
      0,
      0,
      0,
      0,
      1,
      0,
      0,
      1,
      0,
      0,
      0,
      0,
      0,
      0,
      0,
      1
    ],
    "bin_edges": [
      -15.921407699584961,
      -15.653443336486816,
      -15.385478973388672,
      -15.117514610290527,
      -14.849550247192383,
      -14.581586837768555,
      -14.31362247467041,
      -14.045658111572266,
      -13.777693748474121,
      -13.509729385375977,
      -13.241765022277832,
      -12.973800659179688,
      -12.70583724975586,
      -12.437872886657715,
      -12.16990852355957,
      -11.901944160461426,
      -11.633979797363281,
      -11.366015434265137,
      -11.098051071166992,
      -10.830086708068848,
      -10.562122344970703,
      -10.294158935546875,
      -10.02619457244873,
      -9.758230209350586,
      -9.490265846252441,
      -9.222301483154297,
      -8.954337120056152,
      -8.686372756958008,
      -8.41840934753418,
      -8.150444984436035,
      -7.882480621337891,
      -7.614516258239746,
      -7.346551895141602,
      -7.078587532043457,
      -6.8106231689453125,
      -6.542659282684326,
      -6.274694919586182,
      -6.006730556488037,
      -5.738766670227051,
      -5.470802307128906,
      -5.202837944030762,
      -4.934873580932617,
      -4.666909217834473,
      -4.398945331573486,
      -4.130980968475342,
      -3.8630166053771973,
      -3.595052480697632,
      -3.3270883560180664,
      -3.059123992919922,
      -2.7911596298217773,
      -2.523195505142212,
      -2.2552313804626465,
      -1.987267017364502,
      -1.719302773475647,
      -1.451338529586792,
      -1.183374285697937,
      -0.915410041809082,
      -0.647445797920227,
      -0.37948155403137207,
      -0.11151731014251709,
      0.1564469337463379,
      0.42441117763519287,
      0.6923754215240479,
      0.9603396654129028,
      1.2283039093017578,
      1.4962681531906128,
      1.7642323970794678,
      2.032196521759033,
      2.3001608848571777,
      2.5681252479553223,
      2.8360893726348877,
      3.104053497314453,
      3.3720178604125977,
      3.639982223510742,
      3.9079463481903076,
      4.175910472869873,
      4.443874835968018,
      4.711839199066162,
      4.979803085327148,
      5.247767448425293,
      5.5157318115234375,
      5.783696174621582,
      6.051660537719727,
      6.319624423980713,
      6.587588787078857,
      6.855553150177002,
      7.123517036437988,
      7.391481399536133,
      7.659445762634277,
      7.927410125732422,
      8.195374488830566,
      8.463338851928711,
      8.731302261352539,
      8.999266624450684,
      9.267230987548828,
      9.535195350646973,
      9.803159713745117,
      10.071124076843262,
      10.339088439941406,
      10.60705280303955,
      10.875017166137695,
      11.142980575561523,
      11.410944938659668,
      11.678909301757812,
      11.946873664855957,
      12.214838027954102,
      12.482802391052246,
      12.75076675415039,
      13.018730163574219,
      13.286694526672363,
      13.554658889770508,
      13.822623252868652,
      14.090587615966797,
      14.358551979064941,
      14.626516342163086,
      14.89448070526123,
      15.162445068359375,
      15.430408477783203,
      15.698372840881348,
      15.966337203979492,
      16.234302520751953,
      16.50226593017578,
      16.77022933959961,
      17.03819465637207,
      17.3061580657959,
      17.57412338256836,
      17.842086791992188,
      18.11005210876465,
      18.378015518188477
    ]
  }
}