{
  "module": "patch_embed.block3_lif",
  "state_shape": [
    64,
    192,
    32,
    32
  ],
  "time_steps": 1,
  "numel_sampled": 199729,
  "mean": -0.8337352871894836,
  "std": 1.1122617721557617,
  "min": -7.194252967834473,
  "max": 6.136627197265625,
  "quantiles": {
    "0.00": -7.194252967834473,
    "0.01": -3.4323570728302,
    "0.05": -2.611394166946411,
    "0.10": -2.2033071517944336,
    "0.25": -1.5559097528457642,
    "0.50": -0.8543330430984497,
    "0.75": -0.1400555819272995,
    "0.90": 0.5631480813026428,
    "0.95": 1.033968448638916,
    "0.99": 1.9956587553024292,
    "1.00": 6.136627197265625
  },
  "histogram": {
    "counts": [
      1,
      1,
      0,
      0,
      0,
      0,
      1,
      0,
      1,
      2,
      1,
      2,
      4,
      1,
      2,
      8,
      5,
      6,
      13,
      14,
      12,
      24,
      24,
      28,
      37,
      38,
      42,
      50,
      75,
      115,
      157,
      182,
      205,
      245,
      273,
      365,
      489,
      578,
      721,
      829,
      1017,
      1231,
      1426,
      1756,
      2002,
      2360,
      2687,
      3212,
      3605,
      4023,
      4605,
      5028,
      5637,
      5943,
      6532,
      6937,
      7349,
      7472,
      7729,
      7803,
      7945,
      8003,
      7751,
      7691,
      7302,
      6907,
      6656,
      6258,
      5609,
      5183,
      4750,
      4287,
      3701,
      3374,
      2905,
      2623,
      2316,
      1900,
      1663,
      1514,
      1269,
      1102,
      973,
      852,
      720,
      575,
      489,
      396,
      380,
      305,
      247,
      202,
      175,
      144,
      120,
      100,
      89,
      72,
      55,
      50,
      35,
      34,
      23,
      16,
      10,
      12,
      9,
      6,
      3,
      4,
      4,
      2,
      1,
      4,
      1,
      1,
      3,
      1,
      1,
      0,
      0,
      0,
      0,
      0,
      0,
      0,
      0,
      1
    ],
    "bin_edges": [
      -7.194252967834473,
      -7.0901055335998535,
      -6.985958099365234,
      -6.881810665130615,
      -6.777662754058838,
      -6.673515319824219,
      -6.5693678855896,
      -6.4652204513549805,
      -6.361073017120361,
      -6.256925582885742,
      -6.152778148651123,
      -6.048630237579346,
      -5.944482803344727,
      -5.840335369110107,
      -5.736187934875488,
      -5.632040500640869,
      -5.52789306640625,
      -5.423745632171631,
      -5.3195977210998535,
      -5.215450286865234,
      -5.111302852630615,
      -5.007155418395996,
      -4.903007984161377,
      -4.798860549926758,
      -4.694713115692139,
      -4.590565204620361,
      -4.486417770385742,
      -4.382270336151123,
      -4.278122901916504,
      -4.173975467681885,
      -4.069828033447266,
      -3.9656803607940674,
      -3.8615329265594482,
      -3.757385492324829,
      -3.653237819671631,
      -3.5490903854370117,
      -3.4449429512023926,
      -3.3407955169677734,
      -3.236647844314575,
      -3.132500410079956,
      -3.028352975845337,
      -2.9242053031921387,
      -2.8200578689575195,
      -2.7159104347229004,
      -2.6117630004882812,
      -2.507615327835083,
      -2.403467893600464,
      -2.2993204593658447,
      -2.1951727867126465,
      -2.0910253524780273,
      -1.9868779182434082,
      -1.8827303647994995,
      -1.7785829305648804,
      -1.6744353771209717,
      -1.5702879428863525,
      -1.4661403894424438,
      -1.3619928359985352,
      -1.257845401763916,
      -1.1536978483200073,
      -1.0495504140853882,
      -0.9454028606414795,
      -0.8412553668022156,
      -0.7371078729629517,
      -0.6329603791236877,
      -0.5288128852844238,
      -0.4246653914451599,
      -0.320517897605896,
      -0.2163703739643097,
      -0.11222288012504578,
      -0.008075378835201263,
      0.09607212245464325,
      0.20021963119506836,
      0.3043671250343323,
      0.4085146188735962,
      0.5126621127128601,
      0.616809606552124,
      0.7209571599960327,
      0.8251046538352966,
      0.9292521476745605,
      1.0333995819091797,
      1.1375471353530884,
      1.241694688796997,
      1.3458421230316162,
      1.449989676475525,
      1.554137110710144,
      1.6582846641540527,
      1.7624320983886719,
      1.8665796518325806,
      1.9707272052764893,
      2.0748746395111084,
      2.1790220737457275,
      2.283169746398926,
      2.387317180633545,
      2.491464614868164,
      2.595612049102783,
      2.6997597217559814,
      2.8039071559906006,
      2.9080545902252197,
      3.012202262878418,
      3.116349697113037,
      3.2204971313476562,
      3.3246445655822754,
      3.4287922382354736,
      3.5329396724700928,
      3.637087106704712,
      3.74123477935791,
      3.8453822135925293,
      3.9495296478271484,
      4.053677082061768,
      4.157824516296387,
      4.261971950531006,
      4.366119861602783,
      4.470267295837402,
      4.5744147300720215,
      4.678562164306641,
      4.78270959854126,
      4.886857032775879,
      4.991004467010498,
      5.095152378082275,
      5.1992998123168945,
      5.303447246551514,
      5.407594680786133,
      5.511742115020752,
      5.615889549255371,
      5.72003698348999,
      5.824184894561768,
      5.928332328796387,
      6.032479763031006,
      6.136627197265625
    ]
  }
}